ln,resno,resstreet,name,mailaddr,mailcity,mailstate,mailzip,resno,resdir,resstreet,ressuffic,restype,resunitd,resunitno,rescity,resstate,reszip,age,gender,muni,house,precinct,school,party,race,status
ACUFF,103,"HOGAN RIDGE","ACUFF, ELIZABETH LINEBERGER","103 HOGAN RIDGE CT","CHAPEL HILL",NC,27516,103,"","HOGAN RIDGE","",CT,"","","CHAPEL HILL",NC,27516,54,FEMALE,CARRBORO,"50TH HOUSE","HOGAN FARMS","CHAPEL HILL",REPUBLICAN,WHITE,ACTIVE
ACUFF,103,"HOGAN RIDGE","ACUFF, MARK DOUGLAS","103 HOGAN RIDGE CT","CHAPEL HILL",NC,27516,103,"","HOGAN RIDGE","",CT,"","","CHAPEL HILL",NC,27516,54,MALE,CARRBORO,"50TH HOUSE","HOGAN FARMS","CHAPEL HILL",REPUBLICAN,WHITE,ACTIVE
ADLER,1900,HAWICK,"ADLER, DEBORAH BOOTH","1900 N HAWICK CT","CHAPEL HILL",NC,27516,1900,N,HAWICK,"",CT,"","","CHAPEL HILL",NC,27516,36,FEMALE,CARRBORO,"50TH HOUSE","HOGAN FARMS","CHAPEL HILL",DEMOCRATIC,WHITE,ACTIVE
ADLER,1900,HAWICK,"ADLER, MICHAEL BENTLEY","1900 N HAWICK CT","CHAPEL HILL",NC,27516,1900,N,HAWICK,"",CT,"","","CHAPEL HILL",NC,27516,36,MALE,CARRBORO,"50TH HOUSE","HOGAN FARMS","CHAPEL HILL",UNAFFILIATED,WHITE,ACTIVE
AIKAT,1000,CAMDEN,"AIKAT, DEBASHIS","1000 CAMDEN LN","CHAPEL HILL",NC,27516,1000,"",CAMDEN,"",LN,"","","CHAPEL HILL",NC,27516,43,MALE,CARRBORO,"50TH HOUSE","HOGAN FARMS","CHAPEL HILL",UNAFFILIATED,ASIAN,ACTIVE
AIKAT,1000,CAMDEN,"AIKAT, JAYASHREE","1000 CAMDEN LN","CHAPEL HILL",NC,27516,1000,"",CAMDEN,"",LN,"","","CHAPEL HILL",NC,27516,37,FEMALE,CARRBORO,"50TH HOUSE","HOGAN FARMS","CHAPEL HILL",UNAFFILIATED,ASIAN,ACTIVE
AJMANI,205,WYNDHAM,"AJMANI, AJAY","205 WYNDHAM DR","CHAPEL HILL",NC,27516,205,"",WYNDHAM,"",DR,"","","CHAPEL HILL",NC,27516,49,MALE,CARRBORO,"56TH HOUSE","NORTH CARRBORO","CHAPEL HILL",DEMOCRATIC,ASIAN,ACTIVE
AJMANI,205,WYNDHAM,"AJMANI, POONAM S","205 WYNDHAM DR","CHAPEL HILL",NC,27516,205,"",WYNDHAM,"",DR,"","","CHAPEL HILL",NC,27516,42,FEMALE,CARRBORO,"56TH HOUSE","NORTH CARRBORO","CHAPEL HILL",DEMOCRATIC,OTHER,ACTIVE
ALEXANDER,403,"HOGAN WOODS","ALEXANDER, DAVID BENJAMIN","403 HOGAN WOODS CIR","CHAPEL HILL",NC,27516,403,"","HOGAN WOODS","",CIR,"","","CHAPEL HILL",NC,27516,44,MALE,CARRBORO,"50TH HOUSE","HOGAN FARMS","CHAPEL HILL",UNAFFILIATED,WHITE,ACTIVE
ALEXANDER,403,"HOGAN WOODS","ALEXANDER, LORRAINE KATHLEEN","403 HOGAN WOODS CIR","CHAPEL HILL",NC,27516,403,"","HOGAN WOODS","",CIR,"","","CHAPEL HILL",NC,27516,49,FEMALE,CARRBORO,"50TH HOUSE","HOGAN FARMS","CHAPEL HILL",DEMOCRATIC,WHITE,ACTIVE
ALLEN,8217,HUNTSMAN,"ALLEN, GREGORY WILLIAM","8217 HUNTSMAN CT","CHAPEL HILL",NC,27516,8217,"",HUNTSMAN,"",CT,"","","CHAPEL HILL",NC,27516,50,MALE,CARRBORO,"50TH HOUSE","HOGAN FARMS","CHAPEL HILL",DEMOCRATIC,WHITE,ACTIVE
ALLEN,8217,HUNTSMAN,"ALLEN, SUZANNE NICOLE","8217 HUNTSMAN CT","CHAPEL HILL",NC,27516,8217,"",HUNTSMAN,"",CT,"","","CHAPEL HILL",NC,27516,47,FEMALE,CARRBORO,"50TH HOUSE","HOGAN FARMS","CHAPEL HILL",DEMOCRATIC,WHITE,ACTIVE
ALLORE,108,COBBLESTONE,"ALLORE, ELISABETH HOBGOOD","108 COBBLESTONE DR","CHAPEL HILL",NC,27516,108,"",COBBLESTONE,"",DR,"","","CHAPEL HILL",NC,27516,37,FEMALE,CARRBORO,"56TH HOUSE","NORTH CARRBORO","CHAPEL HILL",DEMOCRATIC,WHITE,ACTIVE
ALLORE,108,COBBLESTONE,"ALLORE, JOHN JOSEPH","108 COBBLESTONE DR","CHAPEL HILL",NC,27516,108,"",COBBLESTONE,"",DR,"","","CHAPEL HILL",NC,27516,43,MALE,CARRBORO,"56TH HOUSE","NORTH CARRBORO","CHAPEL HILL",UNAFFILIATED,WHITE,ACTIVE
ALTHOUSE,205,"HOGAN WOODS","ALTHOUSE, DANIEL JON","205 HOGAN WOODS CIR","CHAPEL HILL",NC,27516,205,"","HOGAN WOODS","",CIR,"","","CHAPEL HILL",NC,27516,40,MALE,CARRBORO,"50TH HOUSE","HOGAN FARMS","CHAPEL HILL",UNAFFILIATED,WHITE,ACTIVE
ALTHOUSE,205,"HOGAN WOODS","ALTHOUSE, LINDA AKEL","205 HOGAN WOODS CIR","CHAPEL HILL",NC,27516,205,"","HOGAN WOODS","",CIR,"","","CHAPEL HILL",NC,27516,41,FEMALE,CARRBORO,"50TH HOUSE","HOGAN FARMS","CHAPEL HILL",DEMOCRATIC,WHITE,ACTIVE
ALTMAN,1009,BRENDAN,"ALTMAN, KARI GRANDA","1009 BRENDAN CT","CHAPEL HILL",NC,27516,1009,"",BRENDAN,"",CT,"","","CHAPEL HILL",NC,27516,50,FEMALE,CARRBORO,"50TH HOUSE","HOGAN FARMS","CHAPEL HILL",UNAFFILIATED,WHITE,ACTIVE
ALTMAN,1009,BRENDAN,"ALTMAN, PAUL L","1009 BRENDAN CT","CHAPEL HILL",NC,27516,1009,"",BRENDAN,"",CT,"","","CHAPEL HILL",NC,27516,55,MALE,CARRBORO,"50TH HOUSE","HOGAN FARMS","CHAPEL HILL",REPUBLICAN,WHITE,ACTIVE
ALZONA,102,SUFFOLK,"ALZONA, LIZABETH SCOMA","102 SUFFOLK PL","CHAPEL HILL",NC,27516,102,"",SUFFOLK,"",PL,"","","CHAPEL HILL",NC,27516,40,FEMALE,CARRBORO,"56TH HOUSE","NORTH CARRBORO","CHAPEL HILL",DEMOCRATIC,WHITE,ACTIVE
ALZONA,102,SUFFOLK,"ALZONA, MORTIMER THADDEUS","102 SUFFOLK PL","CHAPEL HILL",NC,27516,102,"",SUFFOLK,"",PL,"","","CHAPEL HILL",NC,27516,41,MALE,CARRBORO,"56TH HOUSE","NORTH CARRBORO","CHAPEL HILL",UNAFFILIATED,WHITE,ACTIVE
AMES,100,WINSOME,"AMES, BEVERLY ANN-KLINE","100 WINSOME LN","CHAPEL HILL",NC,27516,100,"",WINSOME,"",LN,"","","CHAPEL HILL",NC,27516,47,FEMALE,CARRBORO,"56TH HOUSE",CARRBORO,"CHAPEL HILL",REPUBLICAN,WHITE,ACTIVE
AMES,100,WINSOME,"AMES, JOHN CAHILL","100 WINSOME LN","CHAPEL HILL",NC,27516,100,"",WINSOME,"",LN,"","","CHAPEL HILL",NC,27516,48,MALE,CARRBORO,"56TH HOUSE",CARRBORO,"CHAPEL HILL",REPUBLICAN,WHITE,ACTIVE
AMMONS,103,"BAY VIEW","AMMONS, CYNTHIA RHEA","103 BAY VIEW DR","CHAPEL HILL",NC,27516,103,"","BAY VIEW","",DR,"","","CHAPEL HILL",NC,27516,55,FEMALE,CARRBORO,"50TH HOUSE","HOGAN FARMS","CHAPEL HILL",UNAFFILIATED,WHITE,ACTIVE
ANDERSON,300,AUTUMN,"ANDERSON, ALICE SHEPARD","300 AUTUMN DR","CHAPEL HILL",NC,27516,300,"",AUTUMN,"",DR,"","","CHAPEL HILL",NC,27516,46,FEMALE,CARRBORO,"56TH HOUSE","NORTH CARRBORO","CHAPEL HILL",DEMOCRATIC,WHITE,ACTIVE
ANDERSON,300,AUTUMN,"ANDERSON, JAMES HAMPTON","300 AUTUMN DR","CHAPEL HILL",NC,27516,300,"",AUTUMN,"",DR,"","","CHAPEL HILL",NC,27516,46,MALE,CARRBORO,"56TH HOUSE","NORTH CARRBORO","CHAPEL HILL",DEMOCRATIC,WHITE,ACTIVE
ANDERSON,113,"HOGAN WOODS","ANDERSON, JOHN PRESCOTT","113 HOGAN WOODS CIR","CHAPEL HILL",NC,27516,113,"","HOGAN WOODS","",CIR,"","","CHAPEL HILL",NC,27516,47,MALE,CARRBORO,"50TH HOUSE","HOGAN FARMS","CHAPEL HILL",UNAFFILIATED,WHITE,ACTIVE
ANDERSON,203,"OAK GLEN","ANDERSON, KATHLEEN LECUS","203 OAK GLEN PL","CHAPEL HILL",NC,27516,203,"","OAK GLEN","",PL,"","","CHAPEL HILL",NC,27516,55,FEMALE,CARRBORO,"56TH HOUSE","NORTH CARRBORO","CHAPEL HILL",UNAFFILIATED,WHITE,ACTIVE
ANDERSON,113,"HOGAN WOODS","ANDERSON, LEIGH GIBSON","113 HOGAN WOODS CIR","CHAPEL HILL",NC,27516,113,"","HOGAN WOODS","",CIR,"","","CHAPEL HILL",NC,27516,47,FEMALE,CARRBORO,"50TH HOUSE","HOGAN FARMS","CHAPEL HILL",UNAFFILIATED,WHITE,ACTIVE
ANDERSON,203,"OAK GLEN","ANDERSON, ROBERT CROTHERS","203 OAK GLEN PL","CHAPEL HILL",NC,27516,203,"","OAK GLEN","",PL,"","","CHAPEL HILL",NC,27516,52,MALE,CARRBORO,"56TH HOUSE","NORTH CARRBORO","CHAPEL HILL",UNAFFILIATED,WHITE,ACTIVE
ANDRES,222,"LAKE MANOR","ANDRES, AMY LYNN","222 LAKE MANOR RD","CHAPEL HILL",NC,27516,222,"","LAKE MANOR","",RD,"","","CHAPEL HILL",NC,27516,42,FEMALE,CARRBORO,"50TH HOUSE","HOGAN FARMS","CHAPEL HILL",REPUBLICAN,WHITE,ACTIVE
ANDRES,222,"LAKE MANOR","ANDRES, JOHN JOSEPH","222 LAKE MANOR RD","CHAPEL HILL",NC,27516,222,"","LAKE MANOR","",RD,"","","CHAPEL HILL",NC,27516,41,MALE,CARRBORO,"50TH HOUSE","HOGAN FARMS","CHAPEL HILL",REPUBLICAN,WHITE,ACTIVE
ARENA,113,SUDBURY,"ARENA, CHRISTOPHER SCOTT","113 SUDBURY LN","CHAPEL HILL",NC,27516,113,"",SUDBURY,"",LN,"","","CHAPEL HILL",NC,27516,48,MALE,CARRBORO,"56TH HOUSE","NORTH CARRBORO","CHAPEL HILL",REPUBLICAN,WHITE,ACTIVE
ARENA,113,SUDBURY,"ARENA, DEBRA RICHARDSON","113 SUDBURY LN","CHAPEL HILL",NC,27516,113,"",SUDBURY,"",LN,"","","CHAPEL HILL",NC,27516,48,FEMALE,CARRBORO,"56TH HOUSE","NORTH CARRBORO","CHAPEL HILL",REPUBLICAN,WHITE,ACTIVE
AYCOCK,301,TRAMORE,"AYCOCK, CLAIBORNE BENSON JR","301 TRAMORE DR","CHAPEL HILL",NC,27516,301,"",TRAMORE,"",DR,"","","CHAPEL HILL",NC,27516,52,MALE,CARRBORO,"56TH HOUSE","NORTH CARRBORO","CHAPEL HILL",DEMOCRATIC,WHITE,ACTIVE
AYCOCK,301,TRAMORE,"AYCOCK, DEBRA GROSHANS","301 TRAMORE DR","CHAPEL HILL",NC,27516,301,"",TRAMORE,"",DR,"","","CHAPEL HILL",NC,27516,50,FEMALE,CARRBORO,"56TH HOUSE","NORTH CARRBORO","CHAPEL HILL",DEMOCRATIC,WHITE,ACTIVE
BABCOCK,305,TRAMORE,"BABCOCK, BROOKS R","305 TRAMORE DR","CHAPEL HILL",NC,27516,305,"",TRAMORE,"",DR,"","","CHAPEL HILL",NC,27516,44,MALE,CARRBORO,"56TH HOUSE","NORTH CARRBORO","CHAPEL HILL",REPUBLICAN,WHITE,ACTIVE
BABCOCK,305,TRAMORE,"BABCOCK, NANCY TETTERTON","305 TRAMORE DR","CHAPEL HILL",NC,27516,305,"",TRAMORE,"",DR,"","","CHAPEL HILL",NC,27516,44,FEMALE,CARRBORO,"56TH HOUSE","NORTH CARRBORO","CHAPEL HILL",DEMOCRATIC,WHITE,ACTIVE
BACKUS,1415,HOMESTEAD,"BACKUS, DAVID LEWIS","1415 HOMESTEAD RD","CHAPEL HILL",NC,27516,1415,"",HOMESTEAD,"",RD,"","","CHAPEL HILL",NC,27516,42,MALE,CARRBORO,"56TH HOUSE","NORTH CARRBORO","CHAPEL HILL",REPUBLICAN,WHITE,ACTIVE
BACKUS,1415,HOMESTEAD,"BACKUS, DIANA DANIEL","1415 HOMESTEAD RD","CHAPEL HILL",NC,27516,1415,"",HOMESTEAD,"",RD,"","","CHAPEL HILL",NC,27516,44,FEMALE,CARRBORO,"56TH HOUSE","NORTH CARRBORO","CHAPEL HILL",REPUBLICAN,WHITE,ACTIVE
BAKER,107,RICHLAND,"BAKER, ANGELINE DELORIS","107 RICHLAND CT","CHAPEL HILL",NC,27516,107,"",RICHLAND,"",CT,"","","CHAPEL HILL",NC,27516,47,FEMALE,CARRBORO,"56TH HOUSE","NORTH CARRBORO","CHAPEL HILL",DEMOCRATIC,"BLACK or AFRICAN AMERICAN",ACTIVE
BAKER,107,RICHLAND,"BAKER, MARCILLIUS TYRONE","107 RICHLAND CT","CHAPEL HILL",NC,27516,107,"",RICHLAND,"",CT,"","","CHAPEL HILL",NC,27516,41,MALE,CARRBORO,"56TH HOUSE","NORTH CARRBORO","CHAPEL HILL",DEMOCRATIC,"BLACK or AFRICAN AMERICAN",ACTIVE
BAKER,106,WYNDHAM,"BAKER, REBECCA JANE","106 WYNDHAM DR","CHAPEL HILL",NC,27516,106,"",WYNDHAM,"",DR,"","","CHAPEL HILL",NC,27516,53,FEMALE,CARRBORO,"56TH HOUSE","NORTH CARRBORO","CHAPEL HILL",UNAFFILIATED,WHITE,ACTIVE
BAKER,106,WYNDHAM,"BAKER, ROBERT CHARLES","106 WYNDHAM DR","CHAPEL HILL",NC,27516,106,"",WYNDHAM,"",DR,"","","CHAPEL HILL",NC,27516,51,MALE,CARRBORO,"56TH HOUSE","NORTH CARRBORO","CHAPEL HILL",REPUBLICAN,WHITE,ACTIVE
BALDERSON,109,"NORTH FIELDS","BALDERSON, CHRISTINA KARSERAS","109 NORTH FIELDS CIR","CHAPEL HILL",NC,27516,109,"","NORTH FIELDS","",CIR,"","","CHAPEL HILL",NC,27516,37,FEMALE,CARRBORO,"50TH HOUSE","HOGAN FARMS","CHAPEL HILL",REPUBLICAN,WHITE,ACTIVE
BALDERSON,109,"NORTH FIELDS","BALDERSON, STAFFORD","109 NORTH FIELDS CIR","CHAPEL HILL",NC,27516,109,"","NORTH FIELDS","",CIR,"","","CHAPEL HILL",NC,27516,41,MALE,CARRBORO,"50TH HOUSE","HOGAN FARMS","CHAPEL HILL",UNAFFILIATED,WHITE,ACTIVE
BALTER,407,ROSSBURN,"BALTER, JANE MCNEILL","407 ROSSBURN WAY","CHAPEL HILL",NC,27516,407,"",ROSSBURN,"",WAY,"","","CHAPEL HILL",NC,27516,41,FEMALE,CARRBORO,"54TH HOUSE",DAMASCUS,"CHAPEL HILL",DEMOCRATIC,WHITE,ACTIVE
BALTER,407,ROSSBURN,"BALTER, YOEL H","407 ROSSBURN WAY","CHAPEL HILL",NC,27516,407,"",ROSSBURN,"",WAY,"","","CHAPEL HILL",NC,27516,41,MALE,CARRBORO,"54TH HOUSE",DAMASCUS,"CHAPEL HILL",DEMOCRATIC,WHITE,ACTIVE
BARD,206,COBBLESTONE,"BARD, LESLIE W","206 COBBLESTONE DR","CHAPEL HILL",NC,27516,206,"",COBBLESTONE,"",DR,"","","CHAPEL HILL",NC,27516,45,FEMALE,CARRBORO,"56TH HOUSE","NORTH CARRBORO","CHAPEL HILL",UNAFFILIATED,WHITE,ACTIVE
BARD,206,COBBLESTONE,"BARD, RICHARD WILLIAM","206 COBBLESTONE DR","CHAPEL HILL",NC,27516,206,"",COBBLESTONE,"",DR,"","","CHAPEL HILL",NC,27516,50,MALE,CARRBORO,"56TH HOUSE","NORTH CARRBORO","CHAPEL HILL",REPUBLICAN,WHITE,ACTIVE
BARINGTANG,126,COBBLESTONE,"BARINGTANG, ANDY C","126 COBBLESTONE DR","CHAPEL HILL",NC,27516,126,"",COBBLESTONE,"",DR,"","","CHAPEL HILL",NC,27516,49,MALE,CARRBORO,"56TH HOUSE","NORTH CARRBORO","CHAPEL HILL",UNAFFILIATED,OTHER,ACTIVE
BARINGTANG,126,COBBLESTONE,"BARINGTANG, DEBRA C","126 COBBLESTONE DR","CHAPEL HILL",NC,27516,126,"",COBBLESTONE,"",DR,"","","CHAPEL HILL",NC,27516,52,FEMALE,CARRBORO,"56TH HOUSE","NORTH CARRBORO","CHAPEL HILL",UNAFFILIATED,WHITE,ACTIVE
BARKER,116,"SHADOW RIDGE","BARKER, KIRSTEN JOHNSTON","116 SHADOW RIDGE PL","CHAPEL HILL",NC,27516,116,"","SHADOW RIDGE","",PL,"","","CHAPEL HILL",NC,27516,36,FEMALE,CARRBORO,"50TH HOUSE","HOGAN FARMS","CHAPEL HILL",UNAFFILIATED,WHITE,ACTIVE
BARKER,116,"SHADOW RIDGE","BARKER, PIERS CHRISTOPHER","116 SHADOW RIDGE PL","CHAPEL HILL",NC,27516,116,"","SHADOW RIDGE","",PL,"","","CHAPEL HILL",NC,27516,37,MALE,CARRBORO,"50TH HOUSE","HOGAN FARMS","CHAPEL HILL",UNAFFILIATED,WHITE,ACTIVE
BARRON,910,TALLYHO,"BARRON, JOHN LEO","910 TALLYHO TRL","CHAPEL HILL",NC,27516,910,"",TALLYHO,"",TRL,"","","CHAPEL HILL",NC,27516,46,MALE,CARRBORO,"50TH HOUSE","HOGAN FARMS","CHAPEL HILL",DEMOCRATIC,WHITE,ACTIVE
BARRON,910,TALLYHO,"BARRON, PATRICIA M","910 TALLYHO TRL","CHAPEL HILL",NC,27516,910,"",TALLYHO,"",TRL,"","","CHAPEL HILL",NC,27516,48,FEMALE,CARRBORO,"50TH HOUSE","HOGAN FARMS","CHAPEL HILL",DEMOCRATIC,WHITE,ACTIVE
BARTH,607,"LAKE HOGAN FARM","BARTH, GLENN HOWARD","607 LAKE HOGAN FARM RD","CHAPEL HILL",NC,27516,607,"","LAKE HOGAN FARM","",RD,"","","CHAPEL HILL",NC,27516,48,MALE,CARRBORO,"50TH HOUSE","HOGAN FARMS","CHAPEL HILL",REPUBLICAN,WHITE,ACTIVE
BARTH,607,"LAKE HOGAN FARM","BARTH, PATRICIA JEAN","607 LAKE HOGAN FARM RD","CHAPEL HILL",NC,27516,607,"","LAKE HOGAN FARM","",RD,"","","CHAPEL HILL",NC,27516,47,FEMALE,CARRBORO,"50TH HOUSE","HOGAN FARMS","CHAPEL HILL",REPUBLICAN,WHITE,ACTIVE
BARTON,218,STRATFORD,"BARTON, MATTHEW ERLING","218 STRATFORD DR","CHAPEL HILL",NC,27516,218,"",STRATFORD,"",DR,"","","CHAPEL HILL",NC,27516,51,MALE,CARRBORO,"56TH HOUSE","NORTH CARRBORO","CHAPEL HILL",DEMOCRATIC,WHITE,ACTIVE
BARTON,218,STRATFORD,"BARTON, MAYA RAO","218 STRATFORD DR","CHAPEL HILL",NC,27516,218,"",STRATFORD,"",DR,"","","CHAPEL HILL",NC,27516,51,FEMALE,CARRBORO,"56TH HOUSE","NORTH CARRBORO","CHAPEL HILL",DEMOCRATIC,OTHER,ACTIVE
BASNIGHT,204,COBBLESTONE,"BASNIGHT, JANIS SMITH","204 COBBLESTONE DR","CHAPEL HILL",NC,27516,204,"",COBBLESTONE,"",DR,"","","CHAPEL HILL",NC,27516,53,FEMALE,CARRBORO,"56TH HOUSE","NORTH CARRBORO","CHAPEL HILL",DEMOCRATIC,WHITE,ACTIVE
BASNIGHT,204,COBBLESTONE,"BASNIGHT, JESSE SYKES JR","204 COBBLESTONE DR","CHAPEL HILL",NC,27516,204,"",COBBLESTONE,"",DR,"","","CHAPEL HILL",NC,27516,52,MALE,CARRBORO,"56TH HOUSE","NORTH CARRBORO","CHAPEL HILL",REPUBLICAN,WHITE,ACTIVE
BASWELL,102,WRENN,"BASWELL, ABEGAIL WASHBURN","102 WRENN PL","CHAPEL HILL",NC,27516,102,"",WRENN,"",PL,"","","CHAPEL HILL",NC,27516,47,FEMALE,CARRBORO,"56TH HOUSE","NORTH CARRBORO","CHAPEL HILL",DEMOCRATIC,WHITE,ACTIVE
BASWELL,102,WRENN,"BASWELL, PHILLIP LAMAR","102 WRENN PL","CHAPEL HILL",NC,27516,102,"",WRENN,"",PL,"","","CHAPEL HILL",NC,27516,48,MALE,CARRBORO,"56TH HOUSE","NORTH CARRBORO","CHAPEL HILL",UNAFFILIATED,WHITE,ACTIVE
BEARD,113,"SHADOW RIDGE","BEARD, CLAYTON WALTER","113 SHADOW RIDGE PL","CHAPEL HILL",NC,27516,113,"","SHADOW RIDGE","",PL,"","","CHAPEL HILL",NC,27516,42,MALE,CARRBORO,"50TH HOUSE","HOGAN FARMS","CHAPEL HILL",DEMOCRATIC,WHITE,ACTIVE
BEARD,113,"SHADOW RIDGE","BEARD, KAIJA LEWIS","113 SHADOW RIDGE PL","CHAPEL HILL",NC,27516,113,"","SHADOW RIDGE","",PL,"","","CHAPEL HILL",NC,27516,39,FEMALE,CARRBORO,"50TH HOUSE","HOGAN FARMS","CHAPEL HILL",DEMOCRATIC,WHITE,ACTIVE
BEDDINGFIELD,107,"HOGAN WOODS","BEDDINGFIELD, DEBORAH HINSON","107 HOGAN WOODS CIR","CHAPEL HILL",NC,27516,107,"","HOGAN WOODS","",CIR,"","","CHAPEL HILL",NC,27516,44,FEMALE,CARRBORO,"50TH HOUSE","HOGAN FARMS","CHAPEL HILL",UNAFFILIATED,WHITE,ACTIVE
BEDDINGFIELD,107,"HOGAN WOODS","BEDDINGFIELD, RICHARD SCOTT","107 HOGAN WOODS CIR","CHAPEL HILL",NC,27516,107,"","HOGAN WOODS","",CIR,"","","CHAPEL HILL",NC,27516,47,MALE,CARRBORO,"50TH HOUSE","HOGAN FARMS","CHAPEL HILL",DEMOCRATIC,WHITE,ACTIVE
BEETHAM,101,SUFFOLK,"BEETHAM, JODI","101 SUFFOLK PL","CHAPEL HILL",NC,27516,101,"",SUFFOLK,"",PL,"","","CHAPEL HILL",NC,27516,40,FEMALE,CARRBORO,"56TH HOUSE","NORTH CARRBORO","CHAPEL HILL",DEMOCRATIC,WHITE,ACTIVE
BEETHAM,101,SUFFOLK,"BEETHAM, MICHAEL","101 SUFFOLK PL","CHAPEL HILL",NC,27516,101,"",SUFFOLK,"",PL,"","","CHAPEL HILL",NC,27516,45,MALE,CARRBORO,"56TH HOUSE","NORTH CARRBORO","CHAPEL HILL",DEMOCRATIC,WHITE,ACTIVE
BELL,900,HILLSBOROUGH,"BELL, HISANO","900 HILLSBOROUGH RD   #B","CHAPEL HILL",NC,27516,900,"",HILLSBOROUGH,"",RD,"",B,"CHAPEL HILL",NC,27516,55,FEMALE,CARRBORO,"56TH HOUSE","NORTH CARRBORO","CHAPEL HILL",UNAFFILIATED,OTHER,ACTIVE
BENEDICT,128,COBBLESTONE,"BENEDICT, JODY STEDMAN","128 COBBLESTONE DR","CHAPEL HILL",NC,27516,128,"",COBBLESTONE,"",DR,"","","CHAPEL HILL",NC,27516,48,FEMALE,CARRBORO,"56TH HOUSE","NORTH CARRBORO","CHAPEL HILL",DEMOCRATIC,WHITE,ACTIVE
BENEDICT,128,COBBLESTONE,"BENEDICT, KENNETH B","128 COBBLESTONE DR","CHAPEL HILL",NC,27516,128,"",COBBLESTONE,"",DR,"","","CHAPEL HILL",NC,27516,44,MALE,CARRBORO,"56TH HOUSE","NORTH CARRBORO","CHAPEL HILL",UNAFFILIATED,WHITE,ACTIVE
BERGER,216,"LAKE MANOR","BERGER, ELLIOTT TODD","216 LAKE MANOR RD","CHAPEL HILL",NC,27516,216,"","LAKE MANOR","",RD,"","","CHAPEL HILL",NC,27516,55,MALE,CARRBORO,"50TH HOUSE","HOGAN FARMS","CHAPEL HILL",DEMOCRATIC,WHITE,ACTIVE
BERGER,216,"LAKE MANOR","BERGER, ELLYNN","216 LAKE MANOR RD","CHAPEL HILL",NC,27516,216,"","LAKE MANOR","",RD,"","","CHAPEL HILL",NC,27516,52,FEMALE,CARRBORO,"50TH HOUSE","HOGAN FARMS","CHAPEL HILL",UNAFFILIATED,WHITE,ACTIVE
BERLINER,117,"JONES CREEK","BERLINER, JUEL RUBIN","117 JONES CREEK PL","CHAPEL HILL",NC,27516,117,"","JONES CREEK","",PL,"","","CHAPEL HILL",NC,27516,54,FEMALE,CARRBORO,"50TH HOUSE","HOGAN FARMS","CHAPEL HILL",DEMOCRATIC,WHITE,ACTIVE
BERLINER,117,"JONES CREEK","BERLINER, MICHAEL PAUL","117 JONES CREEK PL","CHAPEL HILL",NC,27516,117,"","JONES CREEK","",PL,"","","CHAPEL HILL",NC,27516,48,MALE,CARRBORO,"50TH HOUSE","HOGAN FARMS","CHAPEL HILL",DEMOCRATIC,WHITE,ACTIVE
BERNIER,111,"LAKE RIDGE","BERNIER, GARY STEPHEN","111 LAKE RIDGE PL","CHAPEL HILL",NC,27516,111,"","LAKE RIDGE","",PL,"","","CHAPEL HILL",NC,27516,43,MALE,CARRBORO,"50TH HOUSE","HOGAN FARMS","CHAPEL HILL",UNAFFILIATED,WHITE,ACTIVE
BERNIER,111,"LAKE RIDGE","BERNIER, JULIE LYNN","111 LAKE RIDGE PL","CHAPEL HILL",NC,27516,111,"","LAKE RIDGE","",PL,"","","CHAPEL HILL",NC,27516,44,FEMALE,CARRBORO,"50TH HOUSE","HOGAN FARMS","CHAPEL HILL",DEMOCRATIC,WHITE,ACTIVE
BERNSTEIN,1001,CAMDEN,"BERNSTEIN, BARRY AARON","1001 CAMDEN LN","CHAPEL HILL",NC,27516,1001,"",CAMDEN,"",LN,"","","CHAPEL HILL",NC,27516,50,MALE,CARRBORO,"50TH HOUSE","HOGAN FARMS","CHAPEL HILL",REPUBLICAN,WHITE,ACTIVE
BERNSTEIN,1001,CAMDEN,"BERNSTEIN, DEBRA KAREN","1001 CAMDEN LN","CHAPEL HILL",NC,27516,1001,"",CAMDEN,"",LN,"","","CHAPEL HILL",NC,27516,44,FEMALE,CARRBORO,"50TH HOUSE","HOGAN FARMS","CHAPEL HILL",UNAFFILIATED,WHITE,ACTIVE
BETHEA,6001,"MEADOW RUN","BETHEA, JOHN HARDEE III","6001 MEADOW RUN CT","CHAPEL HILL",NC,27516,6001,"","MEADOW RUN","",CT,"","","CHAPEL HILL",NC,27516,37,MALE,CARRBORO,"50TH HOUSE","HOGAN FARMS","CHAPEL HILL",UNAFFILIATED,OTHER,ACTIVE
BETHEA,6001,"MEADOW RUN","BETHEA, VIRGINIA R","6001 MEADOW RUN CT","CHAPEL HILL",NC,27516,6001,"","MEADOW RUN","",CT,"","","CHAPEL HILL",NC,27516,41,FEMALE,CARRBORO,"50TH HOUSE","HOGAN FARMS","CHAPEL HILL",DEMOCRATIC,WHITE,ACTIVE
BILLMAN,2211,PATHWAY,"BILLMAN, KOREEN HERALD","104 NC HWY 54 BYPASS #R-335",CARRBORO,NC,27510,2211,"",PATHWAY,"",DR,"","","CHAPEL HILL",NC,27516,42,FEMALE,CARRBORO,"56TH HOUSE","NORTH CARRBORO","CHAPEL HILL",DEMOCRATIC,WHITE,ACTIVE
BILLMAN,2211,PATHWAY,"BILLMAN, THOMAS RICHARD","2211 PATHWAY DR","CHAPEL HILL",NC,27516,2211,"",PATHWAY,"",DR,"","","CHAPEL HILL",NC,27516,46,MALE,CARRBORO,"56TH HOUSE","NORTH CARRBORO","CHAPEL HILL",UNAFFILIATED,WHITE,ACTIVE
BIRD,110,"LAKE RIDGE","BIRD, JEFFREY JOHN","110 LAKE RIDGE PL","CHAPEL HILL",NC,27516,110,"","LAKE RIDGE","",PL,"","","CHAPEL HILL",NC,27516,40,MALE,CARRBORO,"50TH HOUSE","HOGAN FARMS","CHAPEL HILL",REPUBLICAN,WHITE,ACTIVE
BIRD,110,"LAKE RIDGE","BIRD, STACEY LYNNE","110 LAKE RIDGE PL","CHAPEL HILL",NC,27516,110,"","LAKE RIDGE","",PL,"","","CHAPEL HILL",NC,27516,39,FEMALE,CARRBORO,"50TH HOUSE","HOGAN FARMS","CHAPEL HILL",REPUBLICAN,WHITE,ACTIVE
BISHOP,104,COBBLESTONE,"BISHOP, DAVID LEROY","104 COBBLESTONE DR","CHAPEL HILL",NC,27516,104,"",COBBLESTONE,"",DR,"","","CHAPEL HILL",NC,27516,53,MALE,CARRBORO,"56TH HOUSE","NORTH CARRBORO","CHAPEL HILL",DEMOCRATIC,WHITE,ACTIVE
BISHOP,104,COBBLESTONE,"BISHOP, JEANNE R","104 COBBLESTONE DR","CHAPEL HILL",NC,27516,104,"",COBBLESTONE,"",DR,"","","CHAPEL HILL",NC,27516,52,FEMALE,CARRBORO,"56TH HOUSE","NORTH CARRBORO","CHAPEL HILL",DEMOCRATIC,WHITE,ACTIVE
BLACKBURN,105,COBBLESTONE,"BLACKBURN, ALEXANDER BOYD","105 COBBLESTONE PL","CHAPEL HILL",NC,27516,105,"",COBBLESTONE,"",PL,"","","CHAPEL HILL",NC,27516,43,MALE,CARRBORO,"56TH HOUSE","NORTH CARRBORO","CHAPEL HILL",DEMOCRATIC,WHITE,ACTIVE
BLACKBURN,105,COBBLESTONE,"BLACKBURN, ANDREA HOFFLAND","105 COBBLESTONE PL","CHAPEL HILL",NC,27516,105,"",COBBLESTONE,"",PL,"","","CHAPEL HILL",NC,27516,40,FEMALE,CARRBORO,"56TH HOUSE","NORTH CARRBORO","CHAPEL HILL",UNAFFILIATED,OTHER,ACTIVE
BLAU,1130,TALLYHO,"BLAU, PATRICIA SHERMAN","1130 TALLYHO TRL","CHAPEL HILL",NC,27516,1130,"",TALLYHO,"",TRL,"","","CHAPEL HILL",NC,27516,55,FEMALE,CARRBORO,"50TH HOUSE","HOGAN FARMS","CHAPEL HILL",DEMOCRATIC,WHITE,ACTIVE
BLOUIN,102,"LAKE MANOR","BLOUIN, MAUREEN DALY","102 LAKE MANOR RD","CHAPEL HILL",NC,27516,102,"","LAKE MANOR","",RD,"","","CHAPEL HILL",NC,27516,54,FEMALE,CARRBORO,"50TH HOUSE","HOGAN FARMS","CHAPEL HILL",DEMOCRATIC,WHITE,ACTIVE
BLOUIN,102,"LAKE MANOR","BLOUIN, ROBERT ALAN","102 LAKE MANOR RD","CHAPEL HILL",NC,27516,102,"","LAKE MANOR","",RD,"","","CHAPEL HILL",NC,27516,54,MALE,CARRBORO,"50TH HOUSE","HOGAN FARMS","CHAPEL HILL",UNAFFILIATED,WHITE,ACTIVE
BLUM,104,"SHADOW RIDGE","BLUM, DAVID ELIAS","104 SHADOW RIDGE PL","CHAPEL HILL",NC,27516,104,"","SHADOW RIDGE","",PL,"","","CHAPEL HILL",NC,27516,51,MALE,CARRBORO,"50TH HOUSE","HOGAN FARMS","CHAPEL HILL",DEMOCRATIC,WHITE,ACTIVE
BLUM,104,"SHADOW RIDGE","BLUM, EVE GRANACH","104 SHADOW RIDGE PL","CHAPEL HILL",NC,27516,104,"","SHADOW RIDGE","",PL,"","","CHAPEL HILL",NC,27516,53,FEMALE,CARRBORO,"50TH HOUSE","HOGAN FARMS","CHAPEL HILL",DEMOCRATIC,WHITE,ACTIVE
BOCANEGRA,202,COBBLESTONE,"BOCANEGRA, WANDA","202 COBBLESTONE DR","CHAPEL HILL",NC,27516,202,"",COBBLESTONE,"",DR,"","","CHAPEL HILL",NC,27516,47,FEMALE,CARRBORO,"56TH HOUSE","NORTH CARRBORO","CHAPEL HILL",DEMOCRATIC,WHITE,ACTIVE
BOEHME,221,STRATFORD,"BOEHME, MEG MICHAELSON","221 STRATFORD DR","CHAPEL HILL",NC,27516,221,"",STRATFORD,"",DR,"","","CHAPEL HILL",NC,27516,55,FEMALE,CARRBORO,"56TH HOUSE","NORTH CARRBORO","CHAPEL HILL",DEMOCRATIC,WHITE,ACTIVE
BOEHME,221,STRATFORD,"BOEHME, RICHARD EDWARD","221 STRATFORD DR","CHAPEL HILL",NC,27516,221,"",STRATFORD,"",DR,"","","CHAPEL HILL",NC,27516,54,MALE,CARRBORO,"56TH HOUSE","NORTH CARRBORO","CHAPEL HILL",DEMOCRATIC,WHITE,ACTIVE
BOERGER,311,ROSSBURN,"BOERGER, JILL SUSAN","311 ROSSBURN WAY","CHAPEL HILL",NC,27516,311,"",ROSSBURN,"",WAY,"","","CHAPEL HILL",NC,27516,52,FEMALE,CARRBORO,"54TH HOUSE",DAMASCUS,"CHAPEL HILL",REPUBLICAN,WHITE,ACTIVE
BOLON,106,"PAINTED TURTLE","BOLON, MEREDITH MOSKOW","106 PAINTED TURTLE LN","CHAPEL HILL",NC,27516,106,"","PAINTED TURTLE","",LN,"","","CHAPEL HILL",NC,27516,42,FEMALE,CARRBORO,"50TH HOUSE","HOGAN FARMS","CHAPEL HILL",UNAFFILIATED,WHITE,ACTIVE
BOLON,106,"PAINTED TURTLE","BOLON, TODD RICHARD","106 PAINTED TURTLE LN","CHAPEL HILL",NC,27516,106,"","PAINTED TURTLE","",LN,"","","CHAPEL HILL",NC,27516,41,MALE,CARRBORO,"50TH HOUSE","HOGAN FARMS","CHAPEL HILL",REPUBLICAN,WHITE,ACTIVE
BOMBA,309,"SUNSET CREEK","BOMBA, KATHLEEN M","309 SUNSET CREEK CIR","CHAPEL HILL",NC,27516,309,"","SUNSET CREEK","",CIR,"","","CHAPEL HILL",NC,27516,53,FEMALE,CARRBORO,"56TH HOUSE","NORTH CARRBORO","CHAPEL HILL",REPUBLICAN,WHITE,ACTIVE
BOMBA,309,"SUNSET CREEK","BOMBA, KEVIN L","309 SUNSET CREEK CIR","CHAPEL HILL",NC,27516,309,"","SUNSET CREEK","",CIR,"","","CHAPEL HILL",NC,27516,52,MALE,CARRBORO,"56TH HOUSE","NORTH CARRBORO","CHAPEL HILL",REPUBLICAN,WHITE,ACTIVE
BOULDIN,305,WYNDHAM,"BOULDIN, CHRISTOPHER JAMES","305 WYNDHAM DR","CHAPEL HILL",NC,27516,305,"",WYNDHAM,"",DR,"","","CHAPEL HILL",NC,27516,51,MALE,CARRBORO,"56TH HOUSE","NORTH CARRBORO","CHAPEL HILL",REPUBLICAN,WHITE,ACTIVE
BOULDIN,305,WYNDHAM,"BOULDIN, KORINA BORKO","305 WYNDHAM DR","CHAPEL HILL",NC,27516,305,"",WYNDHAM,"",DR,"","","CHAPEL HILL",NC,27516,51,FEMALE,CARRBORO,"56TH HOUSE","NORTH CARRBORO","CHAPEL HILL",UNAFFILIATED,WHITE,ACTIVE
BOWE,106,BUCKEYE,"BOWE, STEVEN J","106 BUCKEYE LN","CHAPEL HILL",NC,27516,106,"",BUCKEYE,"",LN,"","","CHAPEL HILL",NC,27516,47,MALE,CARRBORO,"56TH HOUSE","NORTH CARRBORO","CHAPEL HILL",REPUBLICAN,WHITE,ACTIVE
BOWE,106,BUCKEYE,"BOWE, TAMARA S","106 BUCKEYE LN","CHAPEL HILL",NC,27516,106,"",BUCKEYE,"",LN,"","","CHAPEL HILL",NC,27516,47,FEMALE,CARRBORO,"56TH HOUSE","NORTH CARRBORO","CHAPEL HILL",REPUBLICAN,WHITE,ACTIVE
BOZYMSKI,106,BRUTON,"BOZYMSKI, MARK EDWARD","106 BRUTON DR","CHAPEL HILL",NC,27516,106,"",BRUTON,"",DR,"","","CHAPEL HILL",NC,27516,46,MALE,CARRBORO,"56TH HOUSE","NORTH CARRBORO","CHAPEL HILL",UNAFFILIATED,WHITE,ACTIVE
BOZYMSKI,106,BRUTON,"BOZYMSKI, MARY HARTZOG","106 BRUTON DR","CHAPEL HILL",NC,27516,106,"",BRUTON,"",DR,"","","CHAPEL HILL",NC,27516,41,FEMALE,CARRBORO,"56TH HOUSE","NORTH CARRBORO","CHAPEL HILL",UNAFFILIATED,WHITE,ACTIVE
BRACKETT,105,MICHAELS,"BRACKETT, CAROLYN MARIE","105 MICHAELS WAY","CHAPEL HILL",NC,27516,105,"",MICHAELS,"",WAY,"","","CHAPEL HILL",NC,27516,48,FEMALE,CARRBORO,"56TH HOUSE","NORTH CARRBORO","CHAPEL HILL",REPUBLICAN,WHITE,ACTIVE
BRACKETT,105,MICHAELS,"BRACKETT, MARK R","105 MICHAELS WAY","CHAPEL HILL",NC,27516,105,"",MICHAELS,"",WAY,"","","CHAPEL HILL",NC,27516,50,MALE,CARRBORO,"56TH HOUSE","NORTH CARRBORO","CHAPEL HILL",REPUBLICAN,WHITE,ACTIVE
BRADFIELD,126,"SHADOW RIDGE","BRADFIELD, ALYSON LYNN","126 SHADOW RIDGE PL","CHAPEL HILL",NC,27516,126,"","SHADOW RIDGE","",PL,"","","CHAPEL HILL",NC,27516,47,FEMALE,CARRBORO,"50TH HOUSE","HOGAN FARMS","CHAPEL HILL",UNAFFILIATED,WHITE,ACTIVE
BRADFIELD,126,"SHADOW RIDGE","BRADFIELD, JOHN F","126 SHADOW RIDGE PL","CHAPEL HILL",NC,27516,126,"","SHADOW RIDGE","",PL,"","","CHAPEL HILL",NC,27516,49,MALE,CARRBORO,"50TH HOUSE","HOGAN FARMS","CHAPEL HILL",REPUBLICAN,WHITE,ACTIVE
BRANDEWIE,104,"PAINTED TURTLE","BRANDEWIE, JAMES AUGUST JR","104 PAINTED TURTLE LN","CHAPEL HILL",NC,27516,104,"","PAINTED TURTLE","",LN,"","","CHAPEL HILL",NC,27516,45,MALE,CARRBORO,"50TH HOUSE","HOGAN FARMS","CHAPEL HILL",UNAFFILIATED,WHITE,ACTIVE
BRANDEWIE,104,"PAINTED TURTLE","BRANDEWIE, KERRY ANN","104 PAINTED TURTLE LN","CHAPEL HILL",NC,27516,104,"","PAINTED TURTLE","",LN,"","","CHAPEL HILL",NC,27516,43,FEMALE,CARRBORO,"50TH HOUSE","HOGAN FARMS","CHAPEL HILL",DEMOCRATIC,WHITE,ACTIVE
BRESHEARS,107,"FARM HOUSE","BRESHEARS, CATHY M","107 FARM HOUSE DR","CHAPEL HILL",NC,27516,107,"","FARM HOUSE","",DR,"","","CHAPEL HILL",NC,27516,46,FEMALE,CARRBORO,"56TH HOUSE","NORTH CARRBORO","CHAPEL HILL",UNAFFILIATED,WHITE,ACTIVE
BRESHEARS,107,"FARM HOUSE","BRESHEARS, DEREK LEE","107 FARM HOUSE DR","CHAPEL HILL",NC,27516,107,"","FARM HOUSE","",DR,"","","CHAPEL HILL",NC,27516,43,MALE,CARRBORO,"56TH HOUSE","NORTH CARRBORO","CHAPEL HILL",REPUBLICAN,WHITE,ACTIVE
BREWS,2401,PATHWAY,"BREWS, JENNY LYNNE MAIER","2401 PATHWAY DR","CHAPEL HILL",NC,27516,2401,"",PATHWAY,"",DR,"","","CHAPEL HILL",NC,27516,47,FEMALE,CARRBORO,"56TH HOUSE","NORTH CARRBORO","CHAPEL HILL",UNAFFILIATED,WHITE,ACTIVE
BREWS,2401,PATHWAY,"BREWS, PETER JOHN","2401 PATHWAY DR","CHAPEL HILL",NC,27516,2401,"",PATHWAY,"",DR,"","","CHAPEL HILL",NC,27516,50,MALE,CARRBORO,"56TH HOUSE","NORTH CARRBORO","CHAPEL HILL",UNAFFILIATED,WHITE,ACTIVE
BRITTON,1002,STAFFIELD,"BRITTON, JULIE EDELL","1002 STAFFIELD LN","CHAPEL HILL",NC,27516,1002,"",STAFFIELD,"",LN,"","","CHAPEL HILL",NC,27516,55,FEMALE,CARRBORO,"50TH HOUSE","HOGAN FARMS","CHAPEL HILL",DEMOCRATIC,WHITE,ACTIVE
BRITTON,1002,STAFFIELD,"BRITTON, RONALD LEE","1002 STAFFIELD LN","CHAPEL HILL",NC,27516,1002,"",STAFFIELD,"",LN,"","","CHAPEL HILL",NC,27516,55,MALE,CARRBORO,"50TH HOUSE","HOGAN FARMS","CHAPEL HILL",DEMOCRATIC,WHITE,ACTIVE
BROWN,2214,PATHWAY,"BROWN, PATRICIA JOSEPHINE","2214 PATHWAY DR","CHAPEL HILL",NC,27516,2214,"",PATHWAY,"",DR,"","","CHAPEL HILL",NC,27516,49,FEMALE,CARRBORO,"56TH HOUSE","NORTH CARRBORO","CHAPEL HILL",DEMOCRATIC,WHITE,ACTIVE
BUCHMAN,505,"CATES FARM","BUCHMAN, CRAIG ALAN","505 CATES FARM RD","CHAPEL HILL",NC,27516,505,"","CATES FARM","",RD,"","","CHAPEL HILL",NC,27516,43,MALE,CARRBORO,"56TH HOUSE","NORTH CARRBORO","CHAPEL HILL",DEMOCRATIC,WHITE,ACTIVE
BUCHMAN,505,"CATES FARM","BUCHMAN, ELIZABETH BRODSKY","505 CATES FARM RD","CHAPEL HILL",NC,27516,505,"","CATES FARM","",RD,"","","CHAPEL HILL",NC,27516,42,FEMALE,CARRBORO,"56TH HOUSE","NORTH CARRBORO","CHAPEL HILL",DEMOCRATIC,WHITE,ACTIVE
BUCKNER,8100,HOUND,"BUCKNER, CAROLYN M","8100 N HOUND CT","CHAPEL HILL",NC,27516,8100,N,HOUND,"",CT,"","","CHAPEL HILL",NC,27516,37,FEMALE,CARRBORO,"50TH HOUSE","HOGAN FARMS","CHAPEL HILL",DEMOCRATIC,WHITE,ACTIVE
BUCKNER,8100,HOUND,"BUCKNER, CHARLES A","8100 N HOUND CT","CHAPEL HILL",NC,27516,8100,N,HOUND,"",CT,"","","CHAPEL HILL",NC,27516,50,MALE,CARRBORO,"50TH HOUSE","HOGAN FARMS","CHAPEL HILL",UNAFFILIATED,WHITE,ACTIVE
BUEHLER,802,HILLSBOROUGH,"BUEHLER, CARL ANSON","802 HILLSBOROUGH RD   #B","CHAPEL HILL",NC,27516,802,"",HILLSBOROUGH,"",RD,"",B,"CHAPEL HILL",NC,27516,45,MALE,CARRBORO,"56TH HOUSE","NORTH CARRBORO","CHAPEL HILL",DEMOCRATIC,WHITE,ACTIVE
BUEHLER,802,HILLSBOROUGH,"BUEHLER, PATRICIA HANZAL","802 HILLSBOROUGH RD   #B","CHAPEL HILL",NC,27516,802,"",HILLSBOROUGH,"",RD,"",B,"CHAPEL HILL",NC,27516,47,FEMALE,CARRBORO,"56TH HOUSE","NORTH CARRBORO","CHAPEL HILL",DEMOCRATIC,WHITE,ACTIVE
BURDA,119,"LAKE HOGAN FARM","BURDA, BARBARA JO","119 LAKE HOGAN FARM RD","CHAPEL HILL",NC,27516,119,"","LAKE HOGAN FARM","",RD,"","","CHAPEL HILL",NC,27516,55,FEMALE,CARRBORO,"50TH HOUSE","HOGAN FARMS","CHAPEL HILL",UNAFFILIATED,WHITE,ACTIVE
BURDA,119,"LAKE HOGAN FARM","BURDA, MICHAEL JON","119 LAKE HOGAN FARM RD","CHAPEL HILL",NC,27516,119,"","LAKE HOGAN FARM","",RD,"","","CHAPEL HILL",NC,27516,53,MALE,CARRBORO,"50TH HOUSE","HOGAN FARMS","CHAPEL HILL",REPUBLICAN,WHITE,ACTIVE
BURGARD,215,"CATES FARM","BURGARD, EDWARD CHARLES III","215 CATES FARM RD","CHAPEL HILL",NC,27516,215,"","CATES FARM","",RD,"","","CHAPEL HILL",NC,27516,48,MALE,CARRBORO,"56TH HOUSE","NORTH CARRBORO","CHAPEL HILL",DEMOCRATIC,WHITE,ACTIVE
BURGARD,215,"CATES FARM","BURGARD, SHEILA LOUGHRAN","215 CATES FARM RD","CHAPEL HILL",NC,27516,215,"","CATES FARM","",RD,"","","CHAPEL HILL",NC,27516,45,FEMALE,CARRBORO,"56TH HOUSE","NORTH CARRBORO","CHAPEL HILL",DEMOCRATIC,WHITE,ACTIVE
BURKE,304,ROSSBURN,"BURKE, MICHAEL THOMAS","304 ROSSBURN WAY","CHAPEL HILL",NC,27516,304,"",ROSSBURN,"",WAY,"","","CHAPEL HILL",NC,27516,50,MALE,CARRBORO,"54TH HOUSE",DAMASCUS,"CHAPEL HILL",DEMOCRATIC,WHITE,ACTIVE
BURNS,212,COBBLESTONE,"BURNS, GARY S","212 COBBLESTONE DR","CHAPEL HILL",NC,27516,212,"",COBBLESTONE,"",DR,"","","CHAPEL HILL",NC,27516,46,MALE,CARRBORO,"56TH HOUSE","NORTH CARRBORO","CHAPEL HILL",DEMOCRATIC,WHITE,ACTIVE
BURNS,212,COBBLESTONE,"BURNS, JAMI GRIST","212 COBBLESTONE DR","CHAPEL HILL",NC,27516,212,"",COBBLESTONE,"",DR,"","","CHAPEL HILL",NC,27516,47,FEMALE,CARRBORO,"56TH HOUSE","NORTH CARRBORO","CHAPEL HILL",DEMOCRATIC,WHITE,ACTIVE
BURWELL,112,YEARGEN,"BURWELL, BRIAN KEITH","112 YEARGEN PL","CHAPEL HILL",NC,27516,112,"",YEARGEN,"",PL,"","","CHAPEL HILL",NC,27516,48,MALE,CARRBORO,"56TH HOUSE","NORTH CARRBORO","CHAPEL HILL",DEMOCRATIC,WHITE,INACTIVE
BURWELL,112,YEARGEN,"BURWELL, SUSAN COWART","112 YEARGEN PL","CHAPEL HILL",NC,27516,112,"",YEARGEN,"",PL,"","","CHAPEL HILL",NC,27516,48,FEMALE,CARRBORO,"56TH HOUSE","NORTH CARRBORO","CHAPEL HILL",DEMOCRATIC,WHITE,ACTIVE
BUTTKE,203,HANFORD,"BUTTKE, MARY THOMPSON","203 HANFORD RD","CHAPEL HILL",NC,27516,203,"",HANFORD,"",RD,"","","CHAPEL HILL",NC,27516,54,FEMALE,CARRBORO,"56TH HOUSE","NORTH CARRBORO","CHAPEL HILL",DEMOCRATIC,WHITE,ACTIVE
BUTTKE,203,HANFORD,"BUTTKE, THOMAS MARTIN","203 HANFORD RD","CHAPEL HILL",NC,27516,203,"",HANFORD,"",RD,"","","CHAPEL HILL",NC,27516,54,MALE,CARRBORO,"56TH HOUSE","NORTH CARRBORO","CHAPEL HILL",UNAFFILIATED,WHITE,ACTIVE
CABLE,406,"HOGAN WOODS","CABLE, GROVER PATTERSON","406 HOGAN WOODS CIR","CHAPEL HILL",NC,27516,406,"","HOGAN WOODS","",CIR,"","","CHAPEL HILL",NC,27516,55,MALE,CARRBORO,"50TH HOUSE","HOGAN FARMS","CHAPEL HILL",DEMOCRATIC,WHITE,ACTIVE
CABLE,406,"HOGAN WOODS","CABLE, NANCY MARIE","406 HOGAN WOODS CIR","CHAPEL HILL",NC,27516,406,"","HOGAN WOODS","",CIR,"","","CHAPEL HILL",NC,27516,50,FEMALE,CARRBORO,"50TH HOUSE","HOGAN FARMS","CHAPEL HILL",DEMOCRATIC,WHITE,ACTIVE
CABRERA,125,"NORTH FIELDS","CABRERA, MARIA DOLORES","125 NORTH FIELDS CIR","CHAPEL HILL",NC,27516,125,"","NORTH FIELDS","",CIR,"","","CHAPEL HILL",NC,27516,41,FEMALE,CARRBORO,"50TH HOUSE","HOGAN FARMS","CHAPEL HILL",DEMOCRATIC,WHITE,ACTIVE
CABRERA,125,"NORTH FIELDS","CABRERA, RAFAEL ARISTIDES","125 NORTH FIELDS CIR","CHAPEL HILL",NC,27516,125,"","NORTH FIELDS","",CIR,"","","CHAPEL HILL",NC,27516,42,MALE,CARRBORO,"50TH HOUSE","HOGAN FARMS","CHAPEL HILL",DEMOCRATIC,WHITE,ACTIVE
CALLIMANIS,1004,CAMDEN,"CALLIMANIS, ALENA M","1004 CAMDEN LN","CHAPEL HILL",NC,27516,1004,"",CAMDEN,"",LN,"","","CHAPEL HILL",NC,27516,52,FEMALE,CARRBORO,"50TH HOUSE","HOGAN FARMS","CHAPEL HILL",REPUBLICAN,WHITE,ACTIVE
CAMERON,200,COBBLESTONE,"CAMERON, ALLEN P","200 COBBLESTONE DR","CHAPEL HILL",NC,27516,200,"",COBBLESTONE,"",DR,"","","CHAPEL HILL",NC,27516,47,MALE,CARRBORO,"56TH HOUSE","NORTH CARRBORO","CHAPEL HILL",DEMOCRATIC,WHITE,ACTIVE
CAMERON,200,COBBLESTONE,"CAMERON, EMILY CRUDUP","200 COBBLESTONE DR","CHAPEL HILL",NC,27516,200,"",COBBLESTONE,"",DR,"","","CHAPEL HILL",NC,27516,44,FEMALE,CARRBORO,"56TH HOUSE","NORTH CARRBORO","CHAPEL HILL",UNAFFILIATED,WHITE,ACTIVE
CAMPBELL,306,AUTUMN,"CAMPBELL, DANA VARNADO","306 AUTUMN DR","CHAPEL HILL",NC,27516,306,"",AUTUMN,"",DR,"","","CHAPEL HILL",NC,27516,35,FEMALE,CARRBORO,"56TH HOUSE","NORTH CARRBORO","CHAPEL HILL",DEMOCRATIC,WHITE,ACTIVE
CAMPBELL,306,AUTUMN,"CAMPBELL, JAMIE T","306 AUTUMN DR","CHAPEL HILL",NC,27516,306,"",AUTUMN,"",DR,"","","CHAPEL HILL",NC,27516,39,MALE,CARRBORO,"56TH HOUSE","NORTH CARRBORO","CHAPEL HILL",REPUBLICAN,WHITE,ACTIVE
CANNON,301,AUTUMN,"CANNON, LORI HALEY","301 AUTUMN DR","CHAPEL HILL",NC,27516,301,"",AUTUMN,"",DR,"","","CHAPEL HILL",NC,27516,40,FEMALE,CARRBORO,"56TH HOUSE","NORTH CARRBORO","CHAPEL HILL",REPUBLICAN,WHITE,ACTIVE
CANNON,301,AUTUMN,"CANNON, MICHAEL JOSEPH","301 AUTUMN DR","CHAPEL HILL",NC,27516,301,"",AUTUMN,"",DR,"","","CHAPEL HILL",NC,27516,44,MALE,CARRBORO,"56TH HOUSE","NORTH CARRBORO","CHAPEL HILL",REPUBLICAN,WHITE,ACTIVE
CAPALBO,107,"PAINTED TURTLE","CAPALBO, AMELIA ANN","107 PAINTED TURTLE LN","CHAPEL HILL",NC,27516,107,"","PAINTED TURTLE","",LN,"","","CHAPEL HILL",NC,27516,41,FEMALE,CARRBORO,"50TH HOUSE","HOGAN FARMS","CHAPEL HILL",UNAFFILIATED,WHITE,ACTIVE
CAPALBO,107,"PAINTED TURTLE","CAPALBO, KEVIN MICHAEL","107 PAINTED TURTLE LN","CHAPEL HILL",NC,27516,107,"","PAINTED TURTLE","",LN,"","","CHAPEL HILL",NC,27516,44,MALE,CARRBORO,"50TH HOUSE","HOGAN FARMS","CHAPEL HILL",UNAFFILIATED,WHITE,ACTIVE
CARACCI,1702,HOMESTEAD,"CARACCI, LINDA DALE","1702 HOMESTEAD RD","CHAPEL HILL",NC,27516,1702,"",HOMESTEAD,"",RD,"","","CHAPEL HILL",NC,27516,53,FEMALE,CARRBORO,"50TH HOUSE","HOGAN FARMS","CHAPEL HILL",REPUBLICAN,WHITE,ACTIVE
CARRUTHERS,104,"WHISPERING OAK","CARRUTHERS, KELLY LYNN","104 WHISPERING OAK CT","CHAPEL HILL",NC,27516,104,"","WHISPERING OAK","",CT,"","","CHAPEL HILL",NC,27516,40,FEMALE,CARRBORO,"50TH HOUSE","HOGAN FARMS","CHAPEL HILL",DEMOCRATIC,WHITE,ACTIVE
CARRUTHERS,104,"WHISPERING OAK","CARRUTHERS, ROBERT BRUCE","104 WHISPERING OAK CT","CHAPEL HILL",NC,27516,104,"","WHISPERING OAK","",CT,"","","CHAPEL HILL",NC,27516,41,MALE,CARRBORO,"50TH HOUSE","HOGAN FARMS","CHAPEL HILL",UNAFFILIATED,WHITE,ACTIVE
CARSON,115,"GARDEN GATE","CARSON, LAURI LYNNE","115 GARDEN GATE DR","CHAPEL HILL",NC,27516,115,"","GARDEN GATE","",DR,"","","CHAPEL HILL",NC,27516,49,FEMALE,CARRBORO,"56TH HOUSE","NORTH CARRBORO","CHAPEL HILL",DEMOCRATIC,WHITE,ACTIVE
CARSON,115,"GARDEN GATE","CARSON, MARK EDWARD","115 GARDEN GATE DR","CHAPEL HILL",NC,27516,115,"","GARDEN GATE","",DR,"","","CHAPEL HILL",NC,27516,51,MALE,CARRBORO,"56TH HOUSE","NORTH CARRBORO","CHAPEL HILL",UNAFFILIATED,WHITE,ACTIVE
CARTER,102,"HOGAN WOODS","CARTER, MARY LEWIS","102 HOGAN WOODS CIR","CHAPEL HILL",NC,27516,102,"","HOGAN WOODS","",CIR,"","","CHAPEL HILL",NC,27516,44,FEMALE,CARRBORO,"50TH HOUSE","HOGAN FARMS","CHAPEL HILL",UNAFFILIATED,WHITE,ACTIVE
CARTER,102,"HOGAN WOODS","CARTER, ROY LEE","102 HOGAN WOODS CIR","CHAPEL HILL",NC,27516,102,"","HOGAN WOODS","",CIR,"","","CHAPEL HILL",NC,27516,50,MALE,CARRBORO,"50TH HOUSE","HOGAN FARMS","CHAPEL HILL",UNAFFILIATED,WHITE,ACTIVE
CASALE,107,SUFFOLK,"CASALE, GREGORY H","107 SUFFOLK PL","CHAPEL HILL",NC,27516,107,"",SUFFOLK,"",PL,"","","CHAPEL HILL",NC,27516,50,MALE,CARRBORO,"56TH HOUSE","NORTH CARRBORO","CHAPEL HILL",DEMOCRATIC,WHITE,ACTIVE
CASALE,107,SUFFOLK,"CASALE, SANDRA E","107 SUFFOLK PL","CHAPEL HILL",NC,27516,107,"",SUFFOLK,"",PL,"","","CHAPEL HILL",NC,27516,49,FEMALE,CARRBORO,"56TH HOUSE","NORTH CARRBORO","CHAPEL HILL",DEMOCRATIC,WHITE,ACTIVE
CASHIN,203,WYNDHAM,"CASHIN, CHRISTOPHER NG","203 WYNDHAM DR","CHAPEL HILL",NC,27516,203,"",WYNDHAM,"",DR,"","","CHAPEL HILL",NC,27516,39,MALE,CARRBORO,"56TH HOUSE","NORTH CARRBORO","CHAPEL HILL",REPUBLICAN,WHITE,ACTIVE
CASHIN,203,WYNDHAM,"CASHIN, JUDITH NG","203 WYNDHAM DR","CHAPEL HILL",NC,27516,203,"",WYNDHAM,"",DR,"","","CHAPEL HILL",NC,27516,38,FEMALE,CARRBORO,"56TH HOUSE","NORTH CARRBORO","CHAPEL HILL",DEMOCRATIC,OTHER,ACTIVE
CASTELLANO,104,"HOGAN GLEN","CASTELLANO, KRISTINE SONJA-HOEPPN","104 HOGAN GLEN CT","CHAPEL HILL",NC,27516,104,"","HOGAN GLEN","",CT,"","","CHAPEL HILL",NC,27516,38,FEMALE,CARRBORO,"50TH HOUSE","HOGAN FARMS","CHAPEL HILL",REPUBLICAN,WHITE,ACTIVE
CASTELLANO,104,"HOGAN GLEN","CASTELLANO, MATTHEW JOHN","104 HOGAN GLEN CT","CHAPEL HILL",NC,27516,104,"","HOGAN GLEN","",CT,"","","CHAPEL HILL",NC,27516,37,MALE,CARRBORO,"50TH HOUSE","HOGAN FARMS","CHAPEL HILL",REPUBLICAN,WHITE,ACTIVE
CATO,403,ROSSBURN,"CATO, MICHAEL JAMES","403 ROSSBURN WAY","CHAPEL HILL",NC,27516,403,"",ROSSBURN,"",WAY,"","","CHAPEL HILL",NC,27516,40,MALE,CARRBORO,"54TH HOUSE",DAMASCUS,"CHAPEL HILL",REPUBLICAN,WHITE,ACTIVE
CATO,403,ROSSBURN,"CATO, SONYA RICHARDSON","403 ROSSBURN WAY","CHAPEL HILL",NC,27516,403,"",ROSSBURN,"",WAY,"","","CHAPEL HILL",NC,27516,39,FEMALE,CARRBORO,"54TH HOUSE",DAMASCUS,"CHAPEL HILL",UNAFFILIATED,WHITE,ACTIVE
CHANDLER,2007,HAWICK,"CHANDLER, GREGORY OLIVER","2007 S HAWICK CT","CHAPEL HILL",NC,27516,2007,S,HAWICK,"",CT,"","","CHAPEL HILL",NC,27516,50,MALE,CARRBORO,"50TH HOUSE","HOGAN FARMS","CHAPEL HILL",REPUBLICAN,WHITE,ACTIVE
CHANDLER,2007,HAWICK,"CHANDLER, TINA J","2007 S HAWICK CT","CHAPEL HILL",NC,27516,2007,S,HAWICK,"",CT,"","","CHAPEL HILL",NC,27516,45,FEMALE,CARRBORO,"50TH HOUSE","HOGAN FARMS","CHAPEL HILL",UNAFFILIATED,WHITE,ACTIVE
CHARNEY,122,"WAVERLY FOREST","CHARNEY, AMY SOLOMON","122 WAVERLY FOREST LN","CHAPEL HILL",NC,27516,122,"","WAVERLY FOREST","",LN,"","","CHAPEL HILL",NC,27516,38,FEMALE,CARRBORO,"56TH HOUSE","NORTH CARRBORO","CHAPEL HILL",DEMOCRATIC,WHITE,ACTIVE
CHARNEY,122,"WAVERLY FOREST","CHARNEY, JONATHAN ANDREW NICHOLAS","122 WAVERLY FOREST LN","CHAPEL HILL",NC,27516,122,"","WAVERLY FOREST","",LN,"","","CHAPEL HILL",NC,27516,39,MALE,CARRBORO,"56TH HOUSE","NORTH CARRBORO","CHAPEL HILL",DEMOCRATIC,WHITE,ACTIVE
CHAZOTTE,105,DRAYTON,"CHAZOTTE, BRAD N","105 DRAYTON CT","CHAPEL HILL",NC,27516,105,"",DRAYTON,"",CT,"","","CHAPEL HILL",NC,27516,53,MALE,CARRBORO,"56TH HOUSE","NORTH CARRBORO","CHAPEL HILL",REPUBLICAN,WHITE,ACTIVE
CHAZOTTE,105,DRAYTON,"CHAZOTTE, NANCY WANNAMAKER","105 DRAYTON CT","CHAPEL HILL",NC,27516,105,"",DRAYTON,"",CT,"","","CHAPEL HILL",NC,27516,49,FEMALE,CARRBORO,"56TH HOUSE","NORTH CARRBORO","CHAPEL HILL",UNAFFILIATED,WHITE,ACTIVE
CHEN,111,"HOGAN RIDGE","CHEN, HAIFENG","111 HOGAN RIDGE CT","CHAPEL HILL",NC,27516,111,"","HOGAN RIDGE","",CT,"","","CHAPEL HILL",NC,27516,47,MALE,CARRBORO,"50TH HOUSE","HOGAN FARMS","CHAPEL HILL",DEMOCRATIC,WHITE,INACTIVE
CHEN,111,"HOGAN RIDGE","CHEN, MIN","111 HOGAN RIDGE CT","CHAPEL HILL",NC,27516,111,"","HOGAN RIDGE","",CT,"","","CHAPEL HILL",NC,27516,42,FEMALE,CARRBORO,"50TH HOUSE","HOGAN FARMS","CHAPEL HILL",UNAFFILIATED,ASIAN,INACTIVE
CHIESA,100,HANFORD,"CHIESA, GEORGE LOUIS JR","100 HANFORD RD","CHAPEL HILL",NC,27516,100,"",HANFORD,"",RD,"","","CHAPEL HILL",NC,27516,54,MALE,CARRBORO,"56TH HOUSE","NORTH CARRBORO","CHAPEL HILL",REPUBLICAN,WHITE,ACTIVE
CHITWOOD,1003,TALLYHO,"CHITWOOD, JEAN SINK","1003 TALLYHO TRL","CHAPEL HILL",NC,27516,1003,"",TALLYHO,"",TRL,"","","CHAPEL HILL",NC,27516,49,FEMALE,CARRBORO,"50TH HOUSE","HOGAN FARMS","CHAPEL HILL",UNAFFILIATED,WHITE,ACTIVE
CHITWOOD,1003,TALLYHO,"CHITWOOD, MICHAEL ANTHONY","1003 TALLYHO TRL","CHAPEL HILL",NC,27516,1003,"",TALLYHO,"",TRL,"","","CHAPEL HILL",NC,27516,49,MALE,CARRBORO,"50TH HOUSE","HOGAN FARMS","CHAPEL HILL",DEMOCRATIC,WHITE,ACTIVE
CHRISTIE,302,AUTUMN,"CHRISTIE, HEATHER LAROCK","302 AUTUMN DR","CHAPEL HILL",NC,27516,302,"",AUTUMN,"",DR,"","","CHAPEL HILL",NC,27516,39,FEMALE,CARRBORO,"56TH HOUSE","NORTH CARRBORO","CHAPEL HILL",REPUBLICAN,WHITE,ACTIVE
CHRISTIE,302,AUTUMN,"CHRISTIE, SCOTT WALDEGRAVE","302 AUTUMN DR","CHAPEL HILL",NC,27516,302,"",AUTUMN,"",DR,"","","CHAPEL HILL",NC,27516,45,MALE,CARRBORO,"56TH HOUSE","NORTH CARRBORO","CHAPEL HILL",UNAFFILIATED,WHITE,ACTIVE
CHRISTY,104,YEARGEN,"CHRISTY, ELIZABETH","104 YEARGEN PL","CHAPEL HILL",NC,27516,104,"",YEARGEN,"",PL,"","","CHAPEL HILL",NC,27516,54,FEMALE,CARRBORO,"56TH HOUSE","NORTH CARRBORO","CHAPEL HILL",UNAFFILIATED,ASIAN,ACTIVE
CHU,509,"CATES FARM","CHU, JOANNE W","509 CATES FARM RD","CHAPEL HILL",NC,27516,509,"","CATES FARM","",RD,"","","CHAPEL HILL",NC,27516,55,FEMALE,CARRBORO,"56TH HOUSE","NORTH CARRBORO","CHAPEL HILL",UNAFFILIATED,OTHER,ACTIVE
CHU,509,"CATES FARM","CHU, SIMON CHU-CHUNG","509 CATES FARM RD","CHAPEL HILL",NC,27516,509,"","CATES FARM","",RD,"","","CHAPEL HILL",NC,27516,55,MALE,CARRBORO,"56TH HOUSE","NORTH CARRBORO","CHAPEL HILL",DEMOCRATIC,OTHER,ACTIVE
CIRILLO,503,"LAKE HOGAN FARM","CIRILLO, FLORENCE OLIVAS","503 LAKE HOGAN FARM RD","CHAPEL HILL",NC,27516,503,"","LAKE HOGAN FARM","",RD,"","","CHAPEL HILL",NC,27516,44,FEMALE,CARRBORO,"50TH HOUSE","HOGAN FARMS","CHAPEL HILL",REPUBLICAN,OTHER,INACTIVE
CIRILLO,503,"LAKE HOGAN FARM","CIRILLO, ROBERT LOUIS JR","503 LAKE HOGAN FARM RD","CHAPEL HILL",NC,27516,503,"","LAKE HOGAN FARM","",RD,"","","CHAPEL HILL",NC,27516,40,MALE,CARRBORO,"50TH HOUSE","HOGAN FARMS","CHAPEL HILL",REPUBLICAN,WHITE,INACTIVE
CIULLA,8321,"LOCH LAVEN","CIULLA, PETER MICHAEL","8321 LOCH LAVEN LN","CHAPEL HILL",NC,27516,8321,"","LOCH LAVEN","",LN,"","","CHAPEL HILL",NC,27516,55,MALE,CARRBORO,"50TH HOUSE","HOGAN FARMS","CHAPEL HILL",UNAFFILIATED,WHITE,ACTIVE
CLARK,104,"COMMONS WAY","CLARK, DANA LYNN","104 COMMONS WAY DR","CHAPEL HILL",NC,27516,104,"","COMMONS WAY","",DR,"","","CHAPEL HILL",NC,27516,43,FEMALE,CARRBORO,"50TH HOUSE","HOGAN FARMS","CHAPEL HILL",DEMOCRATIC,WHITE,ACTIVE
CLARK,404,ROCKGARDEN,"CLARK, HOLLY A","404 ROCKGARDEN DR","CHAPEL HILL",NC,27516,404,"",ROCKGARDEN,"",DR,"","","CHAPEL HILL",NC,27516,51,FEMALE,CARRBORO,"56TH HOUSE","NORTH CARRBORO","CHAPEL HILL",UNAFFILIATED,WHITE,ACTIVE
CLARK,109,YEARGEN,"CLARK, JEFFREY WILLIAM","109 YEARGEN PL","CHAPEL HILL",NC,27516,109,"",YEARGEN,"",PL,"","","CHAPEL HILL",NC,27516,45,MALE,CARRBORO,"56TH HOUSE","NORTH CARRBORO","CHAPEL HILL",DEMOCRATIC,WHITE,ACTIVE
CLARK,404,ROCKGARDEN,"CLARK, KENNETH E","404 ROCKGARDEN DR","CHAPEL HILL",NC,27516,404,"",ROCKGARDEN,"",DR,"","","CHAPEL HILL",NC,27516,51,MALE,CARRBORO,"56TH HOUSE","NORTH CARRBORO","CHAPEL HILL",REPUBLICAN,WHITE,ACTIVE
CLARK,109,YEARGEN,"CLARK, LAURA M","109 YEARGEN PL","CHAPEL HILL",NC,27516,109,"",YEARGEN,"",PL,"","","CHAPEL HILL",NC,27516,43,FEMALE,CARRBORO,"56TH HOUSE","NORTH CARRBORO","CHAPEL HILL",DEMOCRATIC,WHITE,ACTIVE
CLARK,104,"COMMONS WAY","CLARK, ROBERT LEWIS JR","104 COMMONS WAY DR","CHAPEL HILL",NC,27516,104,"","COMMONS WAY","",DR,"","","CHAPEL HILL",NC,27516,43,MALE,CARRBORO,"50TH HOUSE","HOGAN FARMS","CHAPEL HILL",DEMOCRATIC,WHITE,ACTIVE
CLARK,1102,TALLYHO,"CLARK, SANDRA KAY","1102 TALLYHO TRL","CHAPEL HILL",NC,27516,1102,"",TALLYHO,"",TRL,"","","CHAPEL HILL",NC,27516,50,FEMALE,CARRBORO,"50TH HOUSE","HOGAN FARMS","CHAPEL HILL",REPUBLICAN,WHITE,ACTIVE
CLAYTON,300,"LAKE MANOR","CLAYTON, JANET ANNE","300 LAKE MANOR RD","CHAPEL HILL",NC,27516,300,"","LAKE MANOR","",RD,"","","CHAPEL HILL",NC,27516,43,FEMALE,CARRBORO,"50TH HOUSE","HOGAN FARMS","CHAPEL HILL",REPUBLICAN,WHITE,ACTIVE
CLAYTON,300,"LAKE MANOR","CLAYTON, STEVEN THOMAS","300 LAKE MANOR RD","CHAPEL HILL",NC,27516,300,"","LAKE MANOR","",RD,"","","CHAPEL HILL",NC,27516,40,MALE,CARRBORO,"50TH HOUSE","HOGAN FARMS","CHAPEL HILL",UNAFFILIATED,WHITE,ACTIVE
CLEMENTS,102,"FARM HOUSE","CLEMENTS, KYLE LANNING","102 FARM HOUSE DR","CHAPEL HILL",NC,27516,102,"","FARM HOUSE","",DR,"","","CHAPEL HILL",NC,27516,38,MALE,CARRBORO,"56TH HOUSE","NORTH CARRBORO","CHAPEL HILL",REPUBLICAN,WHITE,ACTIVE
CLEMENTS,102,"FARM HOUSE","CLEMENTS, PAULA DENNY","102 FARM HOUSE DR","CHAPEL HILL",NC,27516,102,"","FARM HOUSE","",DR,"","","CHAPEL HILL",NC,27516,37,FEMALE,CARRBORO,"56TH HOUSE","NORTH CARRBORO","CHAPEL HILL",REPUBLICAN,WHITE,ACTIVE
CLENDANIEL,205,AUTUMN,"CLENDANIEL, CHARLENE MASON","205 AUTUMN DR","CHAPEL HILL",NC,27516,205,"",AUTUMN,"",DR,"","","CHAPEL HILL",NC,27516,48,UNDESIGNATED,CARRBORO,"56TH HOUSE","NORTH CARRBORO","CHAPEL HILL",DEMOCRATIC,"TWO or MORE RACES",ACTIVE
CLENDANIEL,205,AUTUMN,"CLENDANIEL, RICHARD ALAN","205 AUTUMN DR","CHAPEL HILL",NC,27516,205,"",AUTUMN,"",DR,"","","CHAPEL HILL",NC,27516,50,MALE,CARRBORO,"56TH HOUSE","NORTH CARRBORO","CHAPEL HILL",DEMOCRATIC,WHITE,ACTIVE
CLOSSICK,6002,"MEADOW RUN","CLOSSICK, KRISTINA RENEE","6002 MEADOW RUN CT","CHAPEL HILL",NC,27516,6002,"","MEADOW RUN","",CT,"","","CHAPEL HILL",NC,27516,35,FEMALE,CARRBORO,"50TH HOUSE","HOGAN FARMS","CHAPEL HILL",DEMOCRATIC,WHITE,ACTIVE
CLOSSICK,6002,"MEADOW RUN","CLOSSICK, STEPHEN","6002 MEADOW RUN CT","CHAPEL HILL",NC,27516,6002,"","MEADOW RUN","",CT,"","","CHAPEL HILL",NC,27516,40,MALE,CARRBORO,"50TH HOUSE","HOGAN FARMS","CHAPEL HILL",UNAFFILIATED,WHITE,ACTIVE
CLOUTIER,609,"LAKE HOGAN FARM","CLOUTIER, ALFRED JOHN","609 LAKE HOGAN FARM RD","CHAPEL HILL",NC,27516,609,"","LAKE HOGAN FARM","",RD,"","","CHAPEL HILL",NC,27516,51,MALE,CARRBORO,"50TH HOUSE","HOGAN FARMS","CHAPEL HILL",UNAFFILIATED,WHITE,ACTIVE
CLOUTIER,609,"LAKE HOGAN FARM","CLOUTIER, KAY KIRKLAND","609 LAKE HOGAN FARM RD","CHAPEL HILL",NC,27516,609,"","LAKE HOGAN FARM","",RD,"","","CHAPEL HILL",NC,27516,50,FEMALE,CARRBORO,"50TH HOUSE","HOGAN FARMS","CHAPEL HILL",UNAFFILIATED,WHITE,ACTIVE
COCKE,212,"COMMONS WAY","COCKE, SANDRA ENGEL","212 COMMONS WAY DR","CHAPEL HILL",NC,27516,212,"","COMMONS WAY","",DR,"","","CHAPEL HILL",NC,27516,54,FEMALE,CARRBORO,"50TH HOUSE","HOGAN FARMS","CHAPEL HILL",DEMOCRATIC,WHITE,ACTIVE
COCKE,212,"COMMONS WAY","COCKE, WILLIAM R","212 COMMONS WAY DR","CHAPEL HILL",NC,27516,212,"","COMMONS WAY","",DR,"","","CHAPEL HILL",NC,27516,54,MALE,CARRBORO,"50TH HOUSE","HOGAN FARMS","CHAPEL HILL",DEMOCRATIC,WHITE,ACTIVE
CODY,208,"LAKE MANOR","CODY, JOHN P","208 LAKE MANOR RD","CHAPEL HILL",NC,27516,208,"","LAKE MANOR","",RD,"","","CHAPEL HILL",NC,27516,40,MALE,CARRBORO,"50TH HOUSE","HOGAN FARMS","CHAPEL HILL",REPUBLICAN,WHITE,ACTIVE
CODY,208,"LAKE MANOR","CODY, ROSALIE A","208 LAKE MANOR RD","CHAPEL HILL",NC,27516,208,"","LAKE MANOR","",RD,"","","CHAPEL HILL",NC,27516,40,FEMALE,CARRBORO,"50TH HOUSE","HOGAN FARMS","CHAPEL HILL",REPUBLICAN,WHITE,ACTIVE
COFFEY,104,"BAY VIEW","COFFEY, DAVID","104 BAY VIEW DR","CHAPEL HILL",NC,27516,104,"","BAY VIEW","",DR,"","","CHAPEL HILL",NC,27516,49,MALE,CARRBORO,"50TH HOUSE","HOGAN FARMS","CHAPEL HILL",UNAFFILIATED,WHITE,INACTIVE
COFFEY,104,"BAY VIEW","COFFEY, SALLY A","104 BAY VIEW DR","CHAPEL HILL",NC,27516,104,"","BAY VIEW","",DR,"","","CHAPEL HILL",NC,27516,47,FEMALE,CARRBORO,"50TH HOUSE","HOGAN FARMS","CHAPEL HILL",REPUBLICAN,WHITE,INACTIVE
COHEN,212,"CATES FARM","COHEN, JAMES A","212 CATES FARM RD","CHAPEL HILL",NC,27516,212,"","CATES FARM","",RD,"","","CHAPEL HILL",NC,27516,52,MALE,CARRBORO,"56TH HOUSE","NORTH CARRBORO","CHAPEL HILL",UNAFFILIATED,WHITE,ACTIVE
COHN,303,AUTUMN,"COHN, NANCY S","303 AUTUMN DR","CHAPEL HILL",NC,27516,303,"",AUTUMN,"",DR,"","","CHAPEL HILL",NC,27516,47,FEMALE,CARRBORO,"56TH HOUSE","NORTH CARRBORO","CHAPEL HILL",DEMOCRATIC,WHITE,ACTIVE
COHN,303,AUTUMN,"COHN, RICHARD DANIEL","303 AUTUMN DR","CHAPEL HILL",NC,27516,303,"",AUTUMN,"",DR,"","","CHAPEL HILL",NC,27516,49,MALE,CARRBORO,"56TH HOUSE","NORTH CARRBORO","CHAPEL HILL",DEMOCRATIC,WHITE,ACTIVE
COLE,216,"TOWNE RIDGE","COLE, EDWARD GEORGE","216 TOWNE RIDGE LN","CHAPEL HILL",NC,27516,216,"","TOWNE RIDGE","",LN,"","","CHAPEL HILL",NC,27516,45,MALE,CARRBORO,"50TH HOUSE","HOGAN FARMS","CHAPEL HILL",UNAFFILIATED,WHITE,ACTIVE
COLE,216,"TOWNE RIDGE","COLE, SHARI LYNNE","216 TOWNE RIDGE LN","CHAPEL HILL",NC,27516,216,"","TOWNE RIDGE","",LN,"","","CHAPEL HILL",NC,27516,41,FEMALE,CARRBORO,"50TH HOUSE","HOGAN FARMS","CHAPEL HILL",REPUBLICAN,WHITE,ACTIVE
CONNOLLY,8322,BURNS,"CONNOLLY, CYNTHIA ANN","8322 BURNS PL","CHAPEL HILL",NC,27516,8322,"",BURNS,"",PL,"","","CHAPEL HILL",NC,27516,50,FEMALE,CARRBORO,"50TH HOUSE","HOGAN FARMS","CHAPEL HILL",UNAFFILIATED,WHITE,ACTIVE
CONNOLLY,8322,BURNS,"CONNOLLY, ROBERT ANTHONY","8322 BURNS PL","CHAPEL HILL",NC,27516,8322,"",BURNS,"",PL,"","","CHAPEL HILL",NC,27516,52,MALE,CARRBORO,"50TH HOUSE","HOGAN FARMS","CHAPEL HILL",UNAFFILIATED,WHITE,ACTIVE
COOK,1610,CLAYMORE,"COOK, SHARON JAMRUSZKA","1610 CLAYMORE RD","CHAPEL HILL",NC,27516,1610,"",CLAYMORE,"",RD,"","","CHAPEL HILL",NC,27516,52,FEMALE,CARRBORO,"50TH HOUSE","HOGAN FARMS","CHAPEL HILL",UNAFFILIATED,WHITE,ACTIVE
COOK,1610,CLAYMORE,"COOK, WILLIAM REX","1610 CLAYMORE RD","CHAPEL HILL",NC,27516,1610,"",CLAYMORE,"",RD,"","","CHAPEL HILL",NC,27516,55,MALE,CARRBORO,"50TH HOUSE","HOGAN FARMS","CHAPEL HILL",UNAFFILIATED,WHITE,ACTIVE
CORDOVA,401,ROSSBURN,"CORDOVA, DAVID ALVARO","401 ROSSBURN WAY","CHAPEL HILL",NC,27516,401,"",ROSSBURN,"",WAY,"","","CHAPEL HILL",NC,27516,42,MALE,CARRBORO,"54TH HOUSE",DAMASCUS,"CHAPEL HILL",DEMOCRATIC,OTHER,ACTIVE
CORDOVA,401,ROSSBURN,"CORDOVA, ROBIN COLE","401 ROSSBURN WAY","CHAPEL HILL",NC,27516,401,"",ROSSBURN,"",WAY,"","","CHAPEL HILL",NC,27516,44,FEMALE,CARRBORO,"54TH HOUSE",DAMASCUS,"CHAPEL HILL",DEMOCRATIC,WHITE,ACTIVE
COTTON,100,"ARBOR CREEK","COTTON, CHRISTINE MAKHULI","100 ARBOR CREEK CT","CHAPEL HILL",NC,27516,100,"","ARBOR CREEK","",CT,"","","CHAPEL HILL",NC,27516,41,FEMALE,CARRBORO,"50TH HOUSE","HOGAN FARMS","CHAPEL HILL",DEMOCRATIC,WHITE,ACTIVE
COTTON,100,"ARBOR CREEK","COTTON, JOHN LAWRENCE","100 ARBOR CREEK CT","CHAPEL HILL",NC,27516,100,"","ARBOR CREEK","",CT,"","","CHAPEL HILL",NC,27516,42,MALE,CARRBORO,"50TH HOUSE","HOGAN FARMS","CHAPEL HILL",DEMOCRATIC,WHITE,ACTIVE
COX,107,YEARGEN,"COX, ADRIENNE DEICH","107 YEARGEN PL","CHAPEL HILL",NC,27516,107,"",YEARGEN,"",PL,"","","CHAPEL HILL",NC,27516,54,FEMALE,CARRBORO,"56TH HOUSE","NORTH CARRBORO","CHAPEL HILL",DEMOCRATIC,WHITE,ACTIVE
COYLE,105,"BAY VIEW","COYLE, BARBARA FORD","105 BAY VIEW DR","CHAPEL HILL",NC,27516,105,"","BAY VIEW","",DR,"","","CHAPEL HILL",NC,27516,53,FEMALE,CARRBORO,"50TH HOUSE","HOGAN FARMS","CHAPEL HILL",UNAFFILIATED,WHITE,ACTIVE
COYLE,105,"BAY VIEW","COYLE, JOSEPH MICHAEL","105 BAY VIEW DR","CHAPEL HILL",NC,27516,105,"","BAY VIEW","",DR,"","","CHAPEL HILL",NC,27516,53,MALE,CARRBORO,"50TH HOUSE","HOGAN FARMS","CHAPEL HILL",UNAFFILIATED,WHITE,ACTIVE
CREIGHTON,402,TRAMORE,"CREIGHTON, ROBERT ALEXANDER","402 TRAMORE DR","CHAPEL HILL",NC,27516,402,"",TRAMORE,"",DR,"","","CHAPEL HILL",NC,27516,36,MALE,CARRBORO,"56TH HOUSE","NORTH CARRBORO","CHAPEL HILL",UNAFFILIATED,WHITE,ACTIVE
CRESCENZI,102,"HOGAN RIDGE","CRESCENZI, MARK JAMES CAYWOOD","102 HOGAN RIDGE CT","CHAPEL HILL",NC,27516,102,"","HOGAN RIDGE","",CT,"","","CHAPEL HILL",NC,27516,37,MALE,CARRBORO,"50TH HOUSE","HOGAN FARMS","CHAPEL HILL",DEMOCRATIC,WHITE,ACTIVE
CRUMMETT,2008,HAWICK,"CRUMMETT, BOBBI PRICE","2008 S HAWICK CT","CHAPEL HILL",NC,27516,2008,S,HAWICK,"",CT,"","","CHAPEL HILL",NC,27516,46,FEMALE,CARRBORO,"50TH HOUSE","HOGAN FARMS","CHAPEL HILL",DEMOCRATIC,WHITE,ACTIVE
CRUMMETT,2008,HAWICK,"CRUMMETT, DANIEL DAVID","2008 S HAWICK CT","CHAPEL HILL",NC,27516,2008,S,HAWICK,"",CT,"","","CHAPEL HILL",NC,27516,51,MALE,CARRBORO,"50TH HOUSE","HOGAN FARMS","CHAPEL HILL",UNAFFILIATED,WHITE,ACTIVE
CRUZ,144,"NORTH FIELDS","CRUZ, JANICE DENISE","144 NORTH FIELDS CIR","CHAPEL HILL",NC,27516,144,"","NORTH FIELDS","",CIR,"","","CHAPEL HILL",NC,27516,45,FEMALE,CARRBORO,"50TH HOUSE","HOGAN FARMS","CHAPEL HILL",REPUBLICAN,WHITE,ACTIVE
CUNNINGHAM,101,"HOGAN RIDGE","CUNNINGHAM, COLEEN KATHRYN","101 HOGAN RIDGE CT","CHAPEL HILL",NC,27516,101,"","HOGAN RIDGE","",CT,"","","CHAPEL HILL",NC,27516,47,FEMALE,CARRBORO,"50TH HOUSE","HOGAN FARMS","CHAPEL HILL",DEMOCRATIC,WHITE,ACTIVE
CUNNINGHAM,101,"HOGAN RIDGE","CUNNINGHAM, MICHAEL JOSEPH","101 HOGAN RIDGE CT","CHAPEL HILL",NC,27516,101,"","HOGAN RIDGE","",CT,"","","CHAPEL HILL",NC,27516,50,MALE,CARRBORO,"50TH HOUSE","HOGAN FARMS","CHAPEL HILL",DEMOCRATIC,WHITE,ACTIVE
CURRIN,2005,WHITMORE,"CURRIN, LEE GODWIN","2005 WHITMORE CIR","CHAPEL HILL",NC,27516,2005,"",WHITMORE,"",CIR,"","","CHAPEL HILL",NC,27516,50,FEMALE,CARRBORO,"50TH HOUSE","HOGAN FARMS","CHAPEL HILL",DEMOCRATIC,WHITE,ACTIVE
CURRIN,2005,WHITMORE,"CURRIN, ROBERT TYREE III","2005 WHITMORE CIR","CHAPEL HILL",NC,27516,2005,"",WHITMORE,"",CIR,"","","CHAPEL HILL",NC,27516,49,MALE,CARRBORO,"50TH HOUSE","HOGAN FARMS","CHAPEL HILL",DEMOCRATIC,WHITE,ACTIVE
CUTRELL,301,"HOGAN WOODS","CUTRELL, AMY GOULSON","301 HOGAN WOODS CIR","CHAPEL HILL",NC,27516,301,"","HOGAN WOODS","",CIR,"","","CHAPEL HILL",NC,27516,42,FEMALE,CARRBORO,"50TH HOUSE","HOGAN FARMS","CHAPEL HILL",DEMOCRATIC,WHITE,ACTIVE
CUTRELL,301,"HOGAN WOODS","CUTRELL, BENJAMIN GARLON","301 HOGAN WOODS CIR","CHAPEL HILL",NC,27516,301,"","HOGAN WOODS","",CIR,"","","CHAPEL HILL",NC,27516,52,MALE,CARRBORO,"50TH HOUSE","HOGAN FARMS","CHAPEL HILL",REPUBLICAN,WHITE,ACTIVE
DADOLF,102,COBBLESTONE,"D ADOLF, JOSHUA MEIER","102 COBBLESTONE DR","CHAPEL HILL",NC,27516,102,"",COBBLESTONE,"",DR,"","","CHAPEL HILL",NC,27516,38,UNDESIGNATED,CARRBORO,"56TH HOUSE","NORTH CARRBORO","CHAPEL HILL",DEMOCRATIC,WHITE,ACTIVE
DADOLF,102,COBBLESTONE,"D ADOLF, RENA ELIZABETH","102 COBBLESTONE DR","CHAPEL HILL",NC,27516,102,"",COBBLESTONE,"",DR,"","","CHAPEL HILL",NC,27516,42,FEMALE,CARRBORO,"56TH HOUSE","NORTH CARRBORO","CHAPEL HILL",DEMOCRATIC,WHITE,ACTIVE
DALLKE,1313,HILLSBOROUGH,"DALLKE, REBECCA HOWARD","1313 HILLSBOROUGH RD","CHAPEL HILL",NC,27516,1313,"",HILLSBOROUGH,"",RD,"","","CHAPEL HILL",NC,27516,51,FEMALE,CARRBORO,"56TH HOUSE",CARRBORO,"CHAPEL HILL",DEMOCRATIC,WHITE,ACTIVE
DALSIMER,112,"GARDEN GATE","DALSIMER, DIANA","112 GARDEN GATE DR","CHAPEL HILL",NC,27516,112,"","GARDEN GATE","",DR,"","","CHAPEL HILL",NC,27516,48,FEMALE,CARRBORO,"56TH HOUSE","NORTH CARRBORO","CHAPEL HILL",DEMOCRATIC,WHITE,ACTIVE
DALSIMER,112,"GARDEN GATE","DALSIMER, THOMAS MARK","112 GARDEN GATE DR","CHAPEL HILL",NC,27516,112,"","GARDEN GATE","",DR,"","","CHAPEL HILL",NC,27516,50,MALE,CARRBORO,"56TH HOUSE","NORTH CARRBORO","CHAPEL HILL",DEMOCRATIC,WHITE,ACTIVE
DAS,207,AUTUMN,"DAS, INDRANI","207 AUTUMN DR","CHAPEL HILL",NC,27516,207,"",AUTUMN,"",DR,"","","CHAPEL HILL",NC,27516,40,FEMALE,CARRBORO,"56TH HOUSE","NORTH CARRBORO","CHAPEL HILL",UNAFFILIATED,OTHER,ACTIVE
DAS,207,AUTUMN,"DAS, SUBHENDU","207 AUTUMN DR","CHAPEL HILL",NC,27516,207,"",AUTUMN,"",DR,"","","CHAPEL HILL",NC,27516,45,MALE,CARRBORO,"56TH HOUSE","NORTH CARRBORO","CHAPEL HILL",UNAFFILIATED,OTHER,ACTIVE
DAVIS,313,"SUNSET CREEK","DAVIS, CHARLES HOWARD JR","313 SUNSET CREEK CIR","CHAPEL HILL",NC,27516,313,"","SUNSET CREEK","",CIR,"","","CHAPEL HILL",NC,27516,40,MALE,CARRBORO,"56TH HOUSE","NORTH CARRBORO","CHAPEL HILL",UNAFFILIATED,WHITE,ACTIVE
DAVIS,112,ELLSWORTH,"DAVIS, COLLEEN P","112 ELLSWORTH PL","CHAPEL HILL",NC,27516,112,"",ELLSWORTH,"",PL,"","","CHAPEL HILL",NC,27516,45,FEMALE,CARRBORO,"56TH HOUSE","NORTH CARRBORO","CHAPEL HILL",REPUBLICAN,WHITE,ACTIVE
DAVIS,112,ELLSWORTH,"DAVIS, DARIN HUGH","112 ELLSWORTH PL","CHAPEL HILL",NC,27516,112,"",ELLSWORTH,"",PL,"","","CHAPEL HILL",NC,27516,43,MALE,CARRBORO,"56TH HOUSE","NORTH CARRBORO","CHAPEL HILL",DEMOCRATIC,WHITE,ACTIVE
DAVIS,603,"LAKE HOGAN FARM","DAVIS, IAN JONATHAN","603 LAKE HOGAN FARM RD","CHAPEL HILL",NC,27516,603,"","LAKE HOGAN FARM","",RD,"","","CHAPEL HILL",NC,27516,41,MALE,CARRBORO,"50TH HOUSE","HOGAN FARMS","CHAPEL HILL",UNAFFILIATED,WHITE,ACTIVE
DAVIS,313,"SUNSET CREEK","DAVIS, KOURTNEY JOHNSTON","313 SUNSET CREEK CIR","CHAPEL HILL",NC,27516,313,"","SUNSET CREEK","",CIR,"","","CHAPEL HILL",NC,27516,39,FEMALE,CARRBORO,"56TH HOUSE","NORTH CARRBORO","CHAPEL HILL",DEMOCRATIC,WHITE,ACTIVE
DAVIS,506,ROCKGARDEN,"DAVIS, MANDRIA KANN","506 ROCKGARDEN DR","CHAPEL HILL",NC,27516,506,"",ROCKGARDEN,"",DR,"","","CHAPEL HILL",NC,27516,41,FEMALE,CARRBORO,"56TH HOUSE","NORTH CARRBORO","CHAPEL HILL",DEMOCRATIC,WHITE,ACTIVE
DAVIS,506,ROCKGARDEN,"DAVIS, MATTHEW ERIC","506 ROCKGARDEN DR","CHAPEL HILL",NC,27516,506,"",ROCKGARDEN,"",DR,"","","CHAPEL HILL",NC,27516,43,MALE,CARRBORO,"56TH HOUSE","NORTH CARRBORO","CHAPEL HILL",DEMOCRATIC,WHITE,ACTIVE
DAWSON,126,"SHADOW RIDGE","DAWSON, BRADLEY GRANT","126 SHADOW RIDGE PL","CHAPEL HILL",NC,27516,126,"","SHADOW RIDGE","",PL,"","","CHAPEL HILL",NC,27516,36,MALE,CARRBORO,"50TH HOUSE","HOGAN FARMS","CHAPEL HILL",REPUBLICAN,WHITE,INACTIVE
DAWSON,126,"SHADOW RIDGE","DAWSON, JILL L","126 SHADOW RIDGE PL","CHAPEL HILL",NC,27516,126,"","SHADOW RIDGE","",PL,"","","CHAPEL HILL",NC,27516,37,FEMALE,CARRBORO,"50TH HOUSE","HOGAN FARMS","CHAPEL HILL",REPUBLICAN,WHITE,INACTIVE
DEAN,2303,PATHWAY,"DEAN, ANN MARIE","2303 PATHWAY DR","CHAPEL HILL",NC,27516,2303,"",PATHWAY,"",DR,"","","CHAPEL HILL",NC,27516,48,FEMALE,CARRBORO,"56TH HOUSE","NORTH CARRBORO","CHAPEL HILL",DEMOCRATIC,WHITE,ACTIVE
DEAN,2303,PATHWAY,"DEAN, BRIAN J","2303 PATHWAY DR","CHAPEL HILL",NC,27516,2303,"",PATHWAY,"",DR,"","","CHAPEL HILL",NC,27516,51,MALE,CARRBORO,"56TH HOUSE","NORTH CARRBORO","CHAPEL HILL",DEMOCRATIC,WHITE,ACTIVE
DEAN,1130,HILLSBOROUGH,"DEAN, CARL A","PO BOX 1026",CARRBORO,NC,27510,1130,"",HILLSBOROUGH,"",RD,"","","CHAPEL HILL",NC,27516,43,MALE,CARRBORO,"56TH HOUSE","NORTH CARRBORO","CHAPEL HILL",REPUBLICAN,WHITE,ACTIVE
DEAN,1130,HILLSBOROUGH,"DEAN, CATHERINE","PO BOX 1026",CARRBORO,NC,27510,1130,"",HILLSBOROUGH,"",RD,"","","CHAPEL HILL",NC,27516,42,FEMALE,CARRBORO,"56TH HOUSE","NORTH CARRBORO","CHAPEL HILL",DEMOCRATIC,WHITE,ACTIVE
DEAN,112,"BAY VIEW","DEAN, JAMES W JR","112 BAY VIEW DR","CHAPEL HILL",NC,27516,112,"","BAY VIEW","",DR,"","","CHAPEL HILL",NC,27516,49,MALE,CARRBORO,"50TH HOUSE","HOGAN FARMS","CHAPEL HILL",DEMOCRATIC,WHITE,ACTIVE
DEAN,505,"LAKE HOGAN FARM","DEAN, MELISSA SAUMIER","505 LAKE HOGAN FARM RD","CHAPEL HILL",NC,27516,505,"","LAKE HOGAN FARM","",RD,"","","CHAPEL HILL",NC,27516,36,FEMALE,CARRBORO,"50TH HOUSE","HOGAN FARMS","CHAPEL HILL",UNAFFILIATED,WHITE,ACTIVE
DEAN,505,"LAKE HOGAN FARM","DEAN, STEPHEN MICHAEL","505 LAKE HOGAN FARM RD","CHAPEL HILL",NC,27516,505,"","LAKE HOGAN FARM","",RD,"","","CHAPEL HILL",NC,27516,46,MALE,CARRBORO,"50TH HOUSE","HOGAN FARMS","CHAPEL HILL",UNAFFILIATED,WHITE,ACTIVE
DEAR,103,DAIRY,"DEAR, GUY D","103 DAIRY CT","CHAPEL HILL",NC,27516,103,"",DAIRY,"",CT,"","","CHAPEL HILL",NC,27516,52,MALE,CARRBORO,"50TH HOUSE","HOGAN FARMS","CHAPEL HILL",DEMOCRATIC,WHITE,ACTIVE
DEAR,207,WYNDHAM,"DEAR, JANET KIDD","207 WYNDHAM DR","CHAPEL HILL",NC,27516,207,"",WYNDHAM,"",DR,"","","CHAPEL HILL",NC,27516,44,FEMALE,CARRBORO,"56TH HOUSE","NORTH CARRBORO","CHAPEL HILL",DEMOCRATIC,WHITE,ACTIVE
DEAR,103,DAIRY,"DEAR, RHONDA BLACKWOOD","103 DAIRY CT","CHAPEL HILL",NC,27516,103,"",DAIRY,"",CT,"","","CHAPEL HILL",NC,27516,44,FEMALE,CARRBORO,"50TH HOUSE","HOGAN FARMS","CHAPEL HILL",DEMOCRATIC,WHITE,ACTIVE
DEAR,207,WYNDHAM,"DEAR, STEPHEN JOSEPH","207 WYNDHAM DR","CHAPEL HILL",NC,27516,207,"",WYNDHAM,"",DR,"","","CHAPEL HILL",NC,27516,43,MALE,CARRBORO,"56TH HOUSE","NORTH CARRBORO","CHAPEL HILL",DEMOCRATIC,WHITE,ACTIVE
DEGUZMAN,103,"PAINTED TURTLE","DEGUZMAN, CHRISTINE D","103 PAINTED TURTLE LN","CHAPEL HILL",NC,27516,103,"","PAINTED TURTLE","",LN,"","","CHAPEL HILL",NC,27516,36,FEMALE,CARRBORO,"50TH HOUSE","HOGAN FARMS","CHAPEL HILL",UNAFFILIATED,WHITE,ACTIVE
DEGUZMAN,103,"PAINTED TURTLE","DEGUZMAN, FELIPE","103 PAINTED TURTLE LN","CHAPEL HILL",NC,27516,103,"","PAINTED TURTLE","",LN,"","","CHAPEL HILL",NC,27516,38,MALE,CARRBORO,"50TH HOUSE","HOGAN FARMS","CHAPEL HILL",REPUBLICAN,WHITE,ACTIVE
DEHART,100,"SOUTH FIELDS","DEHART, JANE RAMBO","100 SOUTH FIELDS CIR","CHAPEL HILL",NC,27516,100,"","SOUTH FIELDS","",CIR,"","","CHAPEL HILL",NC,27516,49,FEMALE,CARRBORO,"50TH HOUSE","HOGAN FARMS","CHAPEL HILL",UNAFFILIATED,WHITE,ACTIVE
DEHART,100,"SOUTH FIELDS","DEHART, JOHN PEYTON","100 SOUTH FIELDS CIR","CHAPEL HILL",NC,27516,100,"","SOUTH FIELDS","",CIR,"","","CHAPEL HILL",NC,27516,50,MALE,CARRBORO,"50TH HOUSE","HOGAN FARMS","CHAPEL HILL",REPUBLICAN,WHITE,ACTIVE
DELIMA,8017,ROGERS,"DELIMA, MARY JENNIFER","8017 ROGERS RD","CHAPEL HILL",NC,27516,8017,"",ROGERS,"",RD,"","","CHAPEL HILL",NC,27516,44,FEMALE,CARRBORO,"50TH HOUSE","HOGAN FARMS","CHAPEL HILL",DEMOCRATIC,WHITE,ACTIVE
DEMORE,105,"WHISPERING OAK","DEMORE, EDWARD JOSEPH","105 WHISPERING OAK CT","CHAPEL HILL",NC,27516,105,"","WHISPERING OAK","",CT,"","","CHAPEL HILL",NC,27516,50,MALE,CARRBORO,"50TH HOUSE","HOGAN FARMS","CHAPEL HILL",REPUBLICAN,WHITE,ACTIVE
DEMORE,105,"WHISPERING OAK","DEMORE, NANCY KLAUBER","105 WHISPERING OAK CT","CHAPEL HILL",NC,27516,105,"","WHISPERING OAK","",CT,"","","CHAPEL HILL",NC,27516,41,FEMALE,CARRBORO,"50TH HOUSE","HOGAN FARMS","CHAPEL HILL",REPUBLICAN,WHITE,ACTIVE
DEP,102,RANDOLPH,"DEP, RANITHA HYACINTH","102 RANDOLPH CT","CHAPEL HILL",NC,27516,102,"",RANDOLPH,"",CT,"","","CHAPEL HILL",NC,27516,45,FEMALE,CARRBORO,"50TH HOUSE","HOGAN FARMS","CHAPEL HILL",UNAFFILIATED,"AMERICAN INDIAN or ALASKA NATIVE",ACTIVE
DEP,102,RANDOLPH,"DEP, WEWAGE HIRAN","102 RANDOLPH CT","CHAPEL HILL",NC,27516,102,"",RANDOLPH,"",CT,"","","CHAPEL HILL",NC,27516,46,MALE,CARRBORO,"50TH HOUSE","HOGAN FARMS","CHAPEL HILL",UNAFFILIATED,OTHER,ACTIVE
DERBY,134,"SHADOW RIDGE","DERBY, MARCELLA LYNN HOOK","134 SHADOW RIDGE PL","CHAPEL HILL",NC,27516,134,"","SHADOW RIDGE","",PL,"","","CHAPEL HILL",NC,27516,47,FEMALE,CARRBORO,"50TH HOUSE","HOGAN FARMS","CHAPEL HILL",UNAFFILIATED,WHITE,ACTIVE
DERBY,134,"SHADOW RIDGE","DERBY, WILLIAM C","134 SHADOW RIDGE PL","CHAPEL HILL",NC,27516,134,"","SHADOW RIDGE","",PL,"","","CHAPEL HILL",NC,27516,50,MALE,CARRBORO,"50TH HOUSE","HOGAN FARMS","CHAPEL HILL",DEMOCRATIC,WHITE,ACTIVE
DESELM,208,WYNDHAM,"DESELM, RICHARD LOWELL","208 WYNDHAM DR","CHAPEL HILL",NC,27516,208,"",WYNDHAM,"",DR,"","","CHAPEL HILL",NC,27516,50,MALE,CARRBORO,"56TH HOUSE","NORTH CARRBORO","CHAPEL HILL",UNAFFILIATED,WHITE,ACTIVE
DESELM,208,WYNDHAM,"DESELM, TRACY MARTIN","208 WYNDHAM DR","CHAPEL HILL",NC,27516,208,"",WYNDHAM,"",DR,"","","CHAPEL HILL",NC,27516,47,FEMALE,CARRBORO,"56TH HOUSE","NORTH CARRBORO","CHAPEL HILL",UNAFFILIATED,WHITE,ACTIVE
DESUE,101,"SUNSET CREEK","DESUE, JOHN LAWRENCE JR","101 SUNSET CREEK CIR","CHAPEL HILL",NC,27516,101,"","SUNSET CREEK","",CIR,"","","CHAPEL HILL",NC,27516,37,MALE,CARRBORO,"56TH HOUSE","NORTH CARRBORO","CHAPEL HILL",UNAFFILIATED,WHITE,ACTIVE
DESUE,101,"SUNSET CREEK","DESUE, SUSAN MARIE","101 SUNSET CREEK CIR","CHAPEL HILL",NC,27516,101,"","SUNSET CREEK","",CIR,"","","CHAPEL HILL",NC,27516,35,FEMALE,CARRBORO,"56TH HOUSE","NORTH CARRBORO","CHAPEL HILL",REPUBLICAN,WHITE,ACTIVE
DEVON,102,"GARDEN GATE","DEVON, DAVID A","102 GARDEN GATE DR","CHAPEL HILL",NC,27516,102,"","GARDEN GATE","",DR,"","","CHAPEL HILL",NC,27516,45,MALE,CARRBORO,"56TH HOUSE","NORTH CARRBORO","CHAPEL HILL",REPUBLICAN,WHITE,ACTIVE
DEVON,102,"GARDEN GATE","DEVON, LAURA LEE","102 GARDEN GATE DR","CHAPEL HILL",NC,27516,102,"","GARDEN GATE","",DR,"","","CHAPEL HILL",NC,27516,43,FEMALE,CARRBORO,"56TH HOUSE","NORTH CARRBORO","CHAPEL HILL",REPUBLICAN,WHITE,ACTIVE
DICECCO,112,"JONES CREEK","DICECCO, KIMBERLY ELLEN","112 JONES CREEK PL","CHAPEL HILL",NC,27516,112,"","JONES CREEK","",PL,"","","CHAPEL HILL",NC,27516,40,FEMALE,CARRBORO,"50TH HOUSE","HOGAN FARMS","CHAPEL HILL",REPUBLICAN,WHITE,ACTIVE
DICECCO,112,"JONES CREEK","DICECCO, RAYMOND ROBERT","112 JONES CREEK PL","CHAPEL HILL",NC,27516,112,"","JONES CREEK","",PL,"","","CHAPEL HILL",NC,27516,42,MALE,CARRBORO,"50TH HOUSE","HOGAN FARMS","CHAPEL HILL",REPUBLICAN,WHITE,ACTIVE
DICKER,311,"SUNSET CREEK","DICKER, ELIZABETH","311 SUNSET CREEK CIR","CHAPEL HILL",NC,27516,311,"","SUNSET CREEK","",CIR,"","","CHAPEL HILL",NC,27516,41,FEMALE,CARRBORO,"56TH HOUSE","NORTH CARRBORO","CHAPEL HILL",DEMOCRATIC,WHITE,ACTIVE
DICKER,311,"SUNSET CREEK","DICKER, GLENN R","311 SUNSET CREEK CIR","CHAPEL HILL",NC,27516,311,"","SUNSET CREEK","",CIR,"","","CHAPEL HILL",NC,27516,41,MALE,CARRBORO,"56TH HOUSE","NORTH CARRBORO","CHAPEL HILL",DEMOCRATIC,WHITE,ACTIVE
DICKSON,116,CIRCADIAN,"DICKSON, VICTORIA GREEN","116 CIRCADIAN WAY","CHAPEL HILL",NC,27516,116,"",CIRCADIAN,"",WAY,"","","CHAPEL HILL",NC,27516,55,FEMALE,CARRBORO,"56TH HOUSE","NORTH CARRBORO","CHAPEL HILL",DEMOCRATIC,WHITE,ACTIVE
DINOLA,102,YEARGEN,"DINOLA, MICHAEL A","102 YEARGEN PL","CHAPEL HILL",NC,27516,102,"",YEARGEN,"",PL,"","","CHAPEL HILL",NC,27516,52,MALE,CARRBORO,"56TH HOUSE","NORTH CARRBORO","CHAPEL HILL",UNAFFILIATED,WHITE,ACTIVE
DINOLA,102,YEARGEN,"DINOLA, SANDRA L","102 YEARGEN PL","CHAPEL HILL",NC,27516,102,"",YEARGEN,"",PL,"","","CHAPEL HILL",NC,27516,52,FEMALE,CARRBORO,"56TH HOUSE","NORTH CARRBORO","CHAPEL HILL",UNAFFILIATED,WHITE,ACTIVE
DOBLE,115,"SHADOW RIDGE","DOBLE, CHERYL LEE","115 SHADOW RIDGE PL","CHAPEL HILL",NC,27516,115,"","SHADOW RIDGE","",PL,"","","CHAPEL HILL",NC,27516,40,FEMALE,CARRBORO,"50TH HOUSE","HOGAN FARMS","CHAPEL HILL",REPUBLICAN,WHITE,ACTIVE
DOBLE,115,"SHADOW RIDGE","DOBLE, GREGORY BRUCE","115 SHADOW RIDGE PL","CHAPEL HILL",NC,27516,115,"","SHADOW RIDGE","",PL,"","","CHAPEL HILL",NC,27516,41,MALE,CARRBORO,"50TH HOUSE","HOGAN FARMS","CHAPEL HILL",UNAFFILIATED,WHITE,ACTIVE
DRINKWALTER,2104,PATHWAY,"DRINKWALTER, DANIEL SCOTT","2104 PATHWAY DR","CHAPEL HILL",NC,27516,2104,"",PATHWAY,"",DR,"","","CHAPEL HILL",NC,27516,47,MALE,CARRBORO,"56TH HOUSE","NORTH CARRBORO","CHAPEL HILL",DEMOCRATIC,WHITE,ACTIVE
DRINKWALTER,2104,PATHWAY,"DRINKWALTER, ISABEL LOPEZ","2104 PATHWAY DR","CHAPEL HILL",NC,27516,2104,"",PATHWAY,"",DR,"","","CHAPEL HILL",NC,27516,43,FEMALE,CARRBORO,"56TH HOUSE","NORTH CARRBORO","CHAPEL HILL",DEMOCRATIC,WHITE,ACTIVE
DRUMHELLER,100,"HOGAN WOODS","DRUMHELLER, GARY EDWARD","100 HOGAN WOODS CIR","CHAPEL HILL",NC,27516,100,"","HOGAN WOODS","",CIR,"","","CHAPEL HILL",NC,27516,36,MALE,CARRBORO,"50TH HOUSE","HOGAN FARMS","CHAPEL HILL",UNAFFILIATED,WHITE,ACTIVE
DUFFY,103,STRATFORD,"DUFFY, CYNTHIA LARAINE","103 STRATFORD DR","CHAPEL HILL",NC,27516,103,"",STRATFORD,"",DR,"","","CHAPEL HILL",NC,27516,40,FEMALE,CARRBORO,"56TH HOUSE","NORTH CARRBORO","CHAPEL HILL",REPUBLICAN,WHITE,ACTIVE
DUFFY,111,SUFFOLK,"DUFFY, JOHN JAMES JR","111 SUFFOLK PL","CHAPEL HILL",NC,27516,111,"",SUFFOLK,"",PL,"","","CHAPEL HILL",NC,27516,47,MALE,CARRBORO,"56TH HOUSE","NORTH CARRBORO","CHAPEL HILL",REPUBLICAN,WHITE,ACTIVE
DUFFY,103,STRATFORD,"DUFFY, JOSEPH J III","103 STRATFORD DR","CHAPEL HILL",NC,27516,103,"",STRATFORD,"",DR,"","","CHAPEL HILL",NC,27516,48,MALE,CARRBORO,"56TH HOUSE","NORTH CARRBORO","CHAPEL HILL",DEMOCRATIC,WHITE,ACTIVE
DUFFY,111,SUFFOLK,"DUFFY, LYNN S","111 SUFFOLK PL","CHAPEL HILL",NC,27516,111,"",SUFFOLK,"",PL,"","","CHAPEL HILL",NC,27516,44,FEMALE,CARRBORO,"56TH HOUSE","NORTH CARRBORO","CHAPEL HILL",REPUBLICAN,WHITE,ACTIVE
DURONIO,306,"SUNSET CREEK","DURONIO, ROBERT JOSEPH","306 SUNSET CREEK CIR","CHAPEL HILL",NC,27516,306,"","SUNSET CREEK","",CIR,"","","CHAPEL HILL",NC,27516,42,MALE,CARRBORO,"56TH HOUSE","NORTH CARRBORO","CHAPEL HILL",DEMOCRATIC,WHITE,ACTIVE
DURONIO,306,"SUNSET CREEK","DURONIO, SUSAN TAYLOR","306 SUNSET CREEK CIR","CHAPEL HILL",NC,27516,306,"","SUNSET CREEK","",CIR,"","","CHAPEL HILL",NC,27516,42,FEMALE,CARRBORO,"56TH HOUSE","NORTH CARRBORO","CHAPEL HILL",DEMOCRATIC,WHITE,ACTIVE
DWYER,102,"BUCK TAYLOR","DWYER, JOHN JAMES JR","102 BUCK TAYLOR TRL","CHAPEL HILL",NC,27516,102,"","BUCK TAYLOR","",TRL,"","","CHAPEL HILL",NC,27516,40,MALE,CARRBORO,"56TH HOUSE","NORTH CARRBORO","CHAPEL HILL",REPUBLICAN,WHITE,ACTIVE
DWYER,102,"BUCK TAYLOR","DWYER, MARY ANN","102 BUCK TAYLOR TRL","CHAPEL HILL",NC,27516,102,"","BUCK TAYLOR","",TRL,"","","CHAPEL HILL",NC,27516,41,FEMALE,CARRBORO,"56TH HOUSE","NORTH CARRBORO","CHAPEL HILL",UNAFFILIATED,WHITE,ACTIVE
DYESS,313,ROSSBURN,"DYESS, LESLIE JONES","313 ROSSBURN WAY","CHAPEL HILL",NC,27516,313,"",ROSSBURN,"",WAY,"","","CHAPEL HILL",NC,27516,49,FEMALE,CARRBORO,"54TH HOUSE",DAMASCUS,"CHAPEL HILL",REPUBLICAN,WHITE,ACTIVE
DYESS,313,ROSSBURN,"DYESS, TIMOTHY MARTIN","313 ROSSBURN WAY","CHAPEL HILL",NC,27516,313,"",ROSSBURN,"",WAY,"","","CHAPEL HILL",NC,27516,48,MALE,CARRBORO,"54TH HOUSE",DAMASCUS,"CHAPEL HILL",DEMOCRATIC,WHITE,ACTIVE
EARHART,810,"OLD FAYETTEVILLE","EARHART, NANCY ELLEN","810 OLD FAYETTEVILLE RD   #42","CHAPEL HILL",NC,27516,810,"","OLD FAYETTEVILLE","",RD,"",42,"CHAPEL HILL",NC,27516,45,UNDESIGNATED,CARRBORO,"56TH HOUSE",CARRBORO,"CHAPEL HILL",UNAFFILIATED,WHITE,ACTIVE
EARHART,810,"OLD FAYETTEVILLE","EARHART, ROBERT MORRIS","810 OLD FAYETTEVILLE RD   #1","CHAPEL HILL",NC,27516,810,"","OLD FAYETTEVILLE","",RD,"",1,"CHAPEL HILL",NC,27516,53,MALE,CARRBORO,"56TH HOUSE",CARRBORO,"CHAPEL HILL",REPUBLICAN,WHITE,ACTIVE
EBERLY,6006,"MEADOW RUN","EBERLY, DAVID HOWARD","6006 MEADOW RUN CT","CHAPEL HILL",NC,27516,6006,"","MEADOW RUN","",CT,"","","CHAPEL HILL",NC,27516,51,MALE,CARRBORO,"50TH HOUSE","HOGAN FARMS","CHAPEL HILL",DEMOCRATIC,WHITE,ACTIVE
EBERLY,6006,"MEADOW RUN","EBERLY, SHELLY INNIS","6006 MEADOW RUN CT","CHAPEL HILL",NC,27516,6006,"","MEADOW RUN","",CT,"","","CHAPEL HILL",NC,27516,44,FEMALE,CARRBORO,"50TH HOUSE","HOGAN FARMS","CHAPEL HILL",UNAFFILIATED,WHITE,ACTIVE
EDERLE,134,COBBLESTONE,"EDERLE, MIKE","134 COBBLESTONE DR","CHAPEL HILL",NC,27516,134,"",COBBLESTONE,"",DR,"","","CHAPEL HILL",NC,27516,42,MALE,CARRBORO,"56TH HOUSE","NORTH CARRBORO","CHAPEL HILL",UNAFFILIATED,WHITE,ACTIVE
EDERLE,134,COBBLESTONE,"EDERLE, SARAH GORDON","134 COBBLESTONE DR","CHAPEL HILL",NC,27516,134,"",COBBLESTONE,"",DR,"","","CHAPEL HILL",NC,27516,41,FEMALE,CARRBORO,"56TH HOUSE","NORTH CARRBORO","CHAPEL HILL",DEMOCRATIC,WHITE,ACTIVE
ELDERKIN,1220,TALLYHO,"ELDERKIN, D VANCE","1220 TALLYHO TRL","CHAPEL HILL",NC,27516,1220,"",TALLYHO,"",TRL,"","","CHAPEL HILL",NC,27516,51,MALE,CARRBORO,"50TH HOUSE","HOGAN FARMS","CHAPEL HILL",UNAFFILIATED,WHITE,ACTIVE
ELDERKIN,1220,TALLYHO,"ELDERKIN, KIM D","1220 TALLYHO TRL","CHAPEL HILL",NC,27516,1220,"",TALLYHO,"",TRL,"","","CHAPEL HILL",NC,27516,50,FEMALE,CARRBORO,"50TH HOUSE","HOGAN FARMS","CHAPEL HILL",REPUBLICAN,WHITE,ACTIVE
ELLESTAD,101,"BUCK TAYLOR","ELLESTAD, CHRISTINE","101 BUCK TAYLOR TRL","CHAPEL HILL",NC,27516,101,"","BUCK TAYLOR","",TRL,"","","CHAPEL HILL",NC,27516,54,FEMALE,CARRBORO,"56TH HOUSE","NORTH CARRBORO","CHAPEL HILL",DEMOCRATIC,UNDESIGNATED,ACTIVE
ELLIS,102,CANTON,"ELLIS, JAMES EDWARD","102 CANTON CT","CHAPEL HILL",NC,27516,102,"",CANTON,"",CT,"","","CHAPEL HILL",NC,27516,53,MALE,CARRBORO,"56TH HOUSE","NORTH CARRBORO","CHAPEL HILL",DEMOCRATIC,WHITE,ACTIVE
EMERSON,200,"LAKE MANOR","EMERSON, ELIZABETH MARIE","200 LAKE MANOR RD","CHAPEL HILL",NC,27516,200,"","LAKE MANOR","",RD,"","","CHAPEL HILL",NC,27516,49,FEMALE,CARRBORO,"50TH HOUSE","HOGAN FARMS","CHAPEL HILL",UNAFFILIATED,WHITE,ACTIVE
EMERSON,200,"LAKE MANOR","EMERSON, RICHARD RILEY","200 LAKE MANOR RD","CHAPEL HILL",NC,27516,200,"","LAKE MANOR","",RD,"","","CHAPEL HILL",NC,27516,49,MALE,CARRBORO,"50TH HOUSE","HOGAN FARMS","CHAPEL HILL",REPUBLICAN,WHITE,ACTIVE
ENGLISH,104,RANDOLPH,"ENGLISH, ALETA BONOTAN","104 RANDOLPH CT","CHAPEL HILL",NC,27516,104,"",RANDOLPH,"",CT,"","","CHAPEL HILL",NC,27516,48,FEMALE,CARRBORO,"50TH HOUSE","HOGAN FARMS","CHAPEL HILL",DEMOCRATIC,ASIAN,ACTIVE
ENGLISH,104,RANDOLPH,"ENGLISH, TERRY WINSTON","104 RANDOLPH CT","CHAPEL HILL",NC,27516,104,"",RANDOLPH,"",CT,"","","CHAPEL HILL",NC,27516,42,MALE,CARRBORO,"50TH HOUSE","HOGAN FARMS","CHAPEL HILL",DEMOCRATIC,"BLACK or AFRICAN AMERICAN",ACTIVE
ESTES,209,WYNDHAM,"ESTES, PATRICIA ALLEN","209 WYNDHAM DR","CHAPEL HILL",NC,27516,209,"",WYNDHAM,"",DR,"","","CHAPEL HILL",NC,27516,55,FEMALE,CARRBORO,"56TH HOUSE","NORTH CARRBORO","CHAPEL HILL",DEMOCRATIC,WHITE,ACTIVE
FAHS,8401,INVERNESS,"FAHS, JEFFERY JAMES","8401 INVERNESS WAY","CHAPEL HILL",NC,27516,8401,"",INVERNESS,"",WAY,"","","CHAPEL HILL",NC,27516,55,MALE,CARRBORO,"50TH HOUSE","HOGAN FARMS","CHAPEL HILL",DEMOCRATIC,WHITE,INACTIVE
FAHS,8401,INVERNESS,"FAHS, KIMERLY WALTER","8401 INVERNESS WAY","CHAPEL HILL",NC,27516,8401,"",INVERNESS,"",WAY,"","","CHAPEL HILL",NC,27516,52,FEMALE,CARRBORO,"50TH HOUSE","HOGAN FARMS","CHAPEL HILL",DEMOCRATIC,WHITE,INACTIVE
FAIR,205,STRATFORD,"FAIR, EVELYN JONES","205 STRATFORD DR","CHAPEL HILL",NC,27516,205,"",STRATFORD,"",DR,"","","CHAPEL HILL",NC,27516,49,FEMALE,CARRBORO,"56TH HOUSE","NORTH CARRBORO","CHAPEL HILL",REPUBLICAN,WHITE,ACTIVE
FAIR,205,STRATFORD,"FAIR, JEFFREY HASKELL","205 STRATFORD DR","CHAPEL HILL",NC,27516,205,"",STRATFORD,"",DR,"","","CHAPEL HILL",NC,27516,50,MALE,CARRBORO,"56TH HOUSE","NORTH CARRBORO","CHAPEL HILL",REPUBLICAN,UNDESIGNATED,ACTIVE
FALETTO,203,STRATFORD,"FALETTO, LINDA COUCH","203 STRATFORD DR","CHAPEL HILL",NC,27516,203,"",STRATFORD,"",DR,"","","CHAPEL HILL",NC,27516,46,FEMALE,CARRBORO,"56TH HOUSE","NORTH CARRBORO","CHAPEL HILL",UNAFFILIATED,WHITE,ACTIVE
FALETTO,203,STRATFORD,"FALETTO, MICHAEL B","203 STRATFORD DR","CHAPEL HILL",NC,27516,203,"",STRATFORD,"",DR,"","","CHAPEL HILL",NC,27516,49,MALE,CARRBORO,"56TH HOUSE","NORTH CARRBORO","CHAPEL HILL",UNAFFILIATED,WHITE,ACTIVE
FARLEY,101,MICHAELS,"FARLEY, JOHN E","101 MICHAELS WAY","CHAPEL HILL",NC,27516,101,"",MICHAELS,"",WAY,"","","CHAPEL HILL",NC,27516,52,MALE,CARRBORO,"56TH HOUSE","NORTH CARRBORO","CHAPEL HILL",DEMOCRATIC,WHITE,ACTIVE
FARLEY,101,MICHAELS,"FARLEY, MARTHA SHEARD","101 MICHAELS WAY","CHAPEL HILL",NC,27516,101,"",MICHAELS,"",WAY,"","","CHAPEL HILL",NC,27516,46,FEMALE,CARRBORO,"56TH HOUSE","NORTH CARRBORO","CHAPEL HILL",DEMOCRATIC,WHITE,ACTIVE
FAY,108,"SHADOW RIDGE","FAY, ELLEN DANA","108 SHADOW RIDGE PL","CHAPEL HILL",NC,27516,108,"","SHADOW RIDGE","",PL,"","","CHAPEL HILL",NC,27516,52,FEMALE,CARRBORO,"50TH HOUSE","HOGAN FARMS","CHAPEL HILL",UNAFFILIATED,WHITE,ACTIVE
FAY,108,"SHADOW RIDGE","FAY, STEVEN MICHAEL","108 SHADOW RIDGE PL","CHAPEL HILL",NC,27516,108,"","SHADOW RIDGE","",PL,"","","CHAPEL HILL",NC,27516,53,MALE,CARRBORO,"50TH HOUSE","HOGAN FARMS","CHAPEL HILL",UNAFFILIATED,WHITE,ACTIVE
FELTCH,1016,TALLYHO,"FELTCH, JOHN FRANKLIN","1016 TALLYHO TRL","CHAPEL HILL",NC,27516,1016,"",TALLYHO,"",TRL,"","","CHAPEL HILL",NC,27516,48,MALE,CARRBORO,"50TH HOUSE","HOGAN FARMS","CHAPEL HILL",DEMOCRATIC,WHITE,ACTIVE
FELTCH,1016,TALLYHO,"FELTCH, MITZIE JOKICH","1016 TALLYHO TRL","CHAPEL HILL",NC,27516,1016,"",TALLYHO,"",TRL,"","","CHAPEL HILL",NC,27516,54,FEMALE,CARRBORO,"50TH HOUSE","HOGAN FARMS","CHAPEL HILL",UNAFFILIATED,WHITE,ACTIVE
FENTON,125,COLFAX,"FENTON, YOUNG SUK","125 COLFAX DR","CHAPEL HILL",NC,27516,125,"",COLFAX,"",DR,"","","CHAPEL HILL",NC,27516,48,FEMALE,CARRBORO,"56TH HOUSE","NORTH CARRBORO","CHAPEL HILL",DEMOCRATIC,OTHER,ACTIVE
FERNALD,101,BUCKEYE,"FERNALD, ANNE MARIE","101 BUCKEYE LN","CHAPEL HILL",NC,27516,101,"",BUCKEYE,"",LN,"","","CHAPEL HILL",NC,27516,39,FEMALE,CARRBORO,"56TH HOUSE","NORTH CARRBORO","CHAPEL HILL",DEMOCRATIC,WHITE,ACTIVE
FERNALD,101,BUCKEYE,"FERNALD, PETER EAMES","101 BUCKEYE LN","CHAPEL HILL",NC,27516,101,"",BUCKEYE,"",LN,"","","CHAPEL HILL",NC,27516,42,MALE,CARRBORO,"56TH HOUSE","NORTH CARRBORO","CHAPEL HILL",DEMOCRATIC,WHITE,ACTIVE
FERRITER,8111,HOUND,"FERRITER, KRISTIN ANNE","8111 N HOUND CT","CHAPEL HILL",NC,27516,8111,N,HOUND,"",CT,"","","CHAPEL HILL",NC,27516,39,FEMALE,CARRBORO,"50TH HOUSE","HOGAN FARMS","CHAPEL HILL",UNAFFILIATED,WHITE,ACTIVE
FERRITER,8111,HOUND,"FERRITER, MATTHEW SKELLY","8111 N HOUND CT","CHAPEL HILL",NC,27516,8111,N,HOUND,"",CT,"","","CHAPEL HILL",NC,27516,40,MALE,CARRBORO,"50TH HOUSE","HOGAN FARMS","CHAPEL HILL",UNAFFILIATED,WHITE,ACTIVE
FLOURNOY,304,"FARM HOUSE","FLOURNOY, MARGARET ANNE","304 FARM HOUSE DR","CHAPEL HILL",NC,27516,304,"","FARM HOUSE","",DR,"","","CHAPEL HILL",NC,27516,44,FEMALE,CARRBORO,"56TH HOUSE","NORTH CARRBORO","CHAPEL HILL",DEMOCRATIC,WHITE,ACTIVE
FLOURNOY,304,"FARM HOUSE","FLOURNOY, WAYNE JOSEF","304 FARM HOUSE DR","CHAPEL HILL",NC,27516,304,"","FARM HOUSE","",DR,"","","CHAPEL HILL",NC,27516,48,MALE,CARRBORO,"56TH HOUSE","NORTH CARRBORO","CHAPEL HILL",REPUBLICAN,WHITE,ACTIVE
FLOYD,131,COBBLESTONE,"FLOYD, GLENN JOSEPH","131 COBBLESTONE DR","CHAPEL HILL",NC,27516,131,"",COBBLESTONE,"",DR,"","","CHAPEL HILL",NC,27516,49,MALE,CARRBORO,"56TH HOUSE","NORTH CARRBORO","CHAPEL HILL",DEMOCRATIC,WHITE,ACTIVE
FLOYD,131,COBBLESTONE,"FLOYD, TINA RIGGSBEE","131 COBBLESTONE DR","CHAPEL HILL",NC,27516,131,"",COBBLESTONE,"",DR,"","","CHAPEL HILL",NC,27516,51,FEMALE,CARRBORO,"56TH HOUSE","NORTH CARRBORO","CHAPEL HILL",REPUBLICAN,WHITE,ACTIVE
FONTAINE,100,"BAY VIEW","FONTAINE, ROMEO  III","100 BAY VIEW DR","CHAPEL HILL",NC,27516,100,"","BAY VIEW","",DR,"","","CHAPEL HILL",NC,27516,41,MALE,CARRBORO,"50TH HOUSE","HOGAN FARMS","CHAPEL HILL",DEMOCRATIC,WHITE,ACTIVE
FONTAINE,100,"BAY VIEW","FONTAINE, SHERRY LYNN","100 BAY VIEW DR","CHAPEL HILL",NC,27516,100,"","BAY VIEW","",DR,"","","CHAPEL HILL",NC,27516,42,FEMALE,CARRBORO,"50TH HOUSE","HOGAN FARMS","CHAPEL HILL",UNAFFILIATED,WHITE,ACTIVE
FOX,105,"PAINTED TURTLE","FOX, BRAD","105 PAINTED TURTLE LN","CHAPEL HILL",NC,27516,105,"","PAINTED TURTLE","",LN,"","","CHAPEL HILL",NC,27516,44,MALE,CARRBORO,"50TH HOUSE","HOGAN FARMS","CHAPEL HILL",REPUBLICAN,UNDESIGNATED,ACTIVE
FOX,105,"PAINTED TURTLE","FOX, LYNN","105 PAINTED TURTLE LN","CHAPEL HILL",NC,27516,105,"","PAINTED TURTLE","",LN,"","","CHAPEL HILL",NC,27516,42,FEMALE,CARRBORO,"50TH HOUSE","HOGAN FARMS","CHAPEL HILL",UNAFFILIATED,UNDESIGNATED,ACTIVE
FREDERICK,405,ROSSBURN,"FREDERICK, CHERYL BEDDINGFIELD","405 ROSSBURN WAY","CHAPEL HILL",NC,27516,405,"",ROSSBURN,"",WAY,"","","CHAPEL HILL",NC,27516,35,FEMALE,CARRBORO,"54TH HOUSE",DAMASCUS,"CHAPEL HILL",DEMOCRATIC,WHITE,INACTIVE
FREDIANI,2215,PATHWAY,"FREDIANI, KIRA BRIGGS","PO BOX 902",CARRBORO,NC,27510,2215,"",PATHWAY,"",DR,"","","CHAPEL HILL",NC,27516,36,FEMALE,CARRBORO,"56TH HOUSE","NORTH CARRBORO","CHAPEL HILL",DEMOCRATIC,WHITE,ACTIVE
FREDIANI,2215,PATHWAY,"FREDIANI, PAUL ANTHONY","PO BOX 902",CARRBORO,NC,27510,2215,"",PATHWAY,"",DR,"","","CHAPEL HILL",NC,27516,41,MALE,CARRBORO,"56TH HOUSE","NORTH CARRBORO","CHAPEL HILL",UNAFFILIATED,WHITE,ACTIVE
FREEMAN,104,GRACEWOOD,"FREEMAN, CARL WILLIAM JR","104 GRACEWOOD PL","CHAPEL HILL",NC,27516,104,"",GRACEWOOD,"",PL,"","","CHAPEL HILL",NC,27516,39,MALE,CARRBORO,"56TH HOUSE","NORTH CARRBORO","CHAPEL HILL",UNAFFILIATED,WHITE,ACTIVE
FREEMAN,104,GRACEWOOD,"FREEMAN, ELIZABETH ROBERTSON","104 GRACEWOOD PL","CHAPEL HILL",NC,27516,104,"",GRACEWOOD,"",PL,"","","CHAPEL HILL",NC,27516,36,FEMALE,CARRBORO,"56TH HOUSE","NORTH CARRBORO","CHAPEL HILL",UNAFFILIATED,WHITE,ACTIVE
FREID,105,STRATFORD,"FREID, EUGENE BARRY","105 STRATFORD DR","CHAPEL HILL",NC,27516,105,"",STRATFORD,"",DR,"","","CHAPEL HILL",NC,27516,49,MALE,CARRBORO,"56TH HOUSE","NORTH CARRBORO","CHAPEL HILL",DEMOCRATIC,WHITE,ACTIVE
FREID,105,STRATFORD,"FREID, SHEREE MARIE","105 STRATFORD DR","CHAPEL HILL",NC,27516,105,"",STRATFORD,"",DR,"","","CHAPEL HILL",NC,27516,49,FEMALE,CARRBORO,"56TH HOUSE","NORTH CARRBORO","CHAPEL HILL",DEMOCRATIC,WHITE,ACTIVE
FRISCH,201,COLFAX,"FRISCH, KAREN ELAINE","201 COLFAX DR","CHAPEL HILL",NC,27516,201,"",COLFAX,"",DR,"","","CHAPEL HILL",NC,27516,54,FEMALE,CARRBORO,"56TH HOUSE","NORTH CARRBORO","CHAPEL HILL",DEMOCRATIC,WHITE,ACTIVE
FRISCH,201,COLFAX,"FRISCH, MICHAEL FRANK","201 COLFAX DR","CHAPEL HILL",NC,27516,201,"",COLFAX,"",DR,"","","CHAPEL HILL",NC,27516,49,MALE,CARRBORO,"56TH HOUSE","NORTH CARRBORO","CHAPEL HILL",REPUBLICAN,WHITE,ACTIVE
GABLE,401,"CATES FARM","GABLE, JANET KAY","401 CATES FARM RD","CHAPEL HILL",NC,27516,401,"","CATES FARM","",RD,"","","CHAPEL HILL",NC,27516,49,FEMALE,CARRBORO,"56TH HOUSE","NORTH CARRBORO","CHAPEL HILL",REPUBLICAN,WHITE,ACTIVE
GABLE,401,"CATES FARM","GABLE, WILLIAM HOWARD","401 CATES FARM RD","CHAPEL HILL",NC,27516,401,"","CATES FARM","",RD,"","","CHAPEL HILL",NC,27516,50,MALE,CARRBORO,"56TH HOUSE","NORTH CARRBORO","CHAPEL HILL",DEMOCRATIC,WHITE,ACTIVE
GAGE,2009,WHITMORE,"GAGE, GWEN DAVIES","2009 WHITMORE CIR","CHAPEL HILL",NC,27516,2009,"",WHITMORE,"",CIR,"","","CHAPEL HILL",NC,27516,43,FEMALE,CARRBORO,"50TH HOUSE","HOGAN FARMS","CHAPEL HILL",UNAFFILIATED,WHITE,ACTIVE
GAGE,2009,WHITMORE,"GAGE, JAMES RANDOLPH","2009 WHITMORE CIR","CHAPEL HILL",NC,27516,2009,"",WHITMORE,"",CIR,"","","CHAPEL HILL",NC,27516,43,MALE,CARRBORO,"50TH HOUSE","HOGAN FARMS","CHAPEL HILL",UNAFFILIATED,WHITE,ACTIVE
GAIDO,407,"HOGAN WOODS","GAIDO, KEVIN WILLIAM","407 HOGAN WOODS CIR","CHAPEL HILL",NC,27516,407,"","HOGAN WOODS","",CIR,"","","CHAPEL HILL",NC,27516,47,MALE,CARRBORO,"50TH HOUSE","HOGAN FARMS","CHAPEL HILL",DEMOCRATIC,WHITE,ACTIVE
GAIDO,407,"HOGAN WOODS","GAIDO, MARCIA LYNN","407 HOGAN WOODS CIR","CHAPEL HILL",NC,27516,407,"","HOGAN WOODS","",CIR,"","","CHAPEL HILL",NC,27516,45,FEMALE,CARRBORO,"50TH HOUSE","HOGAN FARMS","CHAPEL HILL",REPUBLICAN,WHITE,ACTIVE
GALLAGHER,8320,"LOCH LAVEN","GALLAGHER, CAROLYN MILES","8320 LOCH LAVEN LN","CHAPEL HILL",NC,27516,8320,"","LOCH LAVEN","",LN,"","","CHAPEL HILL",NC,27516,44,FEMALE,CARRBORO,"50TH HOUSE","HOGAN FARMS","CHAPEL HILL",REPUBLICAN,WHITE,ACTIVE
GALLAGHER,8320,"LOCH LAVEN","GALLAGHER, JOHN WARD","8320 LOCH LAVEN LN","CHAPEL HILL",NC,27516,8320,"","LOCH LAVEN","",LN,"","","CHAPEL HILL",NC,27516,45,MALE,CARRBORO,"50TH HOUSE","HOGAN FARMS","CHAPEL HILL",REPUBLICAN,WHITE,ACTIVE
GALLO,3002,STAFFIELD,"GALLO, LAURA C","3002 STAFFIELD LN","CHAPEL HILL",NC,27516,3002,"",STAFFIELD,"",LN,"","","CHAPEL HILL",NC,27516,52,FEMALE,CARRBORO,"50TH HOUSE","HOGAN FARMS","CHAPEL HILL",DEMOCRATIC,WHITE,ACTIVE
GASDASKA,213,STRATFORD,"GASDASKA, BONNIE NORWIG","213 STRATFORD DR","CHAPEL HILL",NC,27516,213,"",STRATFORD,"",DR,"","","CHAPEL HILL",NC,27516,46,FEMALE,CARRBORO,"56TH HOUSE","NORTH CARRBORO","CHAPEL HILL",REPUBLICAN,WHITE,ACTIVE
GASDASKA,213,STRATFORD,"GASDASKA, JOHN RICHARD","213 STRATFORD DR","CHAPEL HILL",NC,27516,213,"",STRATFORD,"",DR,"","","CHAPEL HILL",NC,27516,47,MALE,CARRBORO,"56TH HOUSE","NORTH CARRBORO","CHAPEL HILL",DEMOCRATIC,WHITE,ACTIVE
GEREAU,105,"LAKE MANOR","GEREAU, DAVID CLIFFORD","105 LAKE MANOR RD","CHAPEL HILL",NC,27516,105,"","LAKE MANOR","",RD,"","","CHAPEL HILL",NC,27516,48,MALE,CARRBORO,"50TH HOUSE","HOGAN FARMS","CHAPEL HILL",REPUBLICAN,WHITE,INACTIVE
GEREAU,105,"LAKE MANOR","GEREAU, ELIZABETH EILEEN","105 LAKE MANOR RD","CHAPEL HILL",NC,27516,105,"","LAKE MANOR","",RD,"","","CHAPEL HILL",NC,27516,49,FEMALE,CARRBORO,"50TH HOUSE","HOGAN FARMS","CHAPEL HILL",DEMOCRATIC,WHITE,INACTIVE
GIDUZ,107,ELLSWORTH,"GIDUZ, ELIZABETH HALLECK","107 ELLSWORTH PL","CHAPEL HILL",NC,27516,107,"",ELLSWORTH,"",PL,"","","CHAPEL HILL",NC,27516,47,FEMALE,CARRBORO,"56TH HOUSE","NORTH CARRBORO","CHAPEL HILL",DEMOCRATIC,WHITE,ACTIVE
GIDUZ,107,ELLSWORTH,"GIDUZ, THOMAS TRACY","107 ELLSWORTH PL","CHAPEL HILL",NC,27516,107,"",ELLSWORTH,"",PL,"","","CHAPEL HILL",NC,27516,50,MALE,CARRBORO,"56TH HOUSE","NORTH CARRBORO","CHAPEL HILL",DEMOCRATIC,WHITE,ACTIVE
GILL,8329,"LOCH LAVEN","GILL, JENNIFER HART","8329 LOCH LAVEN LN","CHAPEL HILL",NC,27516,8329,"","LOCH LAVEN","",LN,"","","CHAPEL HILL",NC,27516,35,FEMALE,CARRBORO,"50TH HOUSE","HOGAN FARMS","CHAPEL HILL",DEMOCRATIC,WHITE,INACTIVE
GILL,8329,"LOCH LAVEN","GILL, MARK FRANCIS","8329 LOCH LAVEN LN","CHAPEL HILL",NC,27516,8329,"","LOCH LAVEN","",LN,"","","CHAPEL HILL",NC,27516,46,MALE,CARRBORO,"50TH HOUSE","HOGAN FARMS","CHAPEL HILL",UNAFFILIATED,WHITE,INACTIVE
GILLESKIE,308,"HOGAN WOODS","GILLESKIE, DONNA BOSWELL","308 HOGAN WOODS CIR","CHAPEL HILL",NC,27516,308,"","HOGAN WOODS","",CIR,"","","CHAPEL HILL",NC,27516,40,FEMALE,CARRBORO,"50TH HOUSE","HOGAN FARMS","CHAPEL HILL",REPUBLICAN,WHITE,ACTIVE
GILLESKIE,308,"HOGAN WOODS","GILLESKIE, GARY LOUIS","308 HOGAN WOODS CIR","CHAPEL HILL",NC,27516,308,"","HOGAN WOODS","",CIR,"","","CHAPEL HILL",NC,27516,43,MALE,CARRBORO,"50TH HOUSE","HOGAN FARMS","CHAPEL HILL",DEMOCRATIC,WHITE,ACTIVE
GILLMER,237,"TOWNE RIDGE","GILLMER, BARBARA SESSOMS","237 TOWNE RIDGE LN","CHAPEL HILL",NC,27516,237,"","TOWNE RIDGE","",LN,"","","CHAPEL HILL",NC,27516,51,FEMALE,CARRBORO,"50TH HOUSE","HOGAN FARMS","CHAPEL HILL",DEMOCRATIC,WHITE,ACTIVE
GINSBERG,107,BUCKEYE,"GINSBERG, ANDREW RICHARD","107 BUCKEYE LN","CHAPEL HILL",NC,27516,107,"",BUCKEYE,"",LN,"","","CHAPEL HILL",NC,27516,37,MALE,CARRBORO,"56TH HOUSE","NORTH CARRBORO","CHAPEL HILL",REPUBLICAN,WHITE,ACTIVE
GINSBERG,107,BUCKEYE,"GINSBERG, MARNIE CATHERINE","107 BUCKEYE LN","CHAPEL HILL",NC,27516,107,"",BUCKEYE,"",LN,"","","CHAPEL HILL",NC,27516,35,FEMALE,CARRBORO,"56TH HOUSE","NORTH CARRBORO","CHAPEL HILL",REPUBLICAN,WHITE,ACTIVE
GIRMAN,107,"TURTLEBACK CROSSING","GIRMAN, CYNTHIA JOHNSON","107 TURTLEBACK CROSSING DR","CHAPEL HILL",NC,27516,107,"","TURTLEBACK CROSSING","",DR,"","","CHAPEL HILL",NC,27516,47,FEMALE,CARRBORO,"50TH HOUSE","HOGAN FARMS","CHAPEL HILL",DEMOCRATIC,WHITE,ACTIVE
GIRMAN,107,"TURTLEBACK CROSSING","GIRMAN, THOMAS PAUL","107 TURTLEBACK CROSSING DR","CHAPEL HILL",NC,27516,107,"","TURTLEBACK CROSSING","",DR,"","","CHAPEL HILL",NC,27516,53,MALE,CARRBORO,"50TH HOUSE","HOGAN FARMS","CHAPEL HILL",REPUBLICAN,WHITE,ACTIVE
GLASSBROOK,104,PALOMAR,"GLASSBROOK, NORMAN JAY","104 PALOMAR PT","CHAPEL HILL",NC,27516,104,"",PALOMAR,"",PT,"","","CHAPEL HILL",NC,27516,49,MALE,CARRBORO,"54TH HOUSE",DAMASCUS,"CHAPEL HILL",UNAFFILIATED,UNDESIGNATED,ACTIVE
GLASSBROOK,104,PALOMAR,"GLASSBROOK, SALLY LYNN","104 PALOMAR PT","CHAPEL HILL",NC,27516,104,"",PALOMAR,"",PT,"","","CHAPEL HILL",NC,27516,49,FEMALE,CARRBORO,"54TH HOUSE",DAMASCUS,"CHAPEL HILL",UNAFFILIATED,WHITE,ACTIVE
GOLDBACH,123,"WAVERLY FOREST","GOLDBACH, LEONIA L","123 WAVERLY FOREST LN","CHAPEL HILL",NC,27516,123,"","WAVERLY FOREST","",LN,"","","CHAPEL HILL",NC,27516,45,FEMALE,CARRBORO,"56TH HOUSE","NORTH CARRBORO","CHAPEL HILL",REPUBLICAN,WHITE,ACTIVE
GOLDBACH,123,"WAVERLY FOREST","GOLDBACH, ROBERT HERMAN","123 WAVERLY FOREST LN","CHAPEL HILL",NC,27516,123,"","WAVERLY FOREST","",LN,"","","CHAPEL HILL",NC,27516,45,MALE,CARRBORO,"56TH HOUSE","NORTH CARRBORO","CHAPEL HILL",REPUBLICAN,WHITE,ACTIVE
GONZALEZ,123,"SHADOW RIDGE","GONZALEZ, ROBIN LUIS","123 SHADOW RIDGE PL","CHAPEL HILL",NC,27516,123,"","SHADOW RIDGE","",PL,"","","CHAPEL HILL",NC,27516,48,MALE,CARRBORO,"50TH HOUSE","HOGAN FARMS","CHAPEL HILL",UNAFFILIATED,OTHER,ACTIVE
GONZALEZ,123,"SHADOW RIDGE","GONZALEZ, ROBIN RAE","123 SHADOW RIDGE PL","CHAPEL HILL",NC,27516,123,"","SHADOW RIDGE","",PL,"","","CHAPEL HILL",NC,27516,50,FEMALE,CARRBORO,"50TH HOUSE","HOGAN FARMS","CHAPEL HILL",REPUBLICAN,WHITE,ACTIVE
GOSS,2001,HAWICK,"GOSS, AMY POWELL","2001 S HAWICK CT","CHAPEL HILL",NC,27516,2001,S,HAWICK,"",CT,"","","CHAPEL HILL",NC,27516,46,FEMALE,CARRBORO,"50TH HOUSE","HOGAN FARMS","CHAPEL HILL",UNAFFILIATED,WHITE,ACTIVE
GOSS,109,"GARDEN GATE","GOSS, CHARLES A","109 GARDEN GATE DR","CHAPEL HILL",NC,27516,109,"","GARDEN GATE","",DR,"","","CHAPEL HILL",NC,27516,44,MALE,CARRBORO,"56TH HOUSE","NORTH CARRBORO","CHAPEL HILL",DEMOCRATIC,WHITE,ACTIVE
GOSS,2001,HAWICK,"GOSS, DENNIS CHRISTOPHER","2001 S HAWICK CT","CHAPEL HILL",NC,27516,2001,S,HAWICK,"",CT,"","","CHAPEL HILL",NC,27516,47,MALE,CARRBORO,"50TH HOUSE","HOGAN FARMS","CHAPEL HILL",UNAFFILIATED,WHITE,ACTIVE
GOSS,109,"GARDEN GATE","GOSS, KAREN LW","109 GARDEN GATE DR","CHAPEL HILL",NC,27516,109,"","GARDEN GATE","",DR,"","","CHAPEL HILL",NC,27516,43,FEMALE,CARRBORO,"56TH HOUSE","NORTH CARRBORO","CHAPEL HILL",DEMOCRATIC,WHITE,ACTIVE
GOVERT,123,"LAKE HOGAN FARM","GOVERT, JANINE MARIE","123 LAKE HOGAN FARM RD","CHAPEL HILL",NC,27516,123,"","LAKE HOGAN FARM","",RD,"","","CHAPEL HILL",NC,27516,41,FEMALE,CARRBORO,"50TH HOUSE","HOGAN FARMS","CHAPEL HILL",REPUBLICAN,WHITE,ACTIVE
GOVERT,123,"LAKE HOGAN FARM","GOVERT, JOHN VICTOR","123 LAKE HOGAN FARM RD","CHAPEL HILL",NC,27516,123,"","LAKE HOGAN FARM","",RD,"","","CHAPEL HILL",NC,27516,41,MALE,CARRBORO,"50TH HOUSE","HOGAN FARMS","CHAPEL HILL",REPUBLICAN,WHITE,ACTIVE
GRANT,215,COBBLESTONE,"GRANT, JILL ROBERTSON","215 COBBLESTONE DR","CHAPEL HILL",NC,27516,215,"",COBBLESTONE,"",DR,"","","CHAPEL HILL",NC,27516,46,FEMALE,CARRBORO,"56TH HOUSE","NORTH CARRBORO","CHAPEL HILL",UNAFFILIATED,WHITE,ACTIVE
GRANT,215,COBBLESTONE,"GRANT, TIMOTHY L","215 COBBLESTONE DR","CHAPEL HILL",NC,27516,215,"",COBBLESTONE,"",DR,"","","CHAPEL HILL",NC,27516,46,MALE,CARRBORO,"56TH HOUSE","NORTH CARRBORO","CHAPEL HILL",UNAFFILIATED,WHITE,ACTIVE
GRAWOZBURN,1212,TALLYHO,"GRAWOZBURN, CLEMENT CLIFTON","1212 TALLYHO TRL","CHAPEL HILL",NC,27516,1212,"",TALLYHO,"",TRL,"","","CHAPEL HILL",NC,27516,36,MALE,CARRBORO,"50TH HOUSE","HOGAN FARMS","CHAPEL HILL",UNAFFILIATED,UNDESIGNATED,ACTIVE
GRAY,802,HILLSBOROUGH,"GRAY, ELIZABETH HUNTER","802 HILLSBOROUGH RD","CHAPEL HILL",NC,27516,802,"",HILLSBOROUGH,"",RD,"","","CHAPEL HILL",NC,27516,38,FEMALE,CARRBORO,"56TH HOUSE","NORTH CARRBORO","CHAPEL HILL",DEMOCRATIC,WHITE,ACTIVE
GRAY,802,HILLSBOROUGH,"GRAY, KYLE HOWARD","802 HILLSBOROUGH RD","CHAPEL HILL",NC,27516,802,"",HILLSBOROUGH,"",RD,"","","CHAPEL HILL",NC,27516,39,MALE,CARRBORO,"56TH HOUSE","NORTH CARRBORO","CHAPEL HILL",DEMOCRATIC,WHITE,ACTIVE
GREEN,1306,HILLSBOROUGH,"GREEN, MARSHA ANDERSON","1306 HILLSBOROUGH RD","CHAPEL HILL",NC,27516,1306,"",HILLSBOROUGH,"",RD,"","","CHAPEL HILL",NC,27516,47,FEMALE,CARRBORO,"56TH HOUSE","NORTH CARRBORO","CHAPEL HILL",DEMOCRATIC,WHITE,ACTIVE
GREENE,111,STRATFORD,"GREENE, STEPHEN V","111 STRATFORD DR","CHAPEL HILL",NC,27516,111,"",STRATFORD,"",DR,"","","CHAPEL HILL",NC,27516,49,MALE,CARRBORO,"56TH HOUSE","NORTH CARRBORO","CHAPEL HILL",DEMOCRATIC,WHITE,ACTIVE
GREENE,111,STRATFORD,"GREENE, SUSAN C","111 STRATFORD DR","CHAPEL HILL",NC,27516,111,"",STRATFORD,"",DR,"","","CHAPEL HILL",NC,27516,47,FEMALE,CARRBORO,"56TH HOUSE","NORTH CARRBORO","CHAPEL HILL",DEMOCRATIC,WHITE,ACTIVE
GRIFFITH,103,FAIRFIELD,"GRIFFITH, ELIZABETH DYANNE","103 FAIRFIELD CT","CHAPEL HILL",NC,27516,103,"",FAIRFIELD,"",CT,"","","CHAPEL HILL",NC,27516,48,FEMALE,CARRBORO,"56TH HOUSE","NORTH CARRBORO","CHAPEL HILL",REPUBLICAN,WHITE,INACTIVE
GRIFFITH,103,FAIRFIELD,"GRIFFITH, THOMAS EDWARD JR","103 FAIRFIELD CT","CHAPEL HILL",NC,27516,103,"",FAIRFIELD,"",CT,"","","CHAPEL HILL",NC,27516,51,MALE,CARRBORO,"56TH HOUSE","NORTH CARRBORO","CHAPEL HILL",REPUBLICAN,WHITE,INACTIVE
GRILL,405,ROCKGARDEN,"GRILL, JULIE HOLLANDER","405 ROCKGARDEN DR","CHAPEL HILL",NC,27516,405,"",ROCKGARDEN,"",DR,"","","CHAPEL HILL",NC,27516,43,FEMALE,CARRBORO,"56TH HOUSE","NORTH CARRBORO","CHAPEL HILL",DEMOCRATIC,UNDESIGNATED,ACTIVE
GRILL,405,ROCKGARDEN,"GRILL, WARREN MURRAY JR","405 ROCKGARDEN DR","CHAPEL HILL",NC,27516,405,"",ROCKGARDEN,"",DR,"","","CHAPEL HILL",NC,27516,40,MALE,CARRBORO,"56TH HOUSE","NORTH CARRBORO","CHAPEL HILL",DEMOCRATIC,UNDESIGNATED,ACTIVE
GROCHOWSKI,105,HANFORD,"GROCHOWSKI, KRZYSZTOF","105 HANFORD RD","CHAPEL HILL",NC,27516,105,"",HANFORD,"",RD,"","","CHAPEL HILL",NC,27516,55,MALE,CARRBORO,"56TH HOUSE","NORTH CARRBORO","CHAPEL HILL",REPUBLICAN,WHITE,ACTIVE
GROCHOWSKI,105,HANFORD,"GROCHOWSKI, URSZULA KACZYWSKA","105 HANFORD RD","CHAPEL HILL",NC,27516,105,"",HANFORD,"",RD,"","","CHAPEL HILL",NC,27516,53,FEMALE,CARRBORO,"56TH HOUSE","NORTH CARRBORO","CHAPEL HILL",REPUBLICAN,WHITE,ACTIVE
GUALTIERI-REED,105,"HOGAN GLEN","GUALTIERI-REED, ELIZABETH","105 HOGAN GLEN CT","CHAPEL HILL",NC,27516,105,"","HOGAN GLEN","",CT,"","","CHAPEL HILL",NC,27516,38,FEMALE,CARRBORO,"50TH HOUSE","HOGAN FARMS","CHAPEL HILL",DEMOCRATIC,WHITE,ACTIVE
GUALTIERI-REED,105,"HOGAN GLEN","GUALTIERI-REED, THOMAS P","105 HOGAN GLEN CT","CHAPEL HILL",NC,27516,105,"","HOGAN GLEN","",CT,"","","CHAPEL HILL",NC,27516,39,MALE,CARRBORO,"50TH HOUSE","HOGAN FARMS","CHAPEL HILL",DEMOCRATIC,WHITE,ACTIVE
GUNNELS,105,"BUCK TAYLOR","GUNNELS, TERRY HOWELL","105 BUCK TAYLOR TRL","CHAPEL HILL",NC,27516,105,"","BUCK TAYLOR","",TRL,"","","CHAPEL HILL",NC,27516,52,FEMALE,CARRBORO,"56TH HOUSE","NORTH CARRBORO","CHAPEL HILL",UNAFFILIATED,WHITE,ACTIVE
GUNNING,102,"DAIRY GLEN","GUNNING, ANDREW JEFFREY","102 DAIRY GLEN RD","CHAPEL HILL",NC,27516,102,"","DAIRY GLEN","",RD,"","","CHAPEL HILL",NC,27516,42,MALE,CARRBORO,"50TH HOUSE","HOGAN FARMS","CHAPEL HILL",UNAFFILIATED,WHITE,ACTIVE
GUNNING,102,"DAIRY GLEN","GUNNING, HOLLY CHRISTINE","102 DAIRY GLEN RD","CHAPEL HILL",NC,27516,102,"","DAIRY GLEN","",RD,"","","CHAPEL HILL",NC,27516,39,FEMALE,CARRBORO,"50TH HOUSE","HOGAN FARMS","CHAPEL HILL",UNAFFILIATED,WHITE,ACTIVE
GUO,106,"NORTH FIELDS","GUO, GUANG","106 NORTH FIELDS CIR","CHAPEL HILL",NC,27516,106,"","NORTH FIELDS","",CIR,"","","CHAPEL HILL",NC,27516,51,MALE,CARRBORO,"50TH HOUSE","HOGAN FARMS","CHAPEL HILL",DEMOCRATIC,OTHER,ACTIVE
GUO,106,"NORTH FIELDS","GUO, RUI","106 NORTH FIELDS CIR","CHAPEL HILL",NC,27516,106,"","NORTH FIELDS","",CIR,"","","CHAPEL HILL",NC,27516,46,FEMALE,CARRBORO,"50TH HOUSE","HOGAN FARMS","CHAPEL HILL",UNAFFILIATED,UNDESIGNATED,ACTIVE
GUSTAINIS,300,ROSSBURN,"GUSTAINIS, JOSEPH DONALD","300 ROSSBURN WAY","CHAPEL HILL",NC,27516,300,"",ROSSBURN,"",WAY,"","","CHAPEL HILL",NC,27516,42,MALE,CARRBORO,"54TH HOUSE",DAMASCUS,"CHAPEL HILL",REPUBLICAN,WHITE,ACTIVE
GUSTAINIS,300,ROSSBURN,"GUSTAINIS, MARY ELLEN","300 ROSSBURN WAY","CHAPEL HILL",NC,27516,300,"",ROSSBURN,"",WAY,"","","CHAPEL HILL",NC,27516,41,FEMALE,CARRBORO,"54TH HOUSE",DAMASCUS,"CHAPEL HILL",REPUBLICAN,WHITE,ACTIVE
GWALTNEY,700,"LONG MEADOWS","GWALTNEY, CLINTON R","700 LONG MEADOWS RD","CHAPEL HILL",NC,27516,700,"","LONG MEADOWS","",RD,"","","CHAPEL HILL",NC,27516,37,MALE,CARRBORO,"50TH HOUSE","HOGAN FARMS","CHAPEL HILL",UNAFFILIATED,WHITE,ACTIVE
HADAR,105,"LAKE RIDGE","HADAR, ELDAD JOSEPH","105 LAKE RIDGE PL","CHAPEL HILL",NC,27516,105,"","LAKE RIDGE","",PL,"","","CHAPEL HILL",NC,27516,44,MALE,CARRBORO,"50TH HOUSE","HOGAN FARMS","CHAPEL HILL",UNAFFILIATED,OTHER,ACTIVE
HADAR,105,"LAKE RIDGE","HADAR, JANET TERESA","105 LAKE RIDGE PL","CHAPEL HILL",NC,27516,105,"","LAKE RIDGE","",PL,"","","CHAPEL HILL",NC,27516,39,FEMALE,CARRBORO,"50TH HOUSE","HOGAN FARMS","CHAPEL HILL",DEMOCRATIC,WHITE,ACTIVE
HAGMAN,107,"HOGAN GLEN","HAGMAN, BRIAN GEORGE","107 HOGAN GLEN CT","CHAPEL HILL",NC,27516,107,"","HOGAN GLEN","",CT,"","","CHAPEL HILL",NC,27516,50,MALE,CARRBORO,"50TH HOUSE","HOGAN FARMS","CHAPEL HILL",REPUBLICAN,WHITE,INACTIVE
HAGMAN,107,"HOGAN GLEN","HAGMAN, CATHERINE MCKENZIE","107 HOGAN GLEN CT","CHAPEL HILL",NC,27516,107,"","HOGAN GLEN","",CT,"","","CHAPEL HILL",NC,27516,48,FEMALE,CARRBORO,"50TH HOUSE","HOGAN FARMS","CHAPEL HILL",REPUBLICAN,WHITE,INACTIVE
HAINES,222,AUTUMN,"HAINES, FRANKLIN D","PO BOX 1332",CARRBORO,NC,27510,222,"",AUTUMN,"",DR,"","","CHAPEL HILL",NC,27516,44,MALE,CARRBORO,"56TH HOUSE","NORTH CARRBORO","CHAPEL HILL",UNAFFILIATED,WHITE,ACTIVE
HAINES,222,AUTUMN,"HAINES, MARY ANN","PO BOX 1332",CARRBORO,NC,27510,222,"",AUTUMN,"",DR,"","","CHAPEL HILL",NC,27516,44,FEMALE,CARRBORO,"56TH HOUSE","NORTH CARRBORO","CHAPEL HILL",UNAFFILIATED,WHITE,ACTIVE
HALSTATER,112,"HOGAN RIDGE","HALSTATER, ANN M","112 HOGAN RIDGE CT","CHAPEL HILL",NC,27516,112,"","HOGAN RIDGE","",CT,"","","CHAPEL HILL",NC,27516,38,FEMALE,CARRBORO,"50TH HOUSE","HOGAN FARMS","CHAPEL HILL",UNAFFILIATED,WHITE,ACTIVE
HALSTATER,112,"HOGAN RIDGE","HALSTATER, BRIAN HUGH","112 HOGAN RIDGE CT","CHAPEL HILL",NC,27516,112,"","HOGAN RIDGE","",CT,"","","CHAPEL HILL",NC,27516,38,MALE,CARRBORO,"50TH HOUSE","HOGAN FARMS","CHAPEL HILL",UNAFFILIATED,WHITE,ACTIVE
HAMDEN,1612,HOMESTEAD,"HAMDEN, KIMBERLY ARDELL","1612 HOMESTEAD RD","CHAPEL HILL",NC,27516,1612,"",HOMESTEAD,"",RD,"","","CHAPEL HILL",NC,27516,51,FEMALE,CARRBORO,"50TH HOUSE","HOGAN FARMS","CHAPEL HILL",DEMOCRATIC,WHITE,ACTIVE
HAMDEN,1612,HOMESTEAD,"HAMDEN, MICHAEL STEPHEN","1612 HOMESTEAD RD","CHAPEL HILL",NC,27516,1612,"",HOMESTEAD,"",RD,"","","CHAPEL HILL",NC,27516,52,MALE,CARRBORO,"50TH HOUSE","HOGAN FARMS","CHAPEL HILL",UNAFFILIATED,WHITE,ACTIVE
HAMILTON,2005,HAWICK,"HAMILTON, DONNA HARRIS","2005 S HAWICK CT","CHAPEL HILL",NC,27516,2005,S,HAWICK,"",CT,"","","CHAPEL HILL",NC,27516,50,FEMALE,CARRBORO,"50TH HOUSE","HOGAN FARMS","CHAPEL HILL",REPUBLICAN,WHITE,ACTIVE
HAMILTON,2005,HAWICK,"HAMILTON, MICHAEL ANTHONY","2005 S HAWICK CT","CHAPEL HILL",NC,27516,2005,S,HAWICK,"",CT,"","","CHAPEL HILL",NC,27516,49,MALE,CARRBORO,"50TH HOUSE","HOGAN FARMS","CHAPEL HILL",REPUBLICAN,WHITE,ACTIVE
HAN,309,ROSSBURN,"HAN, CHIEN JIH","309 ROSSBURN WAY","CHAPEL HILL",NC,27516,309,"",ROSSBURN,"",WAY,"","","CHAPEL HILL",NC,27516,48,MALE,CARRBORO,"54TH HOUSE",DAMASCUS,"CHAPEL HILL",UNAFFILIATED,OTHER,INACTIVE
HAN,309,ROSSBURN,"HAN, PATRICIA S","309 ROSSBURN WAY","CHAPEL HILL",NC,27516,309,"",ROSSBURN,"",WAY,"","","CHAPEL HILL",NC,27516,46,FEMALE,CARRBORO,"54TH HOUSE",DAMASCUS,"CHAPEL HILL",UNAFFILIATED,OTHER,ACTIVE
HANKINS,1004,STAFFIELD,"HANKINS, JANET HARTMAN","1004 STAFFIELD LN","CHAPEL HILL",NC,27516,1004,"",STAFFIELD,"",LN,"","","CHAPEL HILL",NC,27516,40,FEMALE,CARRBORO,"50TH HOUSE","HOGAN FARMS","CHAPEL HILL",DEMOCRATIC,WHITE,ACTIVE
HANKINS,1004,STAFFIELD,"HANKINS, KEAN HALLET","1004 STAFFIELD LN","CHAPEL HILL",NC,27516,1004,"",STAFFIELD,"",LN,"","","CHAPEL HILL",NC,27516,41,MALE,CARRBORO,"50TH HOUSE","HOGAN FARMS","CHAPEL HILL",DEMOCRATIC,WHITE,ACTIVE
HANSON,1003,CAMDEN,"HANSON, GUNNAR JAMES","1003 CAMDEN LN","CHAPEL HILL",NC,27516,1003,"",CAMDEN,"",LN,"","","CHAPEL HILL",NC,27516,53,MALE,CARRBORO,"50TH HOUSE","HOGAN FARMS","CHAPEL HILL",REPUBLICAN,WHITE,ACTIVE
HANSON,1003,CAMDEN,"HANSON, SONIA PINEDA","1003 CAMDEN LN","CHAPEL HILL",NC,27516,1003,"",CAMDEN,"",LN,"","","CHAPEL HILL",NC,27516,54,FEMALE,CARRBORO,"50TH HOUSE","HOGAN FARMS","CHAPEL HILL",REPUBLICAN,WHITE,ACTIVE
HARPER,103,"SUNSET RIDGE","HARPER, CHRISTINE SURDU","103 SUNSET RIDGE LN","CHAPEL HILL",NC,27516,103,"","SUNSET RIDGE","",LN,"","","CHAPEL HILL",NC,27516,43,FEMALE,CARRBORO,"56TH HOUSE","NORTH CARRBORO","CHAPEL HILL",REPUBLICAN,WHITE,ACTIVE
HARPER,103,"SUNSET RIDGE","HARPER, JOEL KENNETH","103 SUNSET RIDGE LN","CHAPEL HILL",NC,27516,103,"","SUNSET RIDGE","",LN,"","","CHAPEL HILL",NC,27516,44,MALE,CARRBORO,"56TH HOUSE","NORTH CARRBORO","CHAPEL HILL",DEMOCRATIC,WHITE,ACTIVE
HARRELL,104,SUDBURY,"HARRELL, CONSTANCE MARIAN","104 SUDBURY LN","CHAPEL HILL",NC,27516,104,"",SUDBURY,"",LN,"","","CHAPEL HILL",NC,27516,46,FEMALE,CARRBORO,"56TH HOUSE","NORTH CARRBORO","CHAPEL HILL",REPUBLICAN,WHITE,ACTIVE
HARRELL,104,SUDBURY,"HARRELL, THOMAS KEITH","104 SUDBURY LN","CHAPEL HILL",NC,27516,104,"",SUDBURY,"",LN,"","","CHAPEL HILL",NC,27516,52,MALE,CARRBORO,"56TH HOUSE","NORTH CARRBORO","CHAPEL HILL",DEMOCRATIC,WHITE,ACTIVE
HARRIS,219,"TOWNE RIDGE","HARRIS, KATHY ANN","219 TOWNE RIDGE LN","CHAPEL HILL",NC,27516,219,"","TOWNE RIDGE","",LN,"","","CHAPEL HILL",NC,27516,48,FEMALE,CARRBORO,"50TH HOUSE","HOGAN FARMS","CHAPEL HILL",UNAFFILIATED,WHITE,ACTIVE
HARRIS,219,"TOWNE RIDGE","HARRIS, PAUL WILLLIAM","219 TOWNE RIDGE LN","CHAPEL HILL",NC,27516,219,"","TOWNE RIDGE","",LN,"","","CHAPEL HILL",NC,27516,45,MALE,CARRBORO,"50TH HOUSE","HOGAN FARMS","CHAPEL HILL",REPUBLICAN,WHITE,ACTIVE
HARTINGH,101,RANDOLPH,"HARTINGH, JOHN ALLEN JR","101 RANDOLPH CT","CHAPEL HILL",NC,27516,101,"",RANDOLPH,"",CT,"","","CHAPEL HILL",NC,27516,36,MALE,CARRBORO,"50TH HOUSE","HOGAN FARMS","CHAPEL HILL",UNAFFILIATED,WHITE,ACTIVE
HASKINS,203,"SUNSET CREEK","HASKINS, FORREST PERRY","203 SUNSET CREEK CIR","CHAPEL HILL",NC,27516,203,"","SUNSET CREEK","",CIR,"","","CHAPEL HILL",NC,27516,49,MALE,CARRBORO,"56TH HOUSE","NORTH CARRBORO","CHAPEL HILL",DEMOCRATIC,WHITE,ACTIVE
HASKINS,203,"SUNSET CREEK","HASKINS, TERESA T","203 SUNSET CREEK CIR","CHAPEL HILL",NC,27516,203,"","SUNSET CREEK","",CIR,"","","CHAPEL HILL",NC,27516,46,FEMALE,CARRBORO,"56TH HOUSE","NORTH CARRBORO","CHAPEL HILL",REPUBLICAN,WHITE,ACTIVE
HAUGHTON,222,"TOWNE RIDGE","HAUGHTON, CHRISTOPHER M","222 TOWNE RIDGE LN","CHAPEL HILL",NC,27516,222,"","TOWNE RIDGE","",LN,"","","CHAPEL HILL",NC,27516,35,MALE,CARRBORO,"50TH HOUSE","HOGAN FARMS","CHAPEL HILL",DEMOCRATIC,WHITE,ACTIVE
HAUGHTON,222,"TOWNE RIDGE","HAUGHTON, JULIE LAMBERT","222 TOWNE RIDGE LN","CHAPEL HILL",NC,27516,222,"","TOWNE RIDGE","",LN,"","","CHAPEL HILL",NC,27516,40,FEMALE,CARRBORO,"50TH HOUSE","HOGAN FARMS","CHAPEL HILL",DEMOCRATIC,WHITE,ACTIVE
HAVENER,402,"HOGAN WOODS","HAVENER, TAMMY MOSER","402 HOGAN WOODS CIR","CHAPEL HILL",NC,27516,402,"","HOGAN WOODS","",CIR,"","","CHAPEL HILL",NC,27516,42,FEMALE,CARRBORO,"50TH HOUSE","HOGAN FARMS","CHAPEL HILL",REPUBLICAN,WHITE,ACTIVE
HAVENER,402,"HOGAN WOODS","HAVENER, WALTER ROSEBROOKS","402 HOGAN WOODS CIR","CHAPEL HILL",NC,27516,402,"","HOGAN WOODS","",CIR,"","","CHAPEL HILL",NC,27516,46,MALE,CARRBORO,"50TH HOUSE","HOGAN FARMS","CHAPEL HILL",DEMOCRATIC,WHITE,ACTIVE
HEBERT,211,WYNDHAM,"HEBERT, BECKY ANN","211 WYNDHAM DR","CHAPEL HILL",NC,27516,211,"",WYNDHAM,"",DR,"","","CHAPEL HILL",NC,27516,41,FEMALE,CARRBORO,"56TH HOUSE","NORTH CARRBORO","CHAPEL HILL",UNAFFILIATED,WHITE,ACTIVE
HEBERT,211,WYNDHAM,"HEBERT, PAUL ROGER","211 WYNDHAM DR","CHAPEL HILL",NC,27516,211,"",WYNDHAM,"",DR,"","","CHAPEL HILL",NC,27516,47,MALE,CARRBORO,"56TH HOUSE","NORTH CARRBORO","CHAPEL HILL",REPUBLICAN,WHITE,ACTIVE
HEINE,300,ROCKGARDEN,"HEINE, AMY DURR","300 ROCKGARDEN DR","CHAPEL HILL",NC,27516,300,"",ROCKGARDEN,"",DR,"","","CHAPEL HILL",NC,27516,40,FEMALE,CARRBORO,"56TH HOUSE","NORTH CARRBORO","CHAPEL HILL",UNAFFILIATED,WHITE,ACTIVE
HEINE,303,"LONG MEADOWS","HEINE, CURT EINAR","303 LONG MEADOWS RD","CHAPEL HILL",NC,27516,303,"","LONG MEADOWS","",RD,"","","CHAPEL HILL",NC,27516,45,MALE,CARRBORO,"50TH HOUSE","HOGAN FARMS","CHAPEL HILL",DEMOCRATIC,WHITE,ACTIVE
HEINE,300,ROCKGARDEN,"HEINE, MARK DIETER","300 ROCKGARDEN DR","CHAPEL HILL",NC,27516,300,"",ROCKGARDEN,"",DR,"","","CHAPEL HILL",NC,27516,49,MALE,CARRBORO,"56TH HOUSE","NORTH CARRBORO","CHAPEL HILL",DEMOCRATIC,WHITE,ACTIVE
HEINE,303,"LONG MEADOWS","HEINE, MARY AUSTERBERRY","303 LONG MEADOWS RD","CHAPEL HILL",NC,27516,303,"","LONG MEADOWS","",RD,"","","CHAPEL HILL",NC,27516,46,FEMALE,CARRBORO,"50TH HOUSE","HOGAN FARMS","CHAPEL HILL",REPUBLICAN,WHITE,ACTIVE
HEISER,8316,"LOCH LAVEN","HEISER, THEODORE FRANCIS","8316 LOCH LAVEN LN","CHAPEL HILL",NC,27516,8316,"","LOCH LAVEN","",LN,"","","CHAPEL HILL",NC,27516,49,MALE,CARRBORO,"50TH HOUSE","HOGAN FARMS","CHAPEL HILL",REPUBLICAN,WHITE,ACTIVE
HEISER,8316,"LOCH LAVEN","HEISER, YOLANDA MARTA","8316 LOCH LAVEN LN","CHAPEL HILL",NC,27516,8316,"","LOCH LAVEN","",LN,"","","CHAPEL HILL",NC,27516,55,FEMALE,CARRBORO,"50TH HOUSE","HOGAN FARMS","CHAPEL HILL",REPUBLICAN,WHITE,ACTIVE
HEIVLY,302,"HOGAN WOODS","HEIVLY, CHRISTOPHER GARTH","302 HOGAN WOODS CIR","CHAPEL HILL",NC,27516,302,"","HOGAN WOODS","",CIR,"","","CHAPEL HILL",NC,27516,47,MALE,CARRBORO,"50TH HOUSE","HOGAN FARMS","CHAPEL HILL",DEMOCRATIC,WHITE,ACTIVE
HEIVLY,302,"HOGAN WOODS","HEIVLY, PATRICIA LYNN","302 HOGAN WOODS CIR","CHAPEL HILL",NC,27516,302,"","HOGAN WOODS","",CIR,"","","CHAPEL HILL",NC,27516,46,FEMALE,CARRBORO,"50TH HOUSE","HOGAN FARMS","CHAPEL HILL",UNAFFILIATED,WHITE,ACTIVE
HENDERSON,202,"TOWNE RIDGE","HENDERSON, MARY LYNN JOHNSON","202 TOWNE RIDGE LN","CHAPEL HILL",NC,27516,202,"","TOWNE RIDGE","",LN,"","","CHAPEL HILL",NC,27516,53,FEMALE,CARRBORO,"50TH HOUSE","HOGAN FARMS","CHAPEL HILL",DEMOCRATIC,WHITE,ACTIVE
HERRON,121,"LAKE HOGAN FARM","HERRON, DAPHNE BRASHEAR","121 LAKE HOGAN FARM RD","CHAPEL HILL",NC,27516,121,"","LAKE HOGAN FARM","",RD,"","","CHAPEL HILL",NC,27516,52,FEMALE,CARRBORO,"50TH HOUSE","HOGAN FARMS","CHAPEL HILL",UNAFFILIATED,WHITE,ACTIVE
HERRON,121,"LAKE HOGAN FARM","HERRON, JAMES EDWARD","121 LAKE HOGAN FARM RD","CHAPEL HILL",NC,27516,121,"","LAKE HOGAN FARM","",RD,"","","CHAPEL HILL",NC,27516,53,MALE,CARRBORO,"50TH HOUSE","HOGAN FARMS","CHAPEL HILL",UNAFFILIATED,WHITE,ACTIVE
HERTZBERG,8413,INVERNESS,"HERTZBERG, BARBARA SPECTOR","8413 INVERNESS WAY","CHAPEL HILL",NC,27516,8413,"",INVERNESS,"",WAY,"","","CHAPEL HILL",NC,27516,50,FEMALE,CARRBORO,"50TH HOUSE","HOGAN FARMS","CHAPEL HILL",DEMOCRATIC,WHITE,ACTIVE
HERTZBERG,8413,INVERNESS,"HERTZBERG, MICHAEL ANDREW","8413 INVERNESS WAY","CHAPEL HILL",NC,27516,8413,"",INVERNESS,"",WAY,"","","CHAPEL HILL",NC,27516,50,MALE,CARRBORO,"50TH HOUSE","HOGAN FARMS","CHAPEL HILL",DEMOCRATIC,WHITE,ACTIVE
HEWITT,114,"NORTH FIELDS","HEWITT, ANDREA EDWARDS","114 NORTH FIELDS CIR","CHAPEL HILL",NC,27516,114,"","NORTH FIELDS","",CIR,"","","CHAPEL HILL",NC,27516,36,FEMALE,CARRBORO,"50TH HOUSE","HOGAN FARMS","CHAPEL HILL",REPUBLICAN,WHITE,INACTIVE
HEWITT,114,"NORTH FIELDS","HEWITT, JOHN DAVID","114 NORTH FIELDS CIR","CHAPEL HILL",NC,27516,114,"","NORTH FIELDS","",CIR,"","","CHAPEL HILL",NC,27516,37,MALE,CARRBORO,"50TH HOUSE","HOGAN FARMS","CHAPEL HILL",REPUBLICAN,WHITE,INACTIVE
HIMMELBERG,111,COBBLESTONE,"HIMMELBERG, ADRIENNE G","111 COBBLESTONE DR","CHAPEL HILL",NC,27516,111,"",COBBLESTONE,"",DR,"","","CHAPEL HILL",NC,27516,39,FEMALE,CARRBORO,"56TH HOUSE","NORTH CARRBORO","CHAPEL HILL",UNAFFILIATED,WHITE,ACTIVE
HIMMELBERG,111,COBBLESTONE,"HIMMELBERG, STEPHEN MARK","111 COBBLESTONE DR","CHAPEL HILL",NC,27516,111,"",COBBLESTONE,"",DR,"","","CHAPEL HILL",NC,27516,39,MALE,CARRBORO,"56TH HOUSE","NORTH CARRBORO","CHAPEL HILL",UNAFFILIATED,WHITE,ACTIVE
HINCHMAN,148,"NORTH FIELDS","HINCHMAN, JEFFREY ALLEN","148 NORTH FIELDS CIR","CHAPEL HILL",NC,27516,148,"","NORTH FIELDS","",CIR,"","","CHAPEL HILL",NC,27516,47,MALE,CARRBORO,"50TH HOUSE","HOGAN FARMS","CHAPEL HILL",REPUBLICAN,WHITE,ACTIVE
HINCHMAN,148,"NORTH FIELDS","HINCHMAN, LI QIN","148 NORTH FIELDS CIR","CHAPEL HILL",NC,27516,148,"","NORTH FIELDS","",CIR,"","","CHAPEL HILL",NC,27516,49,FEMALE,CARRBORO,"50TH HOUSE","HOGAN FARMS","CHAPEL HILL",UNAFFILIATED,ASIAN,ACTIVE
"HO TONG",502,"CATES FARM","HO TONG, ANTHONY L","502 CATES FARM RD","CHAPEL HILL",NC,27516,502,"","CATES FARM","",RD,"","","CHAPEL HILL",NC,27516,45,MALE,CARRBORO,"56TH HOUSE","NORTH CARRBORO","CHAPEL HILL",REPUBLICAN,OTHER,ACTIVE
"HO TONG",502,"CATES FARM","HO TONG, ELIZABETH B","502 CATES FARM RD","CHAPEL HILL",NC,27516,502,"","CATES FARM","",RD,"","","CHAPEL HILL",NC,27516,45,FEMALE,CARRBORO,"56TH HOUSE","NORTH CARRBORO","CHAPEL HILL",REPUBLICAN,WHITE,ACTIVE
HOEFFLER,106,DAIRY,"HOEFFLER, LEANNE ANDERSON","106 DAIRY CT","CHAPEL HILL",NC,27516,106,"",DAIRY,"",CT,"","","CHAPEL HILL",NC,27516,43,FEMALE,CARRBORO,"50TH HOUSE","HOGAN FARMS","CHAPEL HILL",DEMOCRATIC,WHITE,INACTIVE
HOEFFLER,106,DAIRY,"HOEFFLER, STEPHEN ELLIS","106 DAIRY CT","CHAPEL HILL",NC,27516,106,"",DAIRY,"",CT,"","","CHAPEL HILL",NC,27516,44,MALE,CARRBORO,"50TH HOUSE","HOGAN FARMS","CHAPEL HILL",REPUBLICAN,WHITE,INACTIVE
HOFFMEYER,8112,HOUND,"HOFFMEYER, ANNA MARIE","8112 N HOUND CT","CHAPEL HILL",NC,27516,8112,N,HOUND,"",CT,"","","CHAPEL HILL",NC,27516,41,FEMALE,CARRBORO,"50TH HOUSE","HOGAN FARMS","CHAPEL HILL",UNAFFILIATED,WHITE,ACTIVE
HOFFMEYER,8112,HOUND,"HOFFMEYER, GREGORY CHARLES","8112 N HOUND CT","CHAPEL HILL",NC,27516,8112,N,HOUND,"",CT,"","","CHAPEL HILL",NC,27516,41,MALE,CARRBORO,"50TH HOUSE","HOGAN FARMS","CHAPEL HILL",UNAFFILIATED,WHITE,ACTIVE
HOGAN,413,HOMESTEAD,"HOGAN, KIMBERLY DIANE","413 HOMESTEAD RD","CHAPEL HILL",NC,27516,413,"",HOMESTEAD,"",RD,"","","CHAPEL HILL",NC,27516,45,FEMALE,CARRBORO,"56TH HOUSE","NORTH CARRBORO","CHAPEL HILL",UNAFFILIATED,WHITE,ACTIVE
HOLLEMAN,124,COBBLESTONE,"HOLLEMAN, ANN H","124 COBBLESTONE DR","CHAPEL HILL",NC,27516,124,"",COBBLESTONE,"",DR,"","","CHAPEL HILL",NC,27516,49,FEMALE,CARRBORO,"56TH HOUSE","NORTH CARRBORO","CHAPEL HILL",REPUBLICAN,WHITE,ACTIVE
HOLLEMAN,124,COBBLESTONE,"HOLLEMAN, TIMOTHY AARON","PO BOX 816",CARRBORO,NC,27510,124,"",COBBLESTONE,"",DR,"","","CHAPEL HILL",NC,27516,51,MALE,CARRBORO,"56TH HOUSE","NORTH CARRBORO","CHAPEL HILL",REPUBLICAN,WHITE,ACTIVE
HOLT,100,STRATFORD,"HOLT, BROOKE VIVERETTE","100 STRATFORD DR","CHAPEL HILL",NC,27516,100,"",STRATFORD,"",DR,"","","CHAPEL HILL",NC,27516,46,FEMALE,CARRBORO,"56TH HOUSE","NORTH CARRBORO","CHAPEL HILL",DEMOCRATIC,WHITE,ACTIVE
HOLT,100,STRATFORD,"HOLT, HUGH FRANKLIN","100 STRATFORD DR","CHAPEL HILL",NC,27516,100,"",STRATFORD,"",DR,"","","CHAPEL HILL",NC,27516,50,MALE,CARRBORO,"56TH HOUSE","NORTH CARRBORO","CHAPEL HILL",REPUBLICAN,WHITE,ACTIVE
HOLT,127,"NORTH FIELDS","HOLT, MELISSA ANNE BUTCHER","127 NORTH FIELDS CIR","CHAPEL HILL",NC,27516,127,"","NORTH FIELDS","",CIR,"","","CHAPEL HILL",NC,27516,39,FEMALE,CARRBORO,"50TH HOUSE","HOGAN FARMS","CHAPEL HILL",UNAFFILIATED,WHITE,ACTIVE
HOLT,127,"NORTH FIELDS","HOLT, THOMAS RUSSELL","127 NORTH FIELDS CIR","CHAPEL HILL",NC,27516,127,"","NORTH FIELDS","",CIR,"","","CHAPEL HILL",NC,27516,49,MALE,CARRBORO,"50TH HOUSE","HOGAN FARMS","CHAPEL HILL",REPUBLICAN,WHITE,ACTIVE
HOOVER,104,MICHAELS,"HOOVER, CHRISTOPHER LEE","104 MICHAELS WAY","CHAPEL HILL",NC,27516,104,"",MICHAELS,"",WAY,"","","CHAPEL HILL",NC,27516,35,MALE,CARRBORO,"56TH HOUSE","NORTH CARRBORO","CHAPEL HILL",DEMOCRATIC,WHITE,ACTIVE
HOOVER,104,MICHAELS,"HOOVER, RACHEL TAYLOR","104 MICHAELS WAY","CHAPEL HILL",NC,27516,104,"",MICHAELS,"",WAY,"","","CHAPEL HILL",NC,27516,35,FEMALE,CARRBORO,"56TH HOUSE","NORTH CARRBORO","CHAPEL HILL",DEMOCRATIC,WHITE,ACTIVE
HOPFENBERG,105,AUTUMN,"HOPFENBERG, EDITH CROHN","105 AUTUMN DR","CHAPEL HILL",NC,27516,105,"",AUTUMN,"",DR,"","","CHAPEL HILL",NC,27516,43,FEMALE,CARRBORO,"56TH HOUSE","NORTH CARRBORO","CHAPEL HILL",DEMOCRATIC,WHITE,ACTIVE
HOPFENBERG,105,AUTUMN,"HOPFENBERG, RUSSELL D","105 AUTUMN DR","CHAPEL HILL",NC,27516,105,"",AUTUMN,"",DR,"","","CHAPEL HILL",NC,27516,48,MALE,CARRBORO,"56TH HOUSE","NORTH CARRBORO","CHAPEL HILL",REPUBLICAN,WHITE,ACTIVE
HORNIK,138,"NORTH FIELDS","HORNIK, NANCY E F","138 NORTH FIELDS CIR","CHAPEL HILL",NC,27516,138,"","NORTH FIELDS","",CIR,"","","CHAPEL HILL",NC,27516,47,FEMALE,CARRBORO,"50TH HOUSE","HOGAN FARMS","CHAPEL HILL",UNAFFILIATED,WHITE,ACTIVE
HORNIK,138,"NORTH FIELDS","HORNIK, ROBERT E JR","138 NORTH FIELDS CIR","CHAPEL HILL",NC,27516,138,"","NORTH FIELDS","",CIR,"","","CHAPEL HILL",NC,27516,48,MALE,CARRBORO,"50TH HOUSE","HOGAN FARMS","CHAPEL HILL",UNAFFILIATED,WHITE,ACTIVE
HORTON,1020,HILLSBOROUGH,"HORTON, CATHY MERRITT","1020 HILLSBOROUGH RD","CHAPEL HILL",NC,27516,1020,"",HILLSBOROUGH,"",RD,"","","CHAPEL HILL",NC,27516,50,FEMALE,CARRBORO,"56TH HOUSE","NORTH CARRBORO","CHAPEL HILL",DEMOCRATIC,WHITE,ACTIVE
HORTON,1020,HILLSBOROUGH,"HORTON, RANDY THOMAS","1020 HILLSBOROUGH RD","CHAPEL HILL",NC,27516,1020,"",HILLSBOROUGH,"",RD,"","","CHAPEL HILL",NC,27516,50,MALE,CARRBORO,"56TH HOUSE","NORTH CARRBORO","CHAPEL HILL",DEMOCRATIC,WHITE,ACTIVE
HORWITZ,100,"LAKE RIDGE","HORWITZ, DEBORAH HIRSCH","100 LAKE RIDGE PL","CHAPEL HILL",NC,27516,100,"","LAKE RIDGE","",PL,"","","CHAPEL HILL",NC,27516,43,FEMALE,CARRBORO,"50TH HOUSE","HOGAN FARMS","CHAPEL HILL",DEMOCRATIC,WHITE,ACTIVE
HORWITZ,100,"LAKE RIDGE","HORWITZ, MITCHELL ERIC","100 LAKE RIDGE PL","CHAPEL HILL",NC,27516,100,"","LAKE RIDGE","",PL,"","","CHAPEL HILL",NC,27516,42,MALE,CARRBORO,"50TH HOUSE","HOGAN FARMS","CHAPEL HILL",DEMOCRATIC,WHITE,ACTIVE
HOWES,219,STRATFORD,"HOWES, IAN ARTHUR WILLIAM","219 STRATFORD DR","CHAPEL HILL",NC,27516,219,"",STRATFORD,"",DR,"","","CHAPEL HILL",NC,27516,48,MALE,CARRBORO,"56TH HOUSE","NORTH CARRBORO","CHAPEL HILL",REPUBLICAN,WHITE,ACTIVE
HOWES,219,STRATFORD,"HOWES, MARGARET M.K","219 STRATFORD DR","CHAPEL HILL",NC,27516,219,"",STRATFORD,"",DR,"","","CHAPEL HILL",NC,27516,41,FEMALE,CARRBORO,"56TH HOUSE","NORTH CARRBORO","CHAPEL HILL",REPUBLICAN,WHITE,ACTIVE
HUDGENS,105,RICHLAND,"HUDGENS, AMY CURRAN","105 RICHLAND CT","CHAPEL HILL",NC,27516,105,"",RICHLAND,"",CT,"","","CHAPEL HILL",NC,27516,43,FEMALE,CARRBORO,"56TH HOUSE","NORTH CARRBORO","CHAPEL HILL",REPUBLICAN,WHITE,ACTIVE
HUDGENS,105,RICHLAND,"HUDGENS, JAMES EARL III","105 RICHLAND CT","CHAPEL HILL",NC,27516,105,"",RICHLAND,"",CT,"","","CHAPEL HILL",NC,27516,44,MALE,CARRBORO,"56TH HOUSE","NORTH CARRBORO","CHAPEL HILL",REPUBLICAN,WHITE,ACTIVE
HULL,2001,CAMDEN,"HULL, GARY C","2001 CAMDEN LN","CHAPEL HILL",NC,27516,2001,"",CAMDEN,"",LN,"","","CHAPEL HILL",NC,27516,49,MALE,CARRBORO,"50TH HOUSE","HOGAN FARMS","CHAPEL HILL",DEMOCRATIC,WHITE,ACTIVE
HULL,2001,CAMDEN,"HULL, GRETCHEN SHUE","2001 CAMDEN LN","CHAPEL HILL",NC,27516,2001,"",CAMDEN,"",LN,"","","CHAPEL HILL",NC,27516,48,FEMALE,CARRBORO,"50TH HOUSE","HOGAN FARMS","CHAPEL HILL",DEMOCRATIC,WHITE,ACTIVE
HUME,8409,INVERNESS,"HUME, ANN LESLIE","8409 INVERNESS WAY","CHAPEL HILL",NC,27516,8409,"",INVERNESS,"",WAY,"","","CHAPEL HILL",NC,27516,47,FEMALE,CARRBORO,"50TH HOUSE","HOGAN FARMS","CHAPEL HILL",UNAFFILIATED,WHITE,ACTIVE
HUME,8409,INVERNESS,"HUME, DAVID EMORY","8409 INVERNESS WAY","CHAPEL HILL",NC,27516,8409,"",INVERNESS,"",WAY,"","","CHAPEL HILL",NC,27516,48,MALE,CARRBORO,"50TH HOUSE","HOGAN FARMS","CHAPEL HILL",REPUBLICAN,WHITE,ACTIVE
HUNT,102,"ARBOR CREEK","HUNT, JAMES ANTHONY","102 ARBOR CREEK CT","CHAPEL HILL",NC,27516,102,"","ARBOR CREEK","",CT,"","","CHAPEL HILL",NC,27516,51,MALE,CARRBORO,"50TH HOUSE","HOGAN FARMS","CHAPEL HILL",UNAFFILIATED,WHITE,ACTIVE
HUNT,102,"ARBOR CREEK","HUNT, PHYLLIS STICKELL","102 ARBOR CREEK CT","CHAPEL HILL",NC,27516,102,"","ARBOR CREEK","",CT,"","","CHAPEL HILL",NC,27516,46,FEMALE,CARRBORO,"50TH HOUSE","HOGAN FARMS","CHAPEL HILL",UNAFFILIATED,WHITE,ACTIVE
INGHAM,130,"NORTH FIELDS","INGHAM, ANDREW WILLIAM","130 NORTH FIELDS CIR","CHAPEL HILL",NC,27516,130,"","NORTH FIELDS","",CIR,"","","CHAPEL HILL",NC,27516,35,MALE,CARRBORO,"50TH HOUSE","HOGAN FARMS","CHAPEL HILL",UNAFFILIATED,WHITE,ACTIVE
INGHAM,130,"NORTH FIELDS","INGHAM, RACHEL ANNE","130 NORTH FIELDS CIR","CHAPEL HILL",NC,27516,130,"","NORTH FIELDS","",CIR,"","","CHAPEL HILL",NC,27516,36,FEMALE,CARRBORO,"50TH HOUSE","HOGAN FARMS","CHAPEL HILL",UNAFFILIATED,WHITE,ACTIVE
JACKSON,204,"LAKE MANOR","JACKSON, BARBARA MUSIL","204 LAKE MANOR RD","CHAPEL HILL",NC,27516,204,"","LAKE MANOR","",RD,"","","CHAPEL HILL",NC,27516,46,FEMALE,CARRBORO,"50TH HOUSE","HOGAN FARMS","CHAPEL HILL",REPUBLICAN,WHITE,ACTIVE
JACKSON,204,"LAKE MANOR","JACKSON, GLENN THOMAS","204 LAKE MANOR RD","CHAPEL HILL",NC,27516,204,"","LAKE MANOR","",RD,"","","CHAPEL HILL",NC,27516,47,MALE,CARRBORO,"50TH HOUSE","HOGAN FARMS","CHAPEL HILL",REPUBLICAN,WHITE,ACTIVE
JACKSON,409,"HOGAN WOODS","JACKSON, MATTHEW CHARLES","409 HOGAN WOODS CIR","CHAPEL HILL",NC,27516,409,"","HOGAN WOODS","",CIR,"","","CHAPEL HILL",NC,27516,37,MALE,CARRBORO,"50TH HOUSE","HOGAN FARMS","CHAPEL HILL",DEMOCRATIC,WHITE,ACTIVE
JACKSON,409,"HOGAN WOODS","JACKSON, TRACY LYNN","409 HOGAN WOODS CIR","CHAPEL HILL",NC,27516,409,"","HOGAN WOODS","",CIR,"","","CHAPEL HILL",NC,27516,36,FEMALE,CARRBORO,"50TH HOUSE","HOGAN FARMS","CHAPEL HILL",DEMOCRATIC,WHITE,ACTIVE
JAMBACK,405,ROSSBURN,"JAMBACK, SUSAN CHILTON","405 ROSSBURN WAY","CHAPEL HILL",NC,27516,405,"",ROSSBURN,"",WAY,"","","CHAPEL HILL",NC,27516,51,FEMALE,CARRBORO,"54TH HOUSE",DAMASCUS,"CHAPEL HILL",DEMOCRATIC,WHITE,ACTIVE
JAMES,2305,PATHWAY,"JAMES, LINDA ANN","2305 PATHWAY DR","CHAPEL HILL",NC,27516,2305,"",PATHWAY,"",DR,"","","CHAPEL HILL",NC,27516,48,FEMALE,CARRBORO,"56TH HOUSE","NORTH CARRBORO","CHAPEL HILL",REPUBLICAN,WHITE,ACTIVE
JAMES,2305,PATHWAY,"JAMES, RICHARD STEVEN SR","2305 PATHWAY DR","CHAPEL HILL",NC,27516,2305,"",PATHWAY,"",DR,"","","CHAPEL HILL",NC,27516,50,MALE,CARRBORO,"56TH HOUSE","NORTH CARRBORO","CHAPEL HILL",REPUBLICAN,WHITE,ACTIVE
JENS,105,"BARINGTON HILLS","JENS, KENNETH SCOTT","105 BARINGTON HILLS RD","CHAPEL HILL",NC,27516,105,"","BARINGTON HILLS","",RD,"","","CHAPEL HILL",NC,27516,45,MALE,CARRBORO,"56TH HOUSE","NORTH CARRBORO","CHAPEL HILL",DEMOCRATIC,WHITE,ACTIVE
JENS,105,"BARINGTON HILLS","JENS, LINDA","105 BARINGTON HILLS RD","CHAPEL HILL",NC,27516,105,"","BARINGTON HILLS","",RD,"","","CHAPEL HILL",NC,27516,47,FEMALE,CARRBORO,"56TH HOUSE","NORTH CARRBORO","CHAPEL HILL",UNAFFILIATED,WHITE,ACTIVE
JENSEN,802,"OLD FAYETTEVILLE","JENSEN, GENA RIGG","802 OLD FAYETTEVILLE RD","CHAPEL HILL",NC,27516,802,"","OLD FAYETTEVILLE","",RD,"","","CHAPEL HILL",NC,27516,44,FEMALE,CARRBORO,"56TH HOUSE",CARRBORO,"CHAPEL HILL",REPUBLICAN,WHITE,ACTIVE
JESSE,320,"SUNSET CREEK","JESSE, ALISON HOPE","320 SUNSET CREEK CIR","CHAPEL HILL",NC,27516,320,"","SUNSET CREEK","",CIR,"","","CHAPEL HILL",NC,27516,52,FEMALE,CARRBORO,"56TH HOUSE","NORTH CARRBORO","CHAPEL HILL",DEMOCRATIC,WHITE,ACTIVE
JESSE,320,"SUNSET CREEK","JESSE, PETER EUGENE","320 SUNSET CREEK CIR","CHAPEL HILL",NC,27516,320,"","SUNSET CREEK","",CIR,"","","CHAPEL HILL",NC,27516,53,MALE,CARRBORO,"56TH HOUSE","NORTH CARRBORO","CHAPEL HILL",DEMOCRATIC,WHITE,ACTIVE
JIANG,105,"HOGAN WOODS","JIANG, DIANHUA","105 HOGAN WOODS CIR","CHAPEL HILL",NC,27516,105,"","HOGAN WOODS","",CIR,"","","CHAPEL HILL",NC,27516,45,MALE,CARRBORO,"50TH HOUSE","HOGAN FARMS","CHAPEL HILL",UNAFFILIATED,ASIAN,ACTIVE
JOHNSON,1005,STAFFIELD,"JOHNSON, ARNE C JR","1005 STAFFIELD LN","CHAPEL HILL",NC,27516,1005,"",STAFFIELD,"",LN,"","","CHAPEL HILL",NC,27516,46,MALE,CARRBORO,"50TH HOUSE","HOGAN FARMS","CHAPEL HILL",UNAFFILIATED,WHITE,ACTIVE
JOHNSON,403,"LAKE HOGAN FARM","JOHNSON, JENNIFER HOGG","403 LAKE HOGAN FARM RD","CHAPEL HILL",NC,27516,403,"","LAKE HOGAN FARM","",RD,"","","CHAPEL HILL",NC,27516,43,FEMALE,CARRBORO,"50TH HOUSE","HOGAN FARMS","CHAPEL HILL",REPUBLICAN,WHITE,ACTIVE
JOHNSON,1005,STAFFIELD,"JOHNSON, JUDITH A","1005 STAFFIELD LN","CHAPEL HILL",NC,27516,1005,"",STAFFIELD,"",LN,"","","CHAPEL HILL",NC,27516,45,FEMALE,CARRBORO,"50TH HOUSE","HOGAN FARMS","CHAPEL HILL",UNAFFILIATED,WHITE,ACTIVE
JOHNSON,403,"LAKE HOGAN FARM","JOHNSON, ROBERT EVANS","403 LAKE HOGAN FARM RD","CHAPEL HILL",NC,27516,403,"","LAKE HOGAN FARM","",RD,"","","CHAPEL HILL",NC,27516,43,MALE,CARRBORO,"50TH HOUSE","HOGAN FARMS","CHAPEL HILL",REPUBLICAN,WHITE,ACTIVE
JOHNSTON,203,"DAIRY GLEN","JOHNSTON, DAVID MICHAEL","203 DAIRY GLEN RD","CHAPEL HILL",NC,27516,203,"","DAIRY GLEN","",RD,"","","CHAPEL HILL",NC,27516,38,MALE,CARRBORO,"50TH HOUSE","HOGAN FARMS","CHAPEL HILL",DEMOCRATIC,WHITE,ACTIVE
JONES,109,"PAINTED TURTLE","JONES, CYNTHIA STOOPS","109 PAINTED TURTLE LN","CHAPEL HILL",NC,27516,109,"","PAINTED TURTLE","",LN,"","","CHAPEL HILL",NC,27516,46,FEMALE,CARRBORO,"50TH HOUSE","HOGAN FARMS","CHAPEL HILL",UNAFFILIATED,WHITE,ACTIVE
JONES,109,"PAINTED TURTLE","JONES, HARRY FISHER","109 PAINTED TURTLE LN","CHAPEL HILL",NC,27516,109,"","PAINTED TURTLE","",LN,"","","CHAPEL HILL",NC,27516,48,MALE,CARRBORO,"50TH HOUSE","HOGAN FARMS","CHAPEL HILL",UNAFFILIATED,WHITE,ACTIVE
JONES,102,MICHAELS,"JONES, JENNIFER LASKEY","102 MICHAELS WAY","CHAPEL HILL",NC,27516,102,"",MICHAELS,"",WAY,"","","CHAPEL HILL",NC,27516,37,FEMALE,CARRBORO,"56TH HOUSE","NORTH CARRBORO","CHAPEL HILL",REPUBLICAN,WHITE,ACTIVE
JONES,102,MICHAELS,"JONES, WILLIE DAYE III","102 MICHAELS WAY","CHAPEL HILL",NC,27516,102,"",MICHAELS,"",WAY,"","","CHAPEL HILL",NC,27516,38,MALE,CARRBORO,"56TH HOUSE","NORTH CARRBORO","CHAPEL HILL",REPUBLICAN,WHITE,ACTIVE
JORDAN,1003,STAFFIELD,"JORDAN, MARY KATHRYN","1003 STAFFIELD LN","CHAPEL HILL",NC,27516,1003,"",STAFFIELD,"",LN,"","","CHAPEL HILL",NC,27516,51,FEMALE,CARRBORO,"50TH HOUSE","HOGAN FARMS","CHAPEL HILL",REPUBLICAN,WHITE,ACTIVE
JOSEPHS,403,TRAMORE,"JOSEPHS, LISA MARIE","403 TRAMORE DR","CHAPEL HILL",NC,27516,403,"",TRAMORE,"",DR,"","","CHAPEL HILL",NC,27516,47,FEMALE,CARRBORO,"56TH HOUSE","NORTH CARRBORO","CHAPEL HILL",UNAFFILIATED,WHITE,ACTIVE
JOSEPHS,403,TRAMORE,"JOSEPHS, SCOTT TRACY","403 TRAMORE DR","CHAPEL HILL",NC,27516,403,"",TRAMORE,"",DR,"","","CHAPEL HILL",NC,27516,44,MALE,CARRBORO,"56TH HOUSE","NORTH CARRBORO","CHAPEL HILL",UNAFFILIATED,WHITE,ACTIVE
JUSTUS,1904,HAWICK,"JUSTUS, ANNE BOYLES","1904 N HAWICK CT","CHAPEL HILL",NC,27516,1904,N,HAWICK,"",CT,"","","CHAPEL HILL",NC,27516,53,FEMALE,CARRBORO,"50TH HOUSE","HOGAN FARMS","CHAPEL HILL",DEMOCRATIC,WHITE,ACTIVE
JUSTUS,1904,HAWICK,"JUSTUS, SCOTT EDWARD","1904 N HAWICK CT","CHAPEL HILL",NC,27516,1904,N,HAWICK,"",CT,"","","CHAPEL HILL",NC,27516,54,MALE,CARRBORO,"50TH HOUSE","HOGAN FARMS","CHAPEL HILL",DEMOCRATIC,WHITE,ACTIVE
KAEMMER,201,STRATFORD,"KAEMMER, DAVID D","201 STRATFORD DR","CHAPEL HILL",NC,27516,201,"",STRATFORD,"",DR,"","","CHAPEL HILL",NC,27516,50,MALE,CARRBORO,"56TH HOUSE","NORTH CARRBORO","CHAPEL HILL",UNAFFILIATED,WHITE,ACTIVE
KAEMMER,201,STRATFORD,"KAEMMER, KATHLEEN D","201 STRATFORD DR","CHAPEL HILL",NC,27516,201,"",STRATFORD,"",DR,"","","CHAPEL HILL",NC,27516,47,FEMALE,CARRBORO,"56TH HOUSE","NORTH CARRBORO","CHAPEL HILL",REPUBLICAN,WHITE,ACTIVE
KAHN,405,"LAKE HOGAN FARM","KAHN, KEVIN ALEXANDER","405 LAKE HOGAN FARM RD","CHAPEL HILL",NC,27516,405,"","LAKE HOGAN FARM","",RD,"","","CHAPEL HILL",NC,27516,41,MALE,CARRBORO,"50TH HOUSE","HOGAN FARMS","CHAPEL HILL",DEMOCRATIC,WHITE,ACTIVE
KAHN,405,"LAKE HOGAN FARM","KAHN, MICHELLE SIMMONS","405 LAKE HOGAN FARM RD","CHAPEL HILL",NC,27516,405,"","LAKE HOGAN FARM","",RD,"","","CHAPEL HILL",NC,27516,40,FEMALE,CARRBORO,"50TH HOUSE","HOGAN FARMS","CHAPEL HILL",UNAFFILIATED,WHITE,ACTIVE
KALKOWSKI,8102,LAIR,"KALKOWSKI, JOSEPHINE C","8102 LAIR CT","CHAPEL HILL",NC,27516,8102,"",LAIR,"",CT,"","","CHAPEL HILL",NC,27516,43,FEMALE,CARRBORO,"50TH HOUSE","HOGAN FARMS","CHAPEL HILL",REPUBLICAN,WHITE,ACTIVE
KALKOWSKI,8102,LAIR,"KALKOWSKI, KYLE J","8102 LAIR CT","CHAPEL HILL",NC,27516,8102,"",LAIR,"",CT,"","","CHAPEL HILL",NC,27516,43,MALE,CARRBORO,"50TH HOUSE","HOGAN FARMS","CHAPEL HILL",REPUBLICAN,WHITE,ACTIVE
KALMANIDES,106,WINSOME,"KALMANIDES, DANNY","106 WINSOME LN","CHAPEL HILL",NC,27516,106,"",WINSOME,"",LN,"","","CHAPEL HILL",NC,27516,53,MALE,CARRBORO,"56TH HOUSE",CARRBORO,"CHAPEL HILL",UNAFFILIATED,WHITE,ACTIVE
KALMANIDES,106,WINSOME,"KALMANIDES, ISABELLE DAVIDA","106 WINSOME LN","CHAPEL HILL",NC,27516,106,"",WINSOME,"",LN,"","","CHAPEL HILL",NC,27516,52,FEMALE,CARRBORO,"56TH HOUSE",CARRBORO,"CHAPEL HILL",DEMOCRATIC,WHITE,ACTIVE
KALOS,115,COBBLESTONE,"KALOS, MICHAEL DENNIS","115 COBBLESTONE DR","CHAPEL HILL",NC,27516,115,"",COBBLESTONE,"",DR,"","","CHAPEL HILL",NC,27516,36,MALE,CARRBORO,"56TH HOUSE","NORTH CARRBORO","CHAPEL HILL",REPUBLICAN,WHITE,ACTIVE
KAMAKURA,106,"HOGAN WOODS","KAMAKURA, NOMAIACI FRANCISCHINI","106 HOGAN WOODS CIR","CHAPEL HILL",NC,27516,106,"","HOGAN WOODS","",CIR,"","","CHAPEL HILL",NC,27516,48,FEMALE,CARRBORO,"50TH HOUSE","HOGAN FARMS","CHAPEL HILL",UNAFFILIATED,WHITE,ACTIVE
KANOY,2000,WHITMORE,"KANOY, GLORIA WELBORN","2000 WHITMORE CIR","CHAPEL HILL",NC,27516,2000,"",WHITMORE,"",CIR,"","","CHAPEL HILL",NC,27516,54,FEMALE,CARRBORO,"50TH HOUSE","HOGAN FARMS","CHAPEL HILL",DEMOCRATIC,WHITE,ACTIVE
KANTNER,501,ROCKGARDEN,"KANTNER, CHRISTINE LEE","501 ROCKGARDEN DR","CHAPEL HILL",NC,27516,501,"",ROCKGARDEN,"",DR,"","","CHAPEL HILL",NC,27516,49,FEMALE,CARRBORO,"56TH HOUSE","NORTH CARRBORO","CHAPEL HILL",UNAFFILIATED,WHITE,ACTIVE
KANTNER,501,ROCKGARDEN,"KANTNER, ROBERT FRANKLIN","501 ROCKGARDEN DR","CHAPEL HILL",NC,27516,501,"",ROCKGARDEN,"",DR,"","","CHAPEL HILL",NC,27516,51,MALE,CARRBORO,"56TH HOUSE","NORTH CARRBORO","CHAPEL HILL",UNAFFILIATED,WHITE,ACTIVE
KAPLAN,1215,TALLYHO,"KAPLAN, NEAL GARY","1215 TALLYHO TRL","CHAPEL HILL",NC,27516,1215,"",TALLYHO,"",TRL,"","","CHAPEL HILL",NC,27516,55,MALE,CARRBORO,"50TH HOUSE","HOGAN FARMS","CHAPEL HILL",REPUBLICAN,WHITE,ACTIVE
KAUFFMANN,236,"TOWNE RIDGE","KAUFFMANN, KATHLEEN MARIE","236 TOWNE RIDGE LN","CHAPEL HILL",NC,27516,236,"","TOWNE RIDGE","",LN,"","","CHAPEL HILL",NC,27516,53,FEMALE,CARRBORO,"50TH HOUSE","HOGAN FARMS","CHAPEL HILL",DEMOCRATIC,WHITE,ACTIVE
KAUFFMANN,236,"TOWNE RIDGE","KAUFFMANN, KENNETH DALE","236 TOWNE RIDGE LN","CHAPEL HILL",NC,27516,236,"","TOWNE RIDGE","",LN,"","","CHAPEL HILL",NC,27516,53,MALE,CARRBORO,"50TH HOUSE","HOGAN FARMS","CHAPEL HILL",UNAFFILIATED,OTHER,ACTIVE
KAUFMAN,1010,CAMDEN,"KAUFMAN, NANCY M","1010 CAMDEN LN","CHAPEL HILL",NC,27516,1010,"",CAMDEN,"",LN,"","","CHAPEL HILL",NC,27516,54,FEMALE,CARRBORO,"50TH HOUSE","HOGAN FARMS","CHAPEL HILL",REPUBLICAN,WHITE,ACTIVE
KAUFMAN,1010,CAMDEN,"KAUFMAN, RICHARD LEE","1010 CAMDEN LN","CHAPEL HILL",NC,27516,1010,"",CAMDEN,"",LN,"","","CHAPEL HILL",NC,27516,54,MALE,CARRBORO,"50TH HOUSE","HOGAN FARMS","CHAPEL HILL",REPUBLICAN,WHITE,ACTIVE
KEANE,1903,PATHWAY,"KEANE, BARBARA MARIE","1903 PATHWAY DR","CHAPEL HILL",NC,27516,1903,"",PATHWAY,"",DR,"","","CHAPEL HILL",NC,27516,35,FEMALE,CARRBORO,"56TH HOUSE","NORTH CARRBORO","CHAPEL HILL",DEMOCRATIC,WHITE,ACTIVE
KEKU,204,"CATES FARM","KEKU, JOHN","204 CATES FARM RD","CHAPEL HILL",NC,27516,204,"","CATES FARM","",RD,"","","CHAPEL HILL",NC,27516,48,MALE,CARRBORO,"56TH HOUSE","NORTH CARRBORO","CHAPEL HILL",UNAFFILIATED,"BLACK or AFRICAN AMERICAN",ACTIVE
KEKU,204,"CATES FARM","KEKU, TEMITOPE O","204 CATES FARM RD","CHAPEL HILL",NC,27516,204,"","CATES FARM","",RD,"","","CHAPEL HILL",NC,27516,45,FEMALE,CARRBORO,"56TH HOUSE","NORTH CARRBORO","CHAPEL HILL",UNAFFILIATED,OTHER,ACTIVE
KELLY,306,WYNDHAM,"KELLY, DESMOND PEYTON","306 WYNDHAM DR","CHAPEL HILL",NC,27516,306,"",WYNDHAM,"",DR,"","","CHAPEL HILL",NC,27516,52,MALE,CARRBORO,"56TH HOUSE","NORTH CARRBORO","CHAPEL HILL",DEMOCRATIC,WHITE,ACTIVE
KELLY,306,WYNDHAM,"KELLY, JILL JOLENE","306 WYNDHAM DR","CHAPEL HILL",NC,27516,306,"",WYNDHAM,"",DR,"","","CHAPEL HILL",NC,27516,48,FEMALE,CARRBORO,"56TH HOUSE","NORTH CARRBORO","CHAPEL HILL",DEMOCRATIC,WHITE,INACTIVE
KEMPER,315,ROSSBURN,"KEMPER, ALEX RANDALL","315 ROSSBURN WAY","CHAPEL HILL",NC,27516,315,"",ROSSBURN,"",WAY,"","","CHAPEL HILL",NC,27516,40,MALE,CARRBORO,"54TH HOUSE",DAMASCUS,"CHAPEL HILL",DEMOCRATIC,WHITE,ACTIVE
KEMPER,315,ROSSBURN,"KEMPER, JULIE FIRESTONE","315 ROSSBURN WAY","CHAPEL HILL",NC,27516,315,"",ROSSBURN,"",WAY,"","","CHAPEL HILL",NC,27516,42,FEMALE,CARRBORO,"54TH HOUSE",DAMASCUS,"CHAPEL HILL",DEMOCRATIC,WHITE,ACTIVE
KERWIN,400,"CATES FARM","KERWIN, ANNE RADHE","400 CATES FARM RD","CHAPEL HILL",NC,27516,400,"","CATES FARM","",RD,"","","CHAPEL HILL",NC,27516,53,FEMALE,CARRBORO,"56TH HOUSE","NORTH CARRBORO","CHAPEL HILL",REPUBLICAN,WHITE,ACTIVE
KILPATRICK,306,WYNDHAM,"KILPATRICK, KEVIN JOSEPH","306 WYNDHAM DR","CHAPEL HILL",NC,27516,306,"",WYNDHAM,"",DR,"","","CHAPEL HILL",NC,27516,43,MALE,CARRBORO,"56TH HOUSE","NORTH CARRBORO","CHAPEL HILL",UNAFFILIATED,WHITE,ACTIVE
KILPATRICK,306,WYNDHAM,"KILPATRICK, MARCELLINE WOODS","306 WYNDHAM DR","CHAPEL HILL",NC,27516,306,"",WYNDHAM,"",DR,"","","CHAPEL HILL",NC,27516,43,FEMALE,CARRBORO,"56TH HOUSE","NORTH CARRBORO","CHAPEL HILL",REPUBLICAN,WHITE,ACTIVE
KIRCHER,301,"LAKE HOGAN FARM","KIRCHER, AMANDA PRICE","301 LAKE HOGAN FARM RD","CHAPEL HILL",NC,27516,301,"","LAKE HOGAN FARM","",RD,"","","CHAPEL HILL",NC,27516,46,FEMALE,CARRBORO,"50TH HOUSE","HOGAN FARMS","CHAPEL HILL",REPUBLICAN,WHITE,ACTIVE
KIRCHER,301,"LAKE HOGAN FARM","KIRCHER, GEORGE WILLIAM JR","301 LAKE HOGAN FARM RD","CHAPEL HILL",NC,27516,301,"","LAKE HOGAN FARM","",RD,"","","CHAPEL HILL",NC,27516,46,MALE,CARRBORO,"50TH HOUSE","HOGAN FARMS","CHAPEL HILL",REPUBLICAN,WHITE,ACTIVE
KOCH,205,BRUTON,"KOCH, MATTHEW ALLEN","205 BRUTON DR","CHAPEL HILL",NC,27516,205,"",BRUTON,"",DR,"","","CHAPEL HILL",NC,27516,54,MALE,CARRBORO,"56TH HOUSE","NORTH CARRBORO","CHAPEL HILL",UNAFFILIATED,WHITE,ACTIVE
KOMADA,107,"LAKE RIDGE","KOMADA, MICHAEL RUDOLPH","107 LAKE RIDGE PL","CHAPEL HILL",NC,27516,107,"","LAKE RIDGE","",PL,"","","CHAPEL HILL",NC,27516,39,MALE,CARRBORO,"50TH HOUSE","HOGAN FARMS","CHAPEL HILL",REPUBLICAN,WHITE,ACTIVE
KOMADA,107,"LAKE RIDGE","KOMADA, SONDRA PORTER","107 LAKE RIDGE PL","CHAPEL HILL",NC,27516,107,"","LAKE RIDGE","",PL,"","","CHAPEL HILL",NC,27516,40,FEMALE,CARRBORO,"50TH HOUSE","HOGAN FARMS","CHAPEL HILL",UNAFFILIATED,WHITE,ACTIVE
KOSOROK,162,TRAMORE,"KOSOROK, MICHAEL RENE","162 TRAMORE DR","CHAPEL HILL",NC,27516,162,"",TRAMORE,"",DR,"","","CHAPEL HILL",NC,27516,44,MALE,CARRBORO,"56TH HOUSE","NORTH CARRBORO","CHAPEL HILL",DEMOCRATIC,WHITE,ACTIVE
KOSOROK,162,TRAMORE,"KOSOROK, PAMELA WHITAKER","162 TRAMORE DR","CHAPEL HILL",NC,27516,162,"",TRAMORE,"",DR,"","","CHAPEL HILL",NC,27516,38,FEMALE,CARRBORO,"56TH HOUSE","NORTH CARRBORO","CHAPEL HILL",UNAFFILIATED,WHITE,ACTIVE
KRAMER,1011,BRENDAN,"KRAMER, DONNA DEVOL","1011 BRENDAN CT","CHAPEL HILL",NC,27516,1011,"",BRENDAN,"",CT,"","","CHAPEL HILL",NC,27516,48,FEMALE,CARRBORO,"50TH HOUSE","HOGAN FARMS","CHAPEL HILL",DEMOCRATIC,WHITE,ACTIVE
KRAMER,1011,BRENDAN,"KRAMER, JOHN MARTIN","1011 BRENDAN CT","CHAPEL HILL",NC,27516,1011,"",BRENDAN,"",CT,"","","CHAPEL HILL",NC,27516,48,MALE,CARRBORO,"50TH HOUSE","HOGAN FARMS","CHAPEL HILL",DEMOCRATIC,WHITE,ACTIVE
KRASNOV,124,COLFAX,"KRASNOV, MICHAEL ROBERT","124 COLFAX DR","CHAPEL HILL",NC,27516,124,"",COLFAX,"",DR,"","","CHAPEL HILL",NC,27516,55,MALE,CARRBORO,"56TH HOUSE","NORTH CARRBORO","CHAPEL HILL",REPUBLICAN,WHITE,ACTIVE
KRASNOV,124,COLFAX,"KRASNOV, PATRICIA PALUMBO","124 COLFAX DR","CHAPEL HILL",NC,27516,124,"",COLFAX,"",DR,"","","CHAPEL HILL",NC,27516,52,FEMALE,CARRBORO,"56TH HOUSE","NORTH CARRBORO","CHAPEL HILL",REPUBLICAN,WHITE,ACTIVE
KUENZLI,307,"HOGAN WOODS","KUENZLI, NANCY SMITH","307 HOGAN WOODS CIR","CHAPEL HILL",NC,27516,307,"","HOGAN WOODS","",CIR,"","","CHAPEL HILL",NC,27516,43,FEMALE,CARRBORO,"50TH HOUSE","HOGAN FARMS","CHAPEL HILL",REPUBLICAN,WHITE,ACTIVE
KUENZLI,307,"HOGAN WOODS","KUENZLI, STEPHEN THOMAS","307 HOGAN WOODS CIR","CHAPEL HILL",NC,27516,307,"","HOGAN WOODS","",CIR,"","","CHAPEL HILL",NC,27516,44,MALE,CARRBORO,"50TH HOUSE","HOGAN FARMS","CHAPEL HILL",UNAFFILIATED,WHITE,ACTIVE
KUHLMAN,1009,TALLYHO,"KUHLMAN, BRIAN ARTHUR","1009 TALLYHO TRL","CHAPEL HILL",NC,27516,1009,"",TALLYHO,"",TRL,"","","CHAPEL HILL",NC,27516,37,MALE,CARRBORO,"50TH HOUSE","HOGAN FARMS","CHAPEL HILL",DEMOCRATIC,WHITE,ACTIVE
KUHLMAN,1009,TALLYHO,"KUHLMAN, TRACY CALHOUN","1009 TALLYHO TRL","CHAPEL HILL",NC,27516,1009,"",TALLYHO,"",TRL,"","","CHAPEL HILL",NC,27516,35,FEMALE,CARRBORO,"50TH HOUSE","HOGAN FARMS","CHAPEL HILL",DEMOCRATIC,WHITE,ACTIVE
KUHN,209,"COMMONS WAY","KUHN, MARCIA VALONE","209 COMMONS WAY DR","CHAPEL HILL",NC,27516,209,"","COMMONS WAY","",DR,"","","CHAPEL HILL",NC,27516,49,FEMALE,CARRBORO,"50TH HOUSE","HOGAN FARMS","CHAPEL HILL",REPUBLICAN,UNDESIGNATED,ACTIVE
KUHN,209,"COMMONS WAY","KUHN, RICHARD WAYNE","209 COMMONS WAY DR","CHAPEL HILL",NC,27516,209,"","COMMONS WAY","",DR,"","","CHAPEL HILL",NC,27516,48,MALE,CARRBORO,"50TH HOUSE","HOGAN FARMS","CHAPEL HILL",REPUBLICAN,WHITE,ACTIVE
KUKOVICH,1011,BRACE,"KUKOVICH, PRITY PATEL","1011 BRACE LN","CHAPEL HILL",NC,27516,1011,"",BRACE,"",LN,"","","CHAPEL HILL",NC,27516,35,FEMALE,CARRBORO,"50TH HOUSE","HOGAN FARMS","CHAPEL HILL",DEMOCRATIC,ASIAN,ACTIVE
KUKOVICH,1011,BRACE,"KUKOVICH, WILLIAM TRAVIS","1011 BRACE LN","CHAPEL HILL",NC,27516,1011,"",BRACE,"",LN,"","","CHAPEL HILL",NC,27516,37,MALE,CARRBORO,"50TH HOUSE","HOGAN FARMS","CHAPEL HILL",UNAFFILIATED,WHITE,ACTIVE
LANCASTER,1705,TALLYHO,"LANCASTER, CHARLES HUBERT JR","1705 TALLYHO TRL","CHAPEL HILL",NC,27516,1705,"",TALLYHO,"",TRL,"","","CHAPEL HILL",NC,27516,45,MALE,CARRBORO,"50TH HOUSE","HOGAN FARMS","CHAPEL HILL",UNAFFILIATED,WHITE,ACTIVE
LANCASTER,1705,TALLYHO,"LANCASTER, LISA NELSON","1705 TALLYHO TRL","CHAPEL HILL",NC,27516,1705,"",TALLYHO,"",TRL,"","","CHAPEL HILL",NC,27516,41,FEMALE,CARRBORO,"50TH HOUSE","HOGAN FARMS","CHAPEL HILL",UNAFFILIATED,WHITE,ACTIVE
LANE,2259,PATHWAY,"LANE, DAVID ROQUEMORE","2259 PATHWAY DR","CHAPEL HILL",NC,27516,2259,"",PATHWAY,"",DR,"","","CHAPEL HILL",NC,27516,53,MALE,CARRBORO,"56TH HOUSE","NORTH CARRBORO","CHAPEL HILL",DEMOCRATIC,WHITE,ACTIVE
LANE,100,"BUCK TAYLOR","LANE, GREGORY JAMES","100 BUCK TAYLOR TRL","CHAPEL HILL",NC,27516,100,"","BUCK TAYLOR","",TRL,"","","CHAPEL HILL",NC,27516,49,MALE,CARRBORO,"56TH HOUSE","NORTH CARRBORO","CHAPEL HILL",REPUBLICAN,WHITE,ACTIVE
LANE,100,"BUCK TAYLOR","LANE, LAURA ROWE","100 BUCK TAYLOR TRL","CHAPEL HILL",NC,27516,100,"","BUCK TAYLOR","",TRL,"","","CHAPEL HILL",NC,27516,42,FEMALE,CARRBORO,"56TH HOUSE","NORTH CARRBORO","CHAPEL HILL",DEMOCRATIC,WHITE,ACTIVE
LANE,2259,PATHWAY,"LANE, LINDA NEWTON","2259 PATHWAY DR","CHAPEL HILL",NC,27516,2259,"",PATHWAY,"",DR,"","","CHAPEL HILL",NC,27516,52,FEMALE,CARRBORO,"56TH HOUSE","NORTH CARRBORO","CHAPEL HILL",DEMOCRATIC,WHITE,ACTIVE
LASKODY,111,CIRCADIAN,"LASKODY, LEE","111 CIRCADIAN WAY","CHAPEL HILL",NC,27516,111,"",CIRCADIAN,"",WAY,"","","CHAPEL HILL",NC,27516,38,MALE,CARRBORO,"56TH HOUSE","NORTH CARRBORO","CHAPEL HILL",DEMOCRATIC,WHITE,ACTIVE
LASKODY,111,CIRCADIAN,"LASKODY, REBECCA G","111 CIRCADIAN WAY","CHAPEL HILL",NC,27516,111,"",CIRCADIAN,"",WAY,"","","CHAPEL HILL",NC,27516,51,FEMALE,CARRBORO,"56TH HOUSE","NORTH CARRBORO","CHAPEL HILL",DEMOCRATIC,WHITE,ACTIVE
LAUBSCHER,105,"ARBOR CREEK","LAUBSCHER, DAVID ALAN","105 ARBOR CREEK CT","CHAPEL HILL",NC,27516,105,"","ARBOR CREEK","",CT,"","","CHAPEL HILL",NC,27516,43,MALE,CARRBORO,"50TH HOUSE","HOGAN FARMS","CHAPEL HILL",UNAFFILIATED,WHITE,ACTIVE
LAUBSCHER,105,"ARBOR CREEK","LAUBSCHER, LINDA JEAN","105 ARBOR CREEK CT","CHAPEL HILL",NC,27516,105,"","ARBOR CREEK","",CT,"","","CHAPEL HILL",NC,27516,45,FEMALE,CARRBORO,"50TH HOUSE","HOGAN FARMS","CHAPEL HILL",UNAFFILIATED,WHITE,ACTIVE
LAVELLE,110,"HOGAN RIDGE","LAVELLE, KARLENE","110 HOGAN RIDGE CT","CHAPEL HILL",NC,27516,110,"","HOGAN RIDGE","",CT,"","","CHAPEL HILL",NC,27516,43,FEMALE,CARRBORO,"50TH HOUSE","HOGAN FARMS","CHAPEL HILL",DEMOCRATIC,WHITE,INACTIVE
LAVELLE,110,"HOGAN RIDGE","LAVELLE, MARK DAVID","110 HOGAN RIDGE CT","CHAPEL HILL",NC,27516,110,"","HOGAN RIDGE","",CT,"","","CHAPEL HILL",NC,27516,45,MALE,CARRBORO,"50TH HOUSE","HOGAN FARMS","CHAPEL HILL",DEMOCRATIC,WHITE,INACTIVE
LEE,115,STRATFORD,"LEE, CHON","115 STRATFORD DR","CHAPEL HILL",NC,27516,115,"",STRATFORD,"",DR,"","","CHAPEL HILL",NC,27516,45,FEMALE,CARRBORO,"56TH HOUSE","NORTH CARRBORO","CHAPEL HILL",DEMOCRATIC,OTHER,ACTIVE
LEE,215,STRATFORD,"LEE, MATTHEW KERRY","215 STRATFORD DR","CHAPEL HILL",NC,27516,215,"",STRATFORD,"",DR,"","","CHAPEL HILL",NC,27516,36,MALE,CARRBORO,"56TH HOUSE","NORTH CARRBORO","CHAPEL HILL",DEMOCRATIC,WHITE,ACTIVE
LEE,115,STRATFORD,"LEE, TONG HYON","115 STRATFORD DR","CHAPEL HILL",NC,27516,115,"",STRATFORD,"",DR,"","","CHAPEL HILL",NC,27516,48,MALE,CARRBORO,"56TH HOUSE","NORTH CARRBORO","CHAPEL HILL",DEMOCRATIC,OTHER,ACTIVE
LEES,107,COBBLESTONE,"LEES, JONATHAN M","107 COBBLESTONE DR","CHAPEL HILL",NC,27516,107,"",COBBLESTONE,"",DR,"","","CHAPEL HILL",NC,27516,54,MALE,CARRBORO,"56TH HOUSE","NORTH CARRBORO","CHAPEL HILL",UNAFFILIATED,WHITE,ACTIVE
LEES,107,COBBLESTONE,"LEES, NANCY A","107 COBBLESTONE DR","CHAPEL HILL",NC,27516,107,"",COBBLESTONE,"",DR,"","","CHAPEL HILL",NC,27516,52,FEMALE,CARRBORO,"56TH HOUSE","NORTH CARRBORO","CHAPEL HILL",UNAFFILIATED,WHITE,ACTIVE
LELENTAL,205,"DAIRY GLEN","LELENTAL, ARON MANUEL","205 DAIRY GLEN RD","CHAPEL HILL",NC,27516,205,"","DAIRY GLEN","",RD,"","","CHAPEL HILL",NC,27516,52,MALE,CARRBORO,"50TH HOUSE","HOGAN FARMS","CHAPEL HILL",UNAFFILIATED,WHITE,ACTIVE
LELENTAL,205,"DAIRY GLEN","LELENTAL, JESSICA","205 DAIRY GLEN RD","CHAPEL HILL",NC,27516,205,"","DAIRY GLEN","",RD,"","","CHAPEL HILL",NC,27516,50,FEMALE,CARRBORO,"50TH HOUSE","HOGAN FARMS","CHAPEL HILL",DEMOCRATIC,WHITE,ACTIVE
LEMOINE,108,"HOGAN RIDGE","LEMOINE, FREDRICK MICHAEL","108 HOGAN RIDGE CT","CHAPEL HILL",NC,27516,108,"","HOGAN RIDGE","",CT,"","","CHAPEL HILL",NC,27516,40,MALE,CARRBORO,"50TH HOUSE","HOGAN FARMS","CHAPEL HILL",DEMOCRATIC,WHITE,ACTIVE
LEMOINE,108,"HOGAN RIDGE","LEMOINE, TAMARA STRATTON","108 HOGAN RIDGE CT","CHAPEL HILL",NC,27516,108,"","HOGAN RIDGE","",CT,"","","CHAPEL HILL",NC,27516,40,FEMALE,CARRBORO,"50TH HOUSE","HOGAN FARMS","CHAPEL HILL",DEMOCRATIC,WHITE,ACTIVE
LENOX,412,"HOGAN WOODS","LENOX, MACY HALE","412 HOGAN WOODS CIR","CHAPEL HILL",NC,27516,412,"","HOGAN WOODS","",CIR,"","","CHAPEL HILL",NC,27516,35,FEMALE,CARRBORO,"50TH HOUSE","HOGAN FARMS","CHAPEL HILL",DEMOCRATIC,WHITE,ACTIVE
LENOX,412,"HOGAN WOODS","LENOX, MICHAEL JAMES","412 HOGAN WOODS CIR","CHAPEL HILL",NC,27516,412,"","HOGAN WOODS","",CIR,"","","CHAPEL HILL",NC,27516,36,MALE,CARRBORO,"50TH HOUSE","HOGAN FARMS","CHAPEL HILL",UNAFFILIATED,WHITE,ACTIVE
LEVY,102,BRUTON,"LEVY, CAROLYN BRIDGES","102 BRUTON DR","CHAPEL HILL",NC,27516,102,"",BRUTON,"",DR,"","","CHAPEL HILL",NC,27516,52,FEMALE,CARRBORO,"56TH HOUSE","NORTH CARRBORO","CHAPEL HILL",DEMOCRATIC,WHITE,ACTIVE
LEVY,102,BRUTON,"LEVY, RUSSELL SHELLEY","102 BRUTON DR","CHAPEL HILL",NC,27516,102,"",BRUTON,"",DR,"","","CHAPEL HILL",NC,27516,53,MALE,CARRBORO,"56TH HOUSE","NORTH CARRBORO","CHAPEL HILL",DEMOCRATIC,WHITE,ACTIVE
LEWIS,202,WYNDHAM,"LEWIS, EDWARD C","202 WYNDHAM DR","CHAPEL HILL",NC,27516,202,"",WYNDHAM,"",DR,"","","CHAPEL HILL",NC,27516,50,MALE,CARRBORO,"56TH HOUSE","NORTH CARRBORO","CHAPEL HILL",DEMOCRATIC,WHITE,ACTIVE
LEWIS,202,WYNDHAM,"LEWIS, PATRICIA H","202 WYNDHAM DR","CHAPEL HILL",NC,27516,202,"",WYNDHAM,"",DR,"","","CHAPEL HILL",NC,27516,49,FEMALE,CARRBORO,"56TH HOUSE","NORTH CARRBORO","CHAPEL HILL",UNAFFILIATED,WHITE,ACTIVE
LIEBE,106,ELLSWORTH,"LIEBE, GREGORY JOSEPH","106 ELLSWORTH PL","CHAPEL HILL",NC,27516,106,"",ELLSWORTH,"",PL,"","","CHAPEL HILL",NC,27516,36,MALE,CARRBORO,"56TH HOUSE","NORTH CARRBORO","CHAPEL HILL",REPUBLICAN,WHITE,ACTIVE
LIEBE,106,ELLSWORTH,"LIEBE, JENNIFER CAROLINE","106 ELLSWORTH PL","CHAPEL HILL",NC,27516,106,"",ELLSWORTH,"",PL,"","","CHAPEL HILL",NC,27516,36,FEMALE,CARRBORO,"56TH HOUSE","NORTH CARRBORO","CHAPEL HILL",UNAFFILIATED,WHITE,ACTIVE
LLOYD,117,COBBLESTONE,"LLOYD, ANN COOLEY","117 COBBLESTONE DR","CHAPEL HILL",NC,27516,117,"",COBBLESTONE,"",DR,"","","CHAPEL HILL",NC,27516,51,FEMALE,CARRBORO,"56TH HOUSE","NORTH CARRBORO","CHAPEL HILL",DEMOCRATIC,WHITE,ACTIVE
LLOYD,117,COBBLESTONE,"LLOYD, THOMAS EARL","117 COBBLESTONE DR","CHAPEL HILL",NC,27516,117,"",COBBLESTONE,"",DR,"","","CHAPEL HILL",NC,27516,49,MALE,CARRBORO,"56TH HOUSE","NORTH CARRBORO","CHAPEL HILL",DEMOCRATIC,WHITE,ACTIVE
LO,102,BUCKEYE,"LO, LI-LIN CHEN","102 BUCKEYE LN","CHAPEL HILL",NC,27516,102,"",BUCKEYE,"",LN,"","","CHAPEL HILL",NC,27516,54,FEMALE,CARRBORO,"56TH HOUSE","NORTH CARRBORO","CHAPEL HILL",UNAFFILIATED,OTHER,ACTIVE
LOCKHART,114,"WAVERLY FOREST","LOCKHART, JENNIFER ANN","114 WAVERLY FOREST LN","CHAPEL HILL",NC,27516,114,"","WAVERLY FOREST","",LN,"","","CHAPEL HILL",NC,27516,45,FEMALE,CARRBORO,"56TH HOUSE","NORTH CARRBORO","CHAPEL HILL",DEMOCRATIC,WHITE,ACTIVE
LOCKHART,114,"WAVERLY FOREST","LOCKHART, STEPHEN BARRET","114 WAVERLY FOREST LN","CHAPEL HILL",NC,27516,114,"","WAVERLY FOREST","",LN,"","","CHAPEL HILL",NC,27516,44,MALE,CARRBORO,"56TH HOUSE","NORTH CARRBORO","CHAPEL HILL",DEMOCRATIC,WHITE,ACTIVE
LONG,205,"COMMONS WAY","LONG, JANET ELAINE","205 COMMONS WAY DR","CHAPEL HILL",NC,27516,205,"","COMMONS WAY","",DR,"","","CHAPEL HILL",NC,27516,55,FEMALE,CARRBORO,"50TH HOUSE","HOGAN FARMS","CHAPEL HILL",DEMOCRATIC,WHITE,ACTIVE
LONG,205,"COMMONS WAY","LONG, JOHN ROBERT","205 COMMONS WAY DR","CHAPEL HILL",NC,27516,205,"","COMMONS WAY","",DR,"","","CHAPEL HILL",NC,27516,55,MALE,CARRBORO,"50TH HOUSE","HOGAN FARMS","CHAPEL HILL",DEMOCRATIC,WHITE,ACTIVE
LUCA,405,ROSSBURN,"LUCA, ANTHONY JOHN","405 ROSSBURN WAY","CHAPEL HILL",NC,27516,405,"",ROSSBURN,"",WAY,"","","CHAPEL HILL",NC,27516,54,MALE,CARRBORO,"54TH HOUSE",DAMASCUS,"CHAPEL HILL",UNAFFILIATED,WHITE,ACTIVE
LUCA,405,ROSSBURN,"LUCA, KATHERINE KINDELL","405 ROSSBURN WAY","CHAPEL HILL",NC,27516,405,"",ROSSBURN,"",WAY,"","","CHAPEL HILL",NC,27516,53,FEMALE,CARRBORO,"54TH HOUSE",DAMASCUS,"CHAPEL HILL",DEMOCRATIC,WHITE,ACTIVE
LURIE,1002,CAMDEN,"LURIE, CYNTHIA A","1002 CAMDEN LN","CHAPEL HILL",NC,27516,1002,"",CAMDEN,"",LN,"","","CHAPEL HILL",NC,27516,48,FEMALE,CARRBORO,"50TH HOUSE","HOGAN FARMS","CHAPEL HILL",UNAFFILIATED,WHITE,ACTIVE
LURIE,1002,CAMDEN,"LURIE, RONEL D","1002 CAMDEN LN","CHAPEL HILL",NC,27516,1002,"",CAMDEN,"",LN,"","","CHAPEL HILL",NC,27516,53,MALE,CARRBORO,"50TH HOUSE","HOGAN FARMS","CHAPEL HILL",UNAFFILIATED,WHITE,ACTIVE
MADER,110,CIRCADIAN,"MADER, ANNE HODGE","110 CIRCADIAN WAY","CHAPEL HILL",NC,27516,110,"",CIRCADIAN,"",WAY,"","","CHAPEL HILL",NC,27516,50,FEMALE,CARRBORO,"56TH HOUSE","NORTH CARRBORO","CHAPEL HILL",DEMOCRATIC,WHITE,ACTIVE
MADER,110,CIRCADIAN,"MADER, JOHN CARL","110 CIRCADIAN WAY","CHAPEL HILL",NC,27516,110,"",CIRCADIAN,"",WAY,"","","CHAPEL HILL",NC,27516,50,MALE,CARRBORO,"56TH HOUSE","NORTH CARRBORO","CHAPEL HILL",DEMOCRATIC,WHITE,ACTIVE
MALONE,1001,STAFFIELD,"MALONE, ALLEN SIMONS","1001 STAFFIELD LN","CHAPEL HILL",NC,27516,1001,"",STAFFIELD,"",LN,"","","CHAPEL HILL",NC,27516,43,MALE,CARRBORO,"50TH HOUSE","HOGAN FARMS","CHAPEL HILL",UNAFFILIATED,WHITE,ACTIVE
MALONE,1001,STAFFIELD,"MALONE, SUSAN SPRAGUE","1001 STAFFIELD LN","CHAPEL HILL",NC,27516,1001,"",STAFFIELD,"",LN,"","","CHAPEL HILL",NC,27516,48,FEMALE,CARRBORO,"50TH HOUSE","HOGAN FARMS","CHAPEL HILL",UNAFFILIATED,WHITE,ACTIVE
MANIS,121,"SHADOW RIDGE","MANIS, ELIZABETH W","121 SHADOW RIDGE PL","CHAPEL HILL",NC,27516,121,"","SHADOW RIDGE","",PL,"","","CHAPEL HILL",NC,27516,53,FEMALE,CARRBORO,"50TH HOUSE","HOGAN FARMS","CHAPEL HILL",DEMOCRATIC,WHITE,ACTIVE
MANIS,121,"SHADOW RIDGE","MANIS, PAUL BARTON","121 SHADOW RIDGE PL","CHAPEL HILL",NC,27516,121,"","SHADOW RIDGE","",PL,"","","CHAPEL HILL",NC,27516,52,MALE,CARRBORO,"50TH HOUSE","HOGAN FARMS","CHAPEL HILL",DEMOCRATIC,WHITE,ACTIVE
MANN,219,COBBLESTONE,"MANN, LAUREN SHAW","219 COBBLESTONE DR","CHAPEL HILL",NC,27516,219,"",COBBLESTONE,"",DR,"","","CHAPEL HILL",NC,27516,41,FEMALE,CARRBORO,"56TH HOUSE","NORTH CARRBORO","CHAPEL HILL",DEMOCRATIC,WHITE,ACTIVE
MANN,219,COBBLESTONE,"MANN, RONALD WADE JR","219 COBBLESTONE DR","CHAPEL HILL",NC,27516,219,"",COBBLESTONE,"",DR,"","","CHAPEL HILL",NC,27516,44,MALE,CARRBORO,"56TH HOUSE","NORTH CARRBORO","CHAPEL HILL",REPUBLICAN,WHITE,ACTIVE
MARBRY,102,GRACEWOOD,"MARBRY, DELAINE HARDEE","102 GRACEWOOD PL","CHAPEL HILL",NC,27516,102,"",GRACEWOOD,"",PL,"","","CHAPEL HILL",NC,27516,47,FEMALE,CARRBORO,"56TH HOUSE","NORTH CARRBORO","CHAPEL HILL",DEMOCRATIC,WHITE,ACTIVE
MARBRY,102,GRACEWOOD,"MARBRY, GARY LEE","102 GRACEWOOD PL","CHAPEL HILL",NC,27516,102,"",GRACEWOOD,"",PL,"","","CHAPEL HILL",NC,27516,47,MALE,CARRBORO,"56TH HOUSE","NORTH CARRBORO","CHAPEL HILL",DEMOCRATIC,WHITE,ACTIVE
MARCOTTE,108,"BUCK TAYLOR","MARCOTTE, ANAMAE G","108 BUCK TAYLOR TRL","CHAPEL HILL",NC,27516,108,"","BUCK TAYLOR","",TRL,"","","CHAPEL HILL",NC,27516,41,FEMALE,CARRBORO,"56TH HOUSE","NORTH CARRBORO","CHAPEL HILL",REPUBLICAN,WHITE,ACTIVE
MARCOTTE,108,"BUCK TAYLOR","MARCOTTE, SHAWN PAUL","108 BUCK TAYLOR TRL","CHAPEL HILL",NC,27516,108,"","BUCK TAYLOR","",TRL,"","","CHAPEL HILL",NC,27516,43,MALE,CARRBORO,"56TH HOUSE","NORTH CARRBORO","CHAPEL HILL",REPUBLICAN,WHITE,ACTIVE
MAROLD,2301,PATHWAY,"MAROLD, ABBY","2301 PATHWAY DR","CHAPEL HILL",NC,27516,2301,"",PATHWAY,"",DR,"","","CHAPEL HILL",NC,27516,42,FEMALE,CARRBORO,"56TH HOUSE","NORTH CARRBORO","CHAPEL HILL",UNAFFILIATED,OTHER,ACTIVE
MAROLD,2301,PATHWAY,"MAROLD, JOHN ALLEN","2301 PATHWAY DR","CHAPEL HILL",NC,27516,2301,"",PATHWAY,"",DR,"","","CHAPEL HILL",NC,27516,37,MALE,CARRBORO,"56TH HOUSE","NORTH CARRBORO","CHAPEL HILL",REPUBLICAN,OTHER,ACTIVE
MARTIN,307,"TRIPP FARM","MARTIN, CHARLENE MEDDOCK","307 TRIPP FARM RD","CHAPEL HILL",NC,27516,307,"","TRIPP FARM","",RD,"","","CHAPEL HILL",NC,27516,41,FEMALE,CARRBORO,"56TH HOUSE","NORTH CARRBORO","CHAPEL HILL",REPUBLICAN,WHITE,ACTIVE
MARTIN,1007,CAMDEN,"MARTIN, DONNA KANNEL","1007 CAMDEN LN","CHAPEL HILL",NC,27516,1007,"",CAMDEN,"",LN,"","","CHAPEL HILL",NC,27516,47,FEMALE,CARRBORO,"50TH HOUSE","HOGAN FARMS","CHAPEL HILL",REPUBLICAN,WHITE,ACTIVE
MARTIN,209,"TOWNE RIDGE","MARTIN, DUANE ALLEN","209 TOWNE RIDGE LN","CHAPEL HILL",NC,27516,209,"","TOWNE RIDGE","",LN,"","","CHAPEL HILL",NC,27516,50,MALE,CARRBORO,"50TH HOUSE","HOGAN FARMS","CHAPEL HILL",REPUBLICAN,WHITE,ACTIVE
MARTIN,110,ELLSWORTH,"MARTIN, LINDA A","110 ELLSWORTH PL","CHAPEL HILL",NC,27516,110,"",ELLSWORTH,"",PL,"","","CHAPEL HILL",NC,27516,55,FEMALE,CARRBORO,"56TH HOUSE","NORTH CARRBORO","CHAPEL HILL",DEMOCRATIC,WHITE,ACTIVE
MARTIN,209,"TOWNE RIDGE","MARTIN, NANNETTE BLOIS","209 TOWNE RIDGE LN","CHAPEL HILL",NC,27516,209,"","TOWNE RIDGE","",LN,"","","CHAPEL HILL",NC,27516,49,FEMALE,CARRBORO,"50TH HOUSE","HOGAN FARMS","CHAPEL HILL",UNAFFILIATED,WHITE,ACTIVE
MARTIN,307,"TRIPP FARM","MARTIN, RANDAL MONTGOMERY","307 TRIPP FARM RD","CHAPEL HILL",NC,27516,307,"","TRIPP FARM","",RD,"","","CHAPEL HILL",NC,27516,47,MALE,CARRBORO,"56TH HOUSE","NORTH CARRBORO","CHAPEL HILL",UNAFFILIATED,WHITE,ACTIVE
MARTIN,1007,CAMDEN,"MARTIN, RANDALL KEANE","1007 CAMDEN LN","CHAPEL HILL",NC,27516,1007,"",CAMDEN,"",LN,"","","CHAPEL HILL",NC,27516,50,MALE,CARRBORO,"50TH HOUSE","HOGAN FARMS","CHAPEL HILL",REPUBLICAN,WHITE,ACTIVE
MATEER,2008,WHITMORE,"MATEER, JEFFREY REHR","2008 WHITMORE CIR","CHAPEL HILL",NC,27516,2008,"",WHITMORE,"",CIR,"","","CHAPEL HILL",NC,27516,45,MALE,CARRBORO,"50TH HOUSE","HOGAN FARMS","CHAPEL HILL",REPUBLICAN,WHITE,ACTIVE
MATEER,2008,WHITMORE,"MATEER, MARY MACKINSON","2008 WHITMORE CIR","CHAPEL HILL",NC,27516,2008,"",WHITMORE,"",CIR,"","","CHAPEL HILL",NC,27516,47,FEMALE,CARRBORO,"50TH HOUSE","HOGAN FARMS","CHAPEL HILL",UNAFFILIATED,WHITE,ACTIVE
MATSON,110,COBBLESTONE,"MATSON, MARTHA BARRETT","110 COBBLESTONE DR","CHAPEL HILL",NC,27516,110,"",COBBLESTONE,"",DR,"","","CHAPEL HILL",NC,27516,55,FEMALE,CARRBORO,"56TH HOUSE","NORTH CARRBORO","CHAPEL HILL",REPUBLICAN,WHITE,ACTIVE
MATSON,110,COBBLESTONE,"MATSON, STEVEN W","110 COBBLESTONE DR","CHAPEL HILL",NC,27516,110,"",COBBLESTONE,"",DR,"","","CHAPEL HILL",NC,27516,53,MALE,CARRBORO,"56TH HOUSE","NORTH CARRBORO","CHAPEL HILL",DEMOCRATIC,WHITE,ACTIVE
MCADOO,8013,ROGERS,"MCADOO, SANDRA KAY","8013 ROGERS RD","CHAPEL HILL",NC,27516,8013,"",ROGERS,"",RD,"","","CHAPEL HILL",NC,27516,47,FEMALE,CARRBORO,"50TH HOUSE","HOGAN FARMS","CHAPEL HILL",DEMOCRATIC,"BLACK or AFRICAN AMERICAN",ACTIVE
MCCAFFREY,307,"SUNSET CREEK","MCCAFFREY, MARTIN JOHN","307 SUNSET CREEK CIR","CHAPEL HILL",NC,27516,307,"","SUNSET CREEK","",CIR,"","","CHAPEL HILL",NC,27516,46,MALE,CARRBORO,"56TH HOUSE","NORTH CARRBORO","CHAPEL HILL",REPUBLICAN,WHITE,ACTIVE
MCCAFFREY,307,"SUNSET CREEK","MCCAFFREY, THERESA CLARE","307 SUNSET CREEK CIR","CHAPEL HILL",NC,27516,307,"","SUNSET CREEK","",CIR,"","","CHAPEL HILL",NC,27516,44,FEMALE,CARRBORO,"56TH HOUSE","NORTH CARRBORO","CHAPEL HILL",REPUBLICAN,WHITE,ACTIVE
MCCARTHY,8112,KIT,"MCCARTHY, MARY HELEN","8112 KIT LN","CHAPEL HILL",NC,27516,8112,"",KIT,"",LN,"","","CHAPEL HILL",NC,27516,45,FEMALE,CARRBORO,"50TH HOUSE","HOGAN FARMS","CHAPEL HILL",DEMOCRATIC,WHITE,ACTIVE
MCCARTHY,8112,KIT,"MCCARTHY, MATTHEW JAMES","8112 KIT LN","CHAPEL HILL",NC,27516,8112,"",KIT,"",LN,"","","CHAPEL HILL",NC,27516,45,MALE,CARRBORO,"50TH HOUSE","HOGAN FARMS","CHAPEL HILL",UNAFFILIATED,WHITE,ACTIVE
MCCLELLAN,218,"TRIPP FARM","MCCLELLAN, DIANE PETTY","218 TRIPP FARM RD","CHAPEL HILL",NC,27516,218,"","TRIPP FARM","",RD,"","","CHAPEL HILL",NC,27516,47,FEMALE,CARRBORO,"56TH HOUSE","NORTH CARRBORO","CHAPEL HILL",DEMOCRATIC,WHITE,ACTIVE
MCCLELLAN,218,"TRIPP FARM","MCCLELLAN, ROBERT SCOTT","218 TRIPP FARM RD","CHAPEL HILL",NC,27516,218,"","TRIPP FARM","",RD,"","","CHAPEL HILL",NC,27516,49,MALE,CARRBORO,"56TH HOUSE","NORTH CARRBORO","CHAPEL HILL",UNAFFILIATED,WHITE,ACTIVE
MCCRAY,305,"LAKE HOGAN FARM","MCCRAY, DONALD S","305 LAKE HOGAN FARM RD","CHAPEL HILL",NC,27516,305,"","LAKE HOGAN FARM","",RD,"","","CHAPEL HILL",NC,27516,49,MALE,CARRBORO,"50TH HOUSE","HOGAN FARMS","CHAPEL HILL",REPUBLICAN,WHITE,ACTIVE
MCCRAY,305,"LAKE HOGAN FARM","MCCRAY, PATRICIA A","305 LAKE HOGAN FARM RD","CHAPEL HILL",NC,27516,305,"","LAKE HOGAN FARM","",RD,"","","CHAPEL HILL",NC,27516,50,FEMALE,CARRBORO,"50TH HOUSE","HOGAN FARMS","CHAPEL HILL",REPUBLICAN,WHITE,ACTIVE
MCDONALD,102,"COMMONS WAY","MCDONALD, SUSAN SABATINO","102 COMMONS WAY DR","CHAPEL HILL",NC,27516,102,"","COMMONS WAY","",DR,"","","CHAPEL HILL",NC,27516,50,FEMALE,CARRBORO,"50TH HOUSE","HOGAN FARMS","CHAPEL HILL",UNAFFILIATED,WHITE,ACTIVE
MCDONNELL,1002,GLOUCESTER,"MCDONNELL, DONALD PATRICK","1002 GLOUCESTER CT","CHAPEL HILL",NC,27516,1002,"",GLOUCESTER,"",CT,"","","CHAPEL HILL",NC,27516,46,MALE,CARRBORO,"50TH HOUSE","HOGAN FARMS","CHAPEL HILL",REPUBLICAN,WHITE,ACTIVE
MCDONNELL,1002,GLOUCESTER,"MCDONNELL, MARY T","1002 GLOUCESTER CT","CHAPEL HILL",NC,27516,1002,"",GLOUCESTER,"",CT,"","","CHAPEL HILL",NC,27516,47,FEMALE,CARRBORO,"50TH HOUSE","HOGAN FARMS","CHAPEL HILL",UNAFFILIATED,WHITE,ACTIVE
MCHALE,8100,KIT,"MCHALE, JAMES H JR","8100 KIT LN","CHAPEL HILL",NC,27516,8100,"",KIT,"",LN,"","","CHAPEL HILL",NC,27516,51,MALE,CARRBORO,"50TH HOUSE","HOGAN FARMS","CHAPEL HILL",DEMOCRATIC,WHITE,ACTIVE
MCHALE,8100,KIT,"MCHALE, TAMMY J","8100 KIT LN","CHAPEL HILL",NC,27516,8100,"",KIT,"",LN,"","","CHAPEL HILL",NC,27516,46,FEMALE,CARRBORO,"50TH HOUSE","HOGAN FARMS","CHAPEL HILL",DEMOCRATIC,WHITE,ACTIVE
MCINERNEY,106,"GARDEN GATE","MCINERNEY, MARTIN JOSEPH","106 GARDEN GATE DR","CHAPEL HILL",NC,27516,106,"","GARDEN GATE","",DR,"","","CHAPEL HILL",NC,27516,55,MALE,CARRBORO,"56TH HOUSE","NORTH CARRBORO","CHAPEL HILL",DEMOCRATIC,WHITE,ACTIVE
MCKEON,1002,BRENDAN,"MCKEON, KELLY JOHN","1002 BRENDAN CT","CHAPEL HILL",NC,27516,1002,"",BRENDAN,"",CT,"","","CHAPEL HILL",NC,27516,45,MALE,CARRBORO,"50TH HOUSE","HOGAN FARMS","CHAPEL HILL",REPUBLICAN,WHITE,ACTIVE
MCKEON,1002,BRENDAN,"MCKEON, LYNN M","1002 BRENDAN CT","CHAPEL HILL",NC,27516,1002,"",BRENDAN,"",CT,"","","CHAPEL HILL",NC,27516,44,FEMALE,CARRBORO,"50TH HOUSE","HOGAN FARMS","CHAPEL HILL",REPUBLICAN,WHITE,ACTIVE
MCLAUGHLIN,317,"SUNSET CREEK","MCLAUGHLIN, MIRIAM KLEM","317 SUNSET CREEK CIR","CHAPEL HILL",NC,27516,317,"","SUNSET CREEK","",CIR,"","","CHAPEL HILL",NC,27516,40,FEMALE,CARRBORO,"56TH HOUSE","NORTH CARRBORO","CHAPEL HILL",DEMOCRATIC,WHITE,ACTIVE
MCLAUGHLIN,317,"SUNSET CREEK","MCLAUGHLIN, RICHARD MICHAEL","317 SUNSET CREEK CIR","CHAPEL HILL",NC,27516,317,"","SUNSET CREEK","",CIR,"","","CHAPEL HILL",NC,27516,39,MALE,CARRBORO,"56TH HOUSE","NORTH CARRBORO","CHAPEL HILL",DEMOCRATIC,WHITE,ACTIVE
MCLAUGHLIN,511,"CATES FARM","MCLAUGHLIN, TRACI BARGER","511 CATES FARM RD","CHAPEL HILL",NC,27516,511,"","CATES FARM","",RD,"","","CHAPEL HILL",NC,27516,48,FEMALE,CARRBORO,"56TH HOUSE","NORTH CARRBORO","CHAPEL HILL",DEMOCRATIC,WHITE,ACTIVE
MCLEAN,103,YEARGEN,"MCLEAN, ELISE MALEFYT","103 YEARGEN PL","CHAPEL HILL",NC,27516,103,"",YEARGEN,"",PL,"","","CHAPEL HILL",NC,27516,48,FEMALE,CARRBORO,"56TH HOUSE","NORTH CARRBORO","CHAPEL HILL",DEMOCRATIC,WHITE,ACTIVE
MCNAUGHTON,210,STRATFORD,"MCNAUGHTON, CAMERON HILL","210 STRATFORD DR","CHAPEL HILL",NC,27516,210,"",STRATFORD,"",DR,"","","CHAPEL HILL",NC,27516,51,MALE,CARRBORO,"56TH HOUSE","NORTH CARRBORO","CHAPEL HILL",UNAFFILIATED,WHITE,ACTIVE
MCNAUGHTON,210,STRATFORD,"MCNAUGHTON, KAREN WALSH","210 STRATFORD DR","CHAPEL HILL",NC,27516,210,"",STRATFORD,"",DR,"","","CHAPEL HILL",NC,27516,52,FEMALE,CARRBORO,"56TH HOUSE","NORTH CARRBORO","CHAPEL HILL",REPUBLICAN,WHITE,ACTIVE
MEYERS,203,TRAMORE,"MEYERS, ERIK NICHOLAS","203 TRAMORE DR","CHAPEL HILL",NC,27516,203,"",TRAMORE,"",DR,"","","CHAPEL HILL",NC,27516,42,MALE,CARRBORO,"56TH HOUSE","NORTH CARRBORO","CHAPEL HILL",UNAFFILIATED,WHITE,ACTIVE
MEYERS,203,TRAMORE,"MEYERS, MICHELLE JEANNE","203 TRAMORE DR","CHAPEL HILL",NC,27516,203,"",TRAMORE,"",DR,"","","CHAPEL HILL",NC,27516,48,FEMALE,CARRBORO,"56TH HOUSE","NORTH CARRBORO","CHAPEL HILL",REPUBLICAN,WHITE,ACTIVE
MICKUNAS,314,"SUNSET CREEK","MICKUNAS, DAVID BRUCE","314 SUNSET CREEK CIR   #26","CHAPEL HILL",NC,27516,314,"","SUNSET CREEK","",CIR,"",26,"CHAPEL HILL",NC,27516,54,MALE,CARRBORO,"56TH HOUSE","NORTH CARRBORO","CHAPEL HILL",UNAFFILIATED,WHITE,ACTIVE
MICKUNAS,314,"SUNSET CREEK","MICKUNAS, WENDY JOAN","314 SUNSET CREEK CIR","CHAPEL HILL",NC,27516,314,"","SUNSET CREEK","",CIR,"","","CHAPEL HILL",NC,27516,48,FEMALE,CARRBORO,"56TH HOUSE","NORTH CARRBORO","CHAPEL HILL",UNAFFILIATED,WHITE,ACTIVE
MILLAR,8408,INVERNESS,"MILLAR, ANNA JANE","8408 INVERNESS WAY","CHAPEL HILL",NC,27516,8408,"",INVERNESS,"",WAY,"","","CHAPEL HILL",NC,27516,38,FEMALE,CARRBORO,"50TH HOUSE","HOGAN FARMS","CHAPEL HILL",DEMOCRATIC,WHITE,ACTIVE
MILLAR,8408,INVERNESS,"MILLAR, JAMES GORDON","8408 INVERNESS WAY","CHAPEL HILL",NC,27516,8408,"",INVERNESS,"",WAY,"","","CHAPEL HILL",NC,27516,39,MALE,CARRBORO,"50TH HOUSE","HOGAN FARMS","CHAPEL HILL",DEMOCRATIC,WHITE,ACTIVE
MILLER,100,"SUNSET CREEK","MILLER, CYNTHIA RAMIREZ","100 SUNSET CREEK CIR","CHAPEL HILL",NC,27516,100,"","SUNSET CREEK","",CIR,"","","CHAPEL HILL",NC,27516,39,FEMALE,CARRBORO,"56TH HOUSE","NORTH CARRBORO","CHAPEL HILL",UNAFFILIATED,WHITE,ACTIVE
MILLER,100,"SUNSET CREEK","MILLER, DAVID JOHN","100 SUNSET CREEK CIR","CHAPEL HILL",NC,27516,100,"","SUNSET CREEK","",CIR,"","","CHAPEL HILL",NC,27516,37,MALE,CARRBORO,"56TH HOUSE","NORTH CARRBORO","CHAPEL HILL",REPUBLICAN,WHITE,ACTIVE
MILLER,1611,CLAYMORE,"MILLER, LARRY ROBERT","1611 CLAYMORE RD","CHAPEL HILL",NC,27516,1611,"",CLAYMORE,"",RD,"","","CHAPEL HILL",NC,27516,48,MALE,CARRBORO,"50TH HOUSE","HOGAN FARMS","CHAPEL HILL",DEMOCRATIC,WHITE,ACTIVE
MILLER,1611,CLAYMORE,"MILLER, MELISSA LOUISE","1611 CLAYMORE RD","CHAPEL HILL",NC,27516,1611,"",CLAYMORE,"",RD,"","","CHAPEL HILL",NC,27516,43,FEMALE,CARRBORO,"50TH HOUSE","HOGAN FARMS","CHAPEL HILL",DEMOCRATIC,WHITE,ACTIVE
MINCHEW,104,ELLSWORTH,"MINCHEW, JANET MARIE","104 ELLSWORTH PL","CHAPEL HILL",NC,27516,104,"",ELLSWORTH,"",PL,"","","CHAPEL HILL",NC,27516,44,FEMALE,CARRBORO,"56TH HOUSE","NORTH CARRBORO","CHAPEL HILL",DEMOCRATIC,WHITE,ACTIVE
MINCHEW,104,ELLSWORTH,"MINCHEW, JOE TOMMY","104 ELLSWORTH PL","CHAPEL HILL",NC,27516,104,"",ELLSWORTH,"",PL,"","","CHAPEL HILL",NC,27516,45,MALE,CARRBORO,"56TH HOUSE","NORTH CARRBORO","CHAPEL HILL",REPUBLICAN,WHITE,ACTIVE
MINE,2002,CAMDEN,"MINE, ALICE NEECE","2002 CAMDEN LN","CHAPEL HILL",NC,27516,2002,"",CAMDEN,"",LN,"","","CHAPEL HILL",NC,27516,50,FEMALE,CARRBORO,"50TH HOUSE","HOGAN FARMS","CHAPEL HILL",DEMOCRATIC,WHITE,ACTIVE
MINTA,208,COBBLESTONE,"MINTA, DIANA F","208 COBBLESTONE DR","CHAPEL HILL",NC,27516,208,"",COBBLESTONE,"",DR,"","","CHAPEL HILL",NC,27516,51,FEMALE,CARRBORO,"56TH HOUSE","NORTH CARRBORO","CHAPEL HILL",UNAFFILIATED,WHITE,ACTIVE
MINTA,208,COBBLESTONE,"MINTA, STEPHEN PAUL","208 COBBLESTONE DR","CHAPEL HILL",NC,27516,208,"",COBBLESTONE,"",DR,"","","CHAPEL HILL",NC,27516,49,MALE,CARRBORO,"56TH HOUSE","NORTH CARRBORO","CHAPEL HILL",UNAFFILIATED,WHITE,ACTIVE
MINTON,8202,REYNARD,"MINTON, WILLIAM LEE JR","8202 REYNARD RD","CHAPEL HILL",NC,27516,8202,"",REYNARD,"",RD,"","","CHAPEL HILL",NC,27516,53,MALE,CARRBORO,"50TH HOUSE","HOGAN FARMS","CHAPEL HILL",DEMOCRATIC,WHITE,ACTIVE
MINTZER,205,"OAK GLEN","MINTZER, ELIOT LANCE","205 OAK GLEN PL","CHAPEL HILL",NC,27516,205,"","OAK GLEN","",PL,"","","CHAPEL HILL",NC,27516,53,MALE,CARRBORO,"56TH HOUSE","NORTH CARRBORO","CHAPEL HILL",UNAFFILIATED,WHITE,ACTIVE
MIRKIN,101,"TURTLEBACK CROSSING","MIRKIN, ELIZABETH SLAVIN","101 TURTLEBACK CROSSING DR","CHAPEL HILL",NC,27516,101,"","TURTLEBACK CROSSING","",DR,"","","CHAPEL HILL",NC,27516,46,FEMALE,CARRBORO,"50TH HOUSE","HOGAN FARMS","CHAPEL HILL",DEMOCRATIC,WHITE,ACTIVE
MIRKIN,101,"TURTLEBACK CROSSING","MIRKIN, MARK HARRIS","101 TURTLEBACK CROSSING DR","CHAPEL HILL",NC,27516,101,"","TURTLEBACK CROSSING","",DR,"","","CHAPEL HILL",NC,27516,48,MALE,CARRBORO,"50TH HOUSE","HOGAN FARMS","CHAPEL HILL",DEMOCRATIC,WHITE,ACTIVE
MITRA,102,"SUNSET RIDGE","MITRA, DEIRDRE DURBIN","102 SUNSET RIDGE LN","CHAPEL HILL",NC,27516,102,"","SUNSET RIDGE","",LN,"","","CHAPEL HILL",NC,27516,43,FEMALE,CARRBORO,"56TH HOUSE","NORTH CARRBORO","CHAPEL HILL",DEMOCRATIC,WHITE,ACTIVE
MITRA,102,"SUNSET RIDGE","MITRA, SHANKHA S","102 SUNSET RIDGE LN","CHAPEL HILL",NC,27516,102,"","SUNSET RIDGE","",LN,"","","CHAPEL HILL",NC,27516,40,MALE,CARRBORO,"56TH HOUSE","NORTH CARRBORO","CHAPEL HILL",DEMOCRATIC,OTHER,ACTIVE
MOFFET,105,"LAKE MANOR","MOFFET, JERELYN ROBERSON","105 LAKE MANOR RD","CHAPEL HILL",NC,27516,105,"","LAKE MANOR","",RD,"","","CHAPEL HILL",NC,27516,37,FEMALE,CARRBORO,"50TH HOUSE","HOGAN FARMS","CHAPEL HILL",REPUBLICAN,WHITE,ACTIVE
MOFFET,105,"LAKE MANOR","MOFFET, MARK ALAN","105 LAKE MANOR RD","CHAPEL HILL",NC,27516,105,"","LAKE MANOR","",RD,"","","CHAPEL HILL",NC,27516,43,MALE,CARRBORO,"50TH HOUSE","HOGAN FARMS","CHAPEL HILL",REPUBLICAN,WHITE,ACTIVE
MOISE,301,ROCKGARDEN,"MOISE, KAREN MASSEY","301 ROCKGARDEN DR","CHAPEL HILL",NC,27516,301,"",ROCKGARDEN,"",DR,"","","CHAPEL HILL",NC,27516,49,FEMALE,CARRBORO,"56TH HOUSE","NORTH CARRBORO","CHAPEL HILL",UNAFFILIATED,WHITE,ACTIVE
MOISE,301,ROCKGARDEN,"MOISE, KENNETH JOSEPH JR","301 ROCKGARDEN DR","CHAPEL HILL",NC,27516,301,"",ROCKGARDEN,"",DR,"","","CHAPEL HILL",NC,27516,51,MALE,CARRBORO,"56TH HOUSE","NORTH CARRBORO","CHAPEL HILL",REPUBLICAN,WHITE,ACTIVE
MOISEENKO,117,"SOUTH FIELDS","MOISEENKO, LINDA ROSEMARY","117 SOUTH FIELDS CIR","CHAPEL HILL",NC,27516,117,"","SOUTH FIELDS","",CIR,"","","CHAPEL HILL",NC,27516,42,FEMALE,CARRBORO,"50TH HOUSE","HOGAN FARMS","CHAPEL HILL",REPUBLICAN,WHITE,ACTIVE
MOODY,2004,WHITMORE,"MOODY, BRADLEY KEITH","2004 WHITMORE CIR","CHAPEL HILL",NC,27516,2004,"",WHITMORE,"",CIR,"","","CHAPEL HILL",NC,27516,45,MALE,CARRBORO,"50TH HOUSE","HOGAN FARMS","CHAPEL HILL",REPUBLICAN,WHITE,ACTIVE
MOODY,2004,WHITMORE,"MOODY, ELIZABETH PAIGE","2004 WHITMORE CIR","CHAPEL HILL",NC,27516,2004,"",WHITMORE,"",CIR,"","","CHAPEL HILL",NC,27516,45,FEMALE,CARRBORO,"50TH HOUSE","HOGAN FARMS","CHAPEL HILL",REPUBLICAN,WHITE,ACTIVE
MORGAN,311,ROSSBURN,"MORGAN, LAURA HAYES","311 ROSSBURN WAY","CHAPEL HILL",NC,27516,311,"",ROSSBURN,"",WAY,"","","CHAPEL HILL",NC,27516,44,FEMALE,CARRBORO,"54TH HOUSE",DAMASCUS,"CHAPEL HILL",DEMOCRATIC,WHITE,ACTIVE
MORTON,304,AUTUMN,"MORTON, CAROLYN MANDEL","304 AUTUMN DR","CHAPEL HILL",NC,27516,304,"",AUTUMN,"",DR,"","","CHAPEL HILL",NC,27516,43,FEMALE,CARRBORO,"56TH HOUSE","NORTH CARRBORO","CHAPEL HILL",UNAFFILIATED,WHITE,ACTIVE
MORTON,304,AUTUMN,"MORTON, MARK EDWARD","304 AUTUMN DR","CHAPEL HILL",NC,27516,304,"",AUTUMN,"",DR,"","","CHAPEL HILL",NC,27516,44,MALE,CARRBORO,"56TH HOUSE","NORTH CARRBORO","CHAPEL HILL",DEMOCRATIC,WHITE,ACTIVE
MOUW,1006,BRACE,"MOUW, MARY SHERWYN","1006 BRACE LN","CHAPEL HILL",NC,27516,1006,"",BRACE,"",LN,"","","CHAPEL HILL",NC,27516,39,FEMALE,CARRBORO,"50TH HOUSE","HOGAN FARMS","CHAPEL HILL",DEMOCRATIC,WHITE,ACTIVE
MOUW,1006,BRACE,"MOUW, THEODORE DIRK","1006 BRACE LN","CHAPEL HILL",NC,27516,1006,"",BRACE,"",LN,"","","CHAPEL HILL",NC,27516,38,MALE,CARRBORO,"50TH HOUSE","HOGAN FARMS","CHAPEL HILL",DEMOCRATIC,WHITE,ACTIVE
MOY,1909,PATHWAY,"MOY, LAWRENCE DENNIS","1909 PATHWAY DR","CHAPEL HILL",NC,27516,1909,"",PATHWAY,"",DR,"","","CHAPEL HILL",NC,27516,47,MALE,CARRBORO,"56TH HOUSE","NORTH CARRBORO","CHAPEL HILL",DEMOCRATIC,OTHER,ACTIVE
MOY,1909,PATHWAY,"MOY, SHERYL S","1909 PATHWAY DR","CHAPEL HILL",NC,27516,1909,"",PATHWAY,"",DR,"","","CHAPEL HILL",NC,27516,47,FEMALE,CARRBORO,"56TH HOUSE","NORTH CARRBORO","CHAPEL HILL",DEMOCRATIC,WHITE,ACTIVE
MULLEN,103,"DAIRY GLEN","MULLEN, THOMAS JAMES","103 DAIRY GLEN RD","CHAPEL HILL",NC,27516,103,"","DAIRY GLEN","",RD,"","","CHAPEL HILL",NC,27516,37,MALE,CARRBORO,"50TH HOUSE","HOGAN FARMS","CHAPEL HILL",UNAFFILIATED,WHITE,ACTIVE
NAFTOLOWITZ,918,TALLYHO,"NAFTOLOWITZ, DAVID F","918 TALLYHO TRL","CHAPEL HILL",NC,27516,918,"",TALLYHO,"",TRL,"","","CHAPEL HILL",NC,27516,48,MALE,CARRBORO,"50TH HOUSE","HOGAN FARMS","CHAPEL HILL",REPUBLICAN,WHITE,ACTIVE
NARES,105,STRATFORD,"NARES, CELIA GARCIA","105 STRATFORD DR","CHAPEL HILL",NC,27516,105,"",STRATFORD,"",DR,"","","CHAPEL HILL",NC,27516,43,FEMALE,CARRBORO,"56TH HOUSE","NORTH CARRBORO","CHAPEL HILL",REPUBLICAN,OTHER,ACTIVE
NARES,105,STRATFORD,"NARES, SALVADOR","105 STRATFORD DR","CHAPEL HILL",NC,27516,105,"",STRATFORD,"",DR,"","","CHAPEL HILL",NC,27516,43,MALE,CARRBORO,"56TH HOUSE","NORTH CARRBORO","CHAPEL HILL",REPUBLICAN,OTHER,ACTIVE
NEAS,106,"BUCK TAYLOR","NEAS, KATHY R","106 BUCK TAYLOR TRL","CHAPEL HILL",NC,27516,106,"","BUCK TAYLOR","",TRL,"","","CHAPEL HILL",NC,27516,49,FEMALE,CARRBORO,"56TH HOUSE","NORTH CARRBORO","CHAPEL HILL",DEMOCRATIC,WHITE,ACTIVE
NELSON,202,"BARINGTON HILLS","NELSON, WAYNE C","202 BARINGTON HILLS RD","CHAPEL HILL",NC,27516,202,"","BARINGTON HILLS","",RD,"","","CHAPEL HILL",NC,27516,55,MALE,CARRBORO,"56TH HOUSE","NORTH CARRBORO","CHAPEL HILL",DEMOCRATIC,WHITE,ACTIVE
NEVILLE,103,"ARBOR CREEK","NEVILLE, CATHERINE CLARK","103 ARBOR CREEK CT","CHAPEL HILL",NC,27516,103,"","ARBOR CREEK","",CT,"","","CHAPEL HILL",NC,27516,49,FEMALE,CARRBORO,"50TH HOUSE","HOGAN FARMS","CHAPEL HILL",UNAFFILIATED,WHITE,ACTIVE
NEVILLE,103,"ARBOR CREEK","NEVILLE, PAUL JOSEPH","103 ARBOR CREEK CT","CHAPEL HILL",NC,27516,103,"","ARBOR CREEK","",CT,"","","CHAPEL HILL",NC,27516,55,MALE,CARRBORO,"50TH HOUSE","HOGAN FARMS","CHAPEL HILL",UNAFFILIATED,WHITE,ACTIVE
NEWCOMB,305,AUTUMN,"NEWCOMB, JOAN MURPHY","305 AUTUMN DR","CHAPEL HILL",NC,27516,305,"",AUTUMN,"",DR,"","","CHAPEL HILL",NC,27516,53,FEMALE,CARRBORO,"56TH HOUSE","NORTH CARRBORO","CHAPEL HILL",REPUBLICAN,WHITE,ACTIVE
NEWCOMB,305,AUTUMN,"NEWCOMB, WILLIAM HENRY","305 AUTUMN DR","CHAPEL HILL",NC,27516,305,"",AUTUMN,"",DR,"","","CHAPEL HILL",NC,27516,55,MALE,CARRBORO,"56TH HOUSE","NORTH CARRBORO","CHAPEL HILL",REPUBLICAN,WHITE,ACTIVE
NEWTON,405,TRAMORE,"NEWTON, JAMES HARRISON","405 TRAMORE DR","CHAPEL HILL",NC,27516,405,"",TRAMORE,"",DR,"","","CHAPEL HILL",NC,27516,52,MALE,CARRBORO,"56TH HOUSE","NORTH CARRBORO","CHAPEL HILL",REPUBLICAN,WHITE,ACTIVE
NEWTON,405,TRAMORE,"NEWTON, SUSAN CONRAD","405 TRAMORE DR","CHAPEL HILL",NC,27516,405,"",TRAMORE,"",DR,"","","CHAPEL HILL",NC,27516,51,FEMALE,CARRBORO,"56TH HOUSE","NORTH CARRBORO","CHAPEL HILL",REPUBLICAN,WHITE,ACTIVE
NICKENS,7725,ROGERS,"NICKENS, KEITH FRANKLIN","7725 ROGERS RD","CHAPEL HILL",NC,27516,7725,"",ROGERS,"",RD,"","","CHAPEL HILL",NC,27516,44,MALE,CARRBORO,"50TH HOUSE","HOGAN FARMS","CHAPEL HILL",DEMOCRATIC,"BLACK or AFRICAN AMERICAN",ACTIVE
NIEDERLAND,103,ELLSWORTH,"NIEDERLAND, ALAN A","103 ELLSWORTH PL","CHAPEL HILL",NC,27516,103,"",ELLSWORTH,"",PL,"","","CHAPEL HILL",NC,27516,51,MALE,CARRBORO,"56TH HOUSE","NORTH CARRBORO","CHAPEL HILL",DEMOCRATIC,WHITE,ACTIVE
NIEDERLAND,103,ELLSWORTH,"NIEDERLAND, ALICE DORA FIRGAU","103 ELLSWORTH PL","CHAPEL HILL",NC,27516,103,"",ELLSWORTH,"",PL,"","","CHAPEL HILL",NC,27516,44,FEMALE,CARRBORO,"56TH HOUSE","NORTH CARRBORO","CHAPEL HILL",DEMOCRATIC,WHITE,ACTIVE
NORRIS,216,COBBLESTONE,"NORRIS, DAVID IGNATIUS","216 COBBLESTONE DR","CHAPEL HILL",NC,27516,216,"",COBBLESTONE,"",DR,"","","CHAPEL HILL",NC,27516,54,MALE,CARRBORO,"56TH HOUSE","NORTH CARRBORO","CHAPEL HILL",UNAFFILIATED,WHITE,ACTIVE
NORRIS,216,COBBLESTONE,"NORRIS, TAMARA HAWTHORNE","216 COBBLESTONE DR","CHAPEL HILL",NC,27516,216,"",COBBLESTONE,"",DR,"","","CHAPEL HILL",NC,27516,48,FEMALE,CARRBORO,"56TH HOUSE","NORTH CARRBORO","CHAPEL HILL",DEMOCRATIC,WHITE,ACTIVE
NOUR,2006,WHITMORE,"NOUR, MARTYVONNE MORTON","2006 WHITMORE CIR","CHAPEL HILL",NC,27516,2006,"",WHITMORE,"",CIR,"","","CHAPEL HILL",NC,27516,55,FEMALE,CARRBORO,"50TH HOUSE","HOGAN FARMS","CHAPEL HILL",DEMOCRATIC,WHITE,ACTIVE
OBRIEN,420,"HOGAN WOODS","OBRIEN, CAROLINE HEPBURN","420 HOGAN WOODS CIR","CHAPEL HILL",NC,27516,420,"","HOGAN WOODS","",CIR,"","","CHAPEL HILL",NC,27516,41,FEMALE,CARRBORO,"50TH HOUSE","HOGAN FARMS","CHAPEL HILL",DEMOCRATIC,WHITE,ACTIVE
OBRIEN,420,"HOGAN WOODS","OBRIEN, MATTHEW HAYDON","420 HOGAN WOODS CIR","CHAPEL HILL",NC,27516,420,"","HOGAN WOODS","",CIR,"","","CHAPEL HILL",NC,27516,41,MALE,CARRBORO,"50TH HOUSE","HOGAN FARMS","CHAPEL HILL",UNAFFILIATED,WHITE,ACTIVE
OLESCO,2217,PATHWAY,"OLESCO, EMELDA ESEO","2217 PATHWAY DR","CHAPEL HILL",NC,27516,2217,"",PATHWAY,"",DR,"","","CHAPEL HILL",NC,27516,54,FEMALE,CARRBORO,"56TH HOUSE","NORTH CARRBORO","CHAPEL HILL",REPUBLICAN,ASIAN,ACTIVE
OLESCO,2217,PATHWAY,"OLESCO, RAMON CAMACHO","2217 PATHWAY DR","CHAPEL HILL",NC,27516,2217,"",PATHWAY,"",DR,"","","CHAPEL HILL",NC,27516,53,MALE,CARRBORO,"56TH HOUSE","NORTH CARRBORO","CHAPEL HILL",DEMOCRATIC,ASIAN,ACTIVE
ONEILL,117,"HOGAN GLEN","ONEILL, MICHAEL JOSEPH","117 HOGAN GLEN CT","CHAPEL HILL",NC,27516,117,"","HOGAN GLEN","",CT,"","","CHAPEL HILL",NC,27516,54,MALE,CARRBORO,"50TH HOUSE","HOGAN FARMS","CHAPEL HILL",UNAFFILIATED,WHITE,ACTIVE
OPPEWAL,105,"HOGAN RIDGE","OPPEWAL, SONDA MAYE","105 HOGAN RIDGE CT","CHAPEL HILL",NC,27516,105,"","HOGAN RIDGE","",CT,"","","CHAPEL HILL",NC,27516,49,FEMALE,CARRBORO,"50TH HOUSE","HOGAN FARMS","CHAPEL HILL",DEMOCRATIC,WHITE,ACTIVE
OPPEWAL,105,"HOGAN RIDGE","OPPEWAL, THOMAS JAY","105 HOGAN RIDGE CT","CHAPEL HILL",NC,27516,105,"","HOGAN RIDGE","",CT,"","","CHAPEL HILL",NC,27516,53,MALE,CARRBORO,"50TH HOUSE","HOGAN FARMS","CHAPEL HILL",DEMOCRATIC,WHITE,ACTIVE
ORENSTEIN,103,BUCKEYE,"ORENSTEIN, RAPHAEL S","103 BUCKEYE LN","CHAPEL HILL",NC,27516,103,"",BUCKEYE,"",LN,"","","CHAPEL HILL",NC,27516,41,MALE,CARRBORO,"56TH HOUSE","NORTH CARRBORO","CHAPEL HILL",DEMOCRATIC,WHITE,ACTIVE
ORENSTEIN,103,BUCKEYE,"ORENSTEIN, SUSAN W","103 BUCKEYE LN","CHAPEL HILL",NC,27516,103,"",BUCKEYE,"",LN,"","","CHAPEL HILL",NC,27516,42,FEMALE,CARRBORO,"56TH HOUSE","NORTH CARRBORO","CHAPEL HILL",DEMOCRATIC,WHITE,ACTIVE
OTERO,112,"HOGAN RIDGE","OTERO, NORA","112 HOGAN RIDGE CT","CHAPEL HILL",NC,27516,112,"","HOGAN RIDGE","",CT,"","","CHAPEL HILL",NC,27516,38,FEMALE,CARRBORO,"50TH HOUSE","HOGAN FARMS","CHAPEL HILL",REPUBLICAN,WHITE,INACTIVE
OTERO,112,"HOGAN RIDGE","OTERO, RONNY MARIO","112 HOGAN RIDGE CT","CHAPEL HILL",NC,27516,112,"","HOGAN RIDGE","",CT,"","","CHAPEL HILL",NC,27516,38,MALE,CARRBORO,"50TH HOUSE","HOGAN FARMS","CHAPEL HILL",DEMOCRATIC,WHITE,INACTIVE
PALUMBO,1000,GLOUCESTER,"PALUMBO, FARA M","1000 GLOUCESTER CT","CHAPEL HILL",NC,27516,1000,"",GLOUCESTER,"",CT,"","","CHAPEL HILL",NC,27516,48,FEMALE,CARRBORO,"50TH HOUSE","HOGAN FARMS","CHAPEL HILL",DEMOCRATIC,WHITE,ACTIVE
PALUMBO,1000,GLOUCESTER,"PALUMBO, JOSEPH A","1000 GLOUCESTER CT","CHAPEL HILL",NC,27516,1000,"",GLOUCESTER,"",CT,"","","CHAPEL HILL",NC,27516,47,MALE,CARRBORO,"50TH HOUSE","HOGAN FARMS","CHAPEL HILL",REPUBLICAN,WHITE,ACTIVE
PARKE,118,COBBLESTONE,"PARKE, WILLIAM RAY","118 COBBLESTONE DR","CHAPEL HILL",NC,27516,118,"",COBBLESTONE,"",DR,"","","CHAPEL HILL",NC,27516,55,MALE,CARRBORO,"56TH HOUSE","NORTH CARRBORO","CHAPEL HILL",UNAFFILIATED,WHITE,ACTIVE
PARKS,507,"LAKE HOGAN FARM","PARKS, CHARLOTTE PATTON","507 LAKE HOGAN FARM RD","CHAPEL HILL",NC,27516,507,"","LAKE HOGAN FARM","",RD,"","","CHAPEL HILL",NC,27516,45,FEMALE,CARRBORO,"50TH HOUSE","HOGAN FARMS","CHAPEL HILL",DEMOCRATIC,WHITE,ACTIVE
PARKS,507,"LAKE HOGAN FARM","PARKS, PAUL NEWTON","507 LAKE HOGAN FARM RD","CHAPEL HILL",NC,27516,507,"","LAKE HOGAN FARM","",RD,"","","CHAPEL HILL",NC,27516,46,MALE,CARRBORO,"50TH HOUSE","HOGAN FARMS","CHAPEL HILL",UNAFFILIATED,WHITE,ACTIVE
PASSANNANTE,1601,CLAYMORE,"PASSANNANTE, ANTHONY NICHOLAS","1601 CLAYMORE RD","CHAPEL HILL",NC,27516,1601,"",CLAYMORE,"",RD,"","","CHAPEL HILL",NC,27516,46,MALE,CARRBORO,"50TH HOUSE","HOGAN FARMS","CHAPEL HILL",UNAFFILIATED,WHITE,ACTIVE
PASSANNANTE,1601,CLAYMORE,"PASSANNANTE, MARY L","1601 CLAYMORE RD","CHAPEL HILL",NC,27516,1601,"",CLAYMORE,"",RD,"","","CHAPEL HILL",NC,27516,45,FEMALE,CARRBORO,"50TH HOUSE","HOGAN FARMS","CHAPEL HILL",UNAFFILIATED,WHITE,ACTIVE
PATEL,100,RANDOLPH,"PATEL, ANISHKUMAR A","100 RANDOLPH CT","CHAPEL HILL",NC,27516,100,"",RANDOLPH,"",CT,"","","CHAPEL HILL",NC,27516,41,MALE,CARRBORO,"50TH HOUSE","HOGAN FARMS","CHAPEL HILL",REPUBLICAN,ASIAN,ACTIVE
PATEL,119,"SHADOW RIDGE","PATEL, BHAVNA S","119 SHADOW RIDGE PL","CHAPEL HILL",NC,27516,119,"","SHADOW RIDGE","",PL,"","","CHAPEL HILL",NC,27516,44,FEMALE,CARRBORO,"50TH HOUSE","HOGAN FARMS","CHAPEL HILL",DEMOCRATIC,ASIAN,ACTIVE
PATEL,119,"SHADOW RIDGE","PATEL, SAILASH INDURHAL","119 SHADOW RIDGE PL","CHAPEL HILL",NC,27516,119,"","SHADOW RIDGE","",PL,"","","CHAPEL HILL",NC,27516,49,MALE,CARRBORO,"50TH HOUSE","HOGAN FARMS","CHAPEL HILL",UNAFFILIATED,UNDESIGNATED,ACTIVE
PATER,107,"BAY VIEW","PATER, BARBARA BAKER","107 BAY VIEW DR","CHAPEL HILL",NC,27516,107,"","BAY VIEW","",DR,"","","CHAPEL HILL",NC,27516,51,FEMALE,CARRBORO,"50TH HOUSE","HOGAN FARMS","CHAPEL HILL",DEMOCRATIC,WHITE,ACTIVE
PATER,107,"BAY VIEW","PATER, DANIEL CHESTER","107 BAY VIEW DR","CHAPEL HILL",NC,27516,107,"","BAY VIEW","",DR,"","","CHAPEL HILL",NC,27516,52,MALE,CARRBORO,"50TH HOUSE","HOGAN FARMS","CHAPEL HILL",UNAFFILIATED,WHITE,ACTIVE
PATNAIK,110,SUDBURY,"PATNAIK, GEETI","110 SUDBURY LN","CHAPEL HILL",NC,27516,110,"",SUDBURY,"",LN,"","","CHAPEL HILL",NC,27516,54,FEMALE,CARRBORO,"56TH HOUSE","NORTH CARRBORO","CHAPEL HILL",DEMOCRATIC,ASIAN,ACTIVE
PATTERSON,125,COBBLESTONE,"PATTERSON, JAMES HERBERT","125 COBBLESTONE DR","CHAPEL HILL",NC,27516,125,"",COBBLESTONE,"",DR,"","","CHAPEL HILL",NC,27516,53,MALE,CARRBORO,"56TH HOUSE","NORTH CARRBORO","CHAPEL HILL",REPUBLICAN,WHITE,ACTIVE
PATTERSON,125,COBBLESTONE,"PATTERSON, VIRGINIA ELIZABETH","125 COBBLESTONE DR","CHAPEL HILL",NC,27516,125,"",COBBLESTONE,"",DR,"","","CHAPEL HILL",NC,27516,51,FEMALE,CARRBORO,"56TH HOUSE","NORTH CARRBORO","CHAPEL HILL",REPUBLICAN,WHITE,ACTIVE
PATTISHALL,8403,"STERLING BRIDGE","PATTISHALL, EDWARD NOLAN","8403 STERLING BRIDGE RD","CHAPEL HILL",NC,27516,8403,"","STERLING BRIDGE","",RD,"","","CHAPEL HILL",NC,27516,52,MALE,CARRBORO,"50TH HOUSE","HOGAN FARMS","CHAPEL HILL",DEMOCRATIC,WHITE,ACTIVE
PATTISHALL,8403,"STERLING BRIDGE","PATTISHALL, NANCY ANN","8403 STERLING BRIDGE RD","CHAPEL HILL",NC,27516,8403,"","STERLING BRIDGE","",RD,"","","CHAPEL HILL",NC,27516,53,FEMALE,CARRBORO,"50TH HOUSE","HOGAN FARMS","CHAPEL HILL",DEMOCRATIC,WHITE,ACTIVE
PEARMAN,107,"HOGAN RIDGE","PEARMAN, DANIEL LARRIME JR","107 HOGAN RIDGE CT","CHAPEL HILL",NC,27516,107,"","HOGAN RIDGE","",CT,"","","CHAPEL HILL",NC,27516,42,MALE,CARRBORO,"50TH HOUSE","HOGAN FARMS","CHAPEL HILL",REPUBLICAN,WHITE,ACTIVE
PEARMAN,107,"HOGAN RIDGE","PEARMAN, KRISTY LYNN SEWELL","107 HOGAN RIDGE CT","CHAPEL HILL",NC,27516,107,"","HOGAN RIDGE","",CT,"","","CHAPEL HILL",NC,27516,36,FEMALE,CARRBORO,"50TH HOUSE","HOGAN FARMS","CHAPEL HILL",REPUBLICAN,WHITE,ACTIVE
PECORA,2006,HAWICK,"PECORA, ELVIRA DEBORAH","2006 S HAWICK CT","CHAPEL HILL",NC,27516,2006,S,HAWICK,"",CT,"","","CHAPEL HILL",NC,27516,53,FEMALE,CARRBORO,"50TH HOUSE","HOGAN FARMS","CHAPEL HILL",UNAFFILIATED,WHITE,ACTIVE
PECORA,2006,HAWICK,"PECORA, LOUIS PETER JR","2006 S HAWICK CT","CHAPEL HILL",NC,27516,2006,S,HAWICK,"",CT,"","","CHAPEL HILL",NC,27516,55,MALE,CARRBORO,"50TH HOUSE","HOGAN FARMS","CHAPEL HILL",UNAFFILIATED,WHITE,ACTIVE
PEDERSEN,8318,"LOCH LAVEN","PEDERSEN, ELIZABETH ROSE","8318 LOCH LAVEN LN","CHAPEL HILL",NC,27516,8318,"","LOCH LAVEN","",LN,"","","CHAPEL HILL",NC,27516,50,FEMALE,CARRBORO,"50TH HOUSE","HOGAN FARMS","CHAPEL HILL",DEMOCRATIC,WHITE,ACTIVE
PENCE,212,STRATFORD,"PENCE, DEBORAH ANN","212 STRATFORD DR","CHAPEL HILL",NC,27516,212,"",STRATFORD,"",DR,"","","CHAPEL HILL",NC,27516,50,FEMALE,CARRBORO,"56TH HOUSE","NORTH CARRBORO","CHAPEL HILL",DEMOCRATIC,WHITE,ACTIVE
PENCE,212,STRATFORD,"PENCE, WARREN H JR","212 STRATFORD DR","CHAPEL HILL",NC,27516,212,"",STRATFORD,"",DR,"","","CHAPEL HILL",NC,27516,47,MALE,CARRBORO,"56TH HOUSE","NORTH CARRBORO","CHAPEL HILL",UNAFFILIATED,WHITE,ACTIVE
PENDLETON,2000,STAFFIELD,"PENDLETON, BOBBI DANIEL","2000 STAFFIELD LN","CHAPEL HILL",NC,27516,2000,"",STAFFIELD,"",LN,"","","CHAPEL HILL",NC,27516,47,FEMALE,CARRBORO,"50TH HOUSE","HOGAN FARMS","CHAPEL HILL",REPUBLICAN,WHITE,ACTIVE
PENDLETON,2000,STAFFIELD,"PENDLETON, RONALD ALLEN","2000 STAFFIELD LN","CHAPEL HILL",NC,27516,2000,"",STAFFIELD,"",LN,"","","CHAPEL HILL",NC,27516,51,MALE,CARRBORO,"50TH HOUSE","HOGAN FARMS","CHAPEL HILL",DEMOCRATIC,WHITE,ACTIVE
PENDYAL,107,SUDBURY,"PENDYAL, DILIP","107 SUDBURY LN","CHAPEL HILL",NC,27516,107,"",SUDBURY,"",LN,"","","CHAPEL HILL",NC,27516,55,MALE,CARRBORO,"56TH HOUSE","NORTH CARRBORO","CHAPEL HILL",DEMOCRATIC,OTHER,ACTIVE
PENDYAL,107,SUDBURY,"PENDYAL, SUREKHA","107 SUDBURY LN","CHAPEL HILL",NC,27516,107,"",SUDBURY,"",LN,"","","CHAPEL HILL",NC,27516,49,FEMALE,CARRBORO,"56TH HOUSE","NORTH CARRBORO","CHAPEL HILL",UNAFFILIATED,OTHER,ACTIVE
PEPPERCORN,103,"TURTLEBACK CROSSING","PEPPERCORN, AMANDA F","103 TURTLEBACK CROSSING DR","CHAPEL HILL",NC,27516,103,"","TURTLEBACK CROSSING","",DR,"","","CHAPEL HILL",NC,27516,35,FEMALE,CARRBORO,"50TH HOUSE","HOGAN FARMS","CHAPEL HILL",DEMOCRATIC,WHITE,ACTIVE
PEPPERCORN,103,"TURTLEBACK CROSSING","PEPPERCORN, JEFFREY M","103 TURTLEBACK CROSSING DR","CHAPEL HILL",NC,27516,103,"","TURTLEBACK CROSSING","",DR,"","","CHAPEL HILL",NC,27516,37,MALE,CARRBORO,"50TH HOUSE","HOGAN FARMS","CHAPEL HILL",DEMOCRATIC,WHITE,ACTIVE
PETERSON,202,"COMMONS WAY","PETERSON, ELIZABETH WHITE","202 COMMONS WAY DR","CHAPEL HILL",NC,27516,202,"","COMMONS WAY","",DR,"","","CHAPEL HILL",NC,27516,45,FEMALE,CARRBORO,"50TH HOUSE","HOGAN FARMS","CHAPEL HILL",DEMOCRATIC,WHITE,ACTIVE
PETERSON,202,"COMMONS WAY","PETERSON, JOHN PAUL JR","202 COMMONS WAY DR","CHAPEL HILL",NC,27516,202,"","COMMONS WAY","",DR,"","","CHAPEL HILL",NC,27516,46,MALE,CARRBORO,"50TH HOUSE","HOGAN FARMS","CHAPEL HILL",DEMOCRATIC,WHITE,ACTIVE
PHARR,211,STRATFORD,"PHARR, JOAN CAMPBELL","211 STRATFORD DR","CHAPEL HILL",NC,27516,211,"",STRATFORD,"",DR,"","","CHAPEL HILL",NC,27516,52,FEMALE,CARRBORO,"56TH HOUSE","NORTH CARRBORO","CHAPEL HILL",DEMOCRATIC,WHITE,ACTIVE
PICKLES,111,"GARDEN GATE","PICKLES, JOHN","111 GARDEN GATE DR","CHAPEL HILL",NC,27516,111,"","GARDEN GATE","",DR,"","","CHAPEL HILL",NC,27516,54,MALE,CARRBORO,"56TH HOUSE","NORTH CARRBORO","CHAPEL HILL",DEMOCRATIC,WHITE,ACTIVE
PICKLES,111,"GARDEN GATE","PICKLES, LYNN","111 GARDEN GATE DR","CHAPEL HILL",NC,27516,111,"","GARDEN GATE","",DR,"","","CHAPEL HILL",NC,27516,53,FEMALE,CARRBORO,"56TH HOUSE","NORTH CARRBORO","CHAPEL HILL",DEMOCRATIC,WHITE,ACTIVE
PILLSBURY,509,ROCKGARDEN,"PILLSBURY, CAROL HIGGINS","509 ROCKGARDEN DR","CHAPEL HILL",NC,27516,509,"",ROCKGARDEN,"",DR,"","","CHAPEL HILL",NC,27516,43,FEMALE,CARRBORO,"56TH HOUSE","NORTH CARRBORO","CHAPEL HILL",REPUBLICAN,WHITE,ACTIVE
PINGLE,308,ROSSBURN,"PINGLE, JENNIFER","308 ROSSBURN WAY","CHAPEL HILL",NC,27516,308,"",ROSSBURN,"",WAY,"","","CHAPEL HILL",NC,27516,45,FEMALE,CARRBORO,"54TH HOUSE",DAMASCUS,"CHAPEL HILL",DEMOCRATIC,WHITE,ACTIVE
PINGLE,308,ROSSBURN,"PINGLE, JONATHAN FREDERICK","308 ROSSBURN WAY","CHAPEL HILL",NC,27516,308,"",ROSSBURN,"",WAY,"","","CHAPEL HILL",NC,27516,37,MALE,CARRBORO,"54TH HOUSE",DAMASCUS,"CHAPEL HILL",REPUBLICAN,WHITE,ACTIVE
PINHEIRO,402,ROCKGARDEN,"PINHEIRO, FRANK DENNIS","402 ROCKGARDEN DR","CHAPEL HILL",NC,27516,402,"",ROCKGARDEN,"",DR,"","","CHAPEL HILL",NC,27516,47,MALE,CARRBORO,"56TH HOUSE","NORTH CARRBORO","CHAPEL HILL",UNAFFILIATED,UNDESIGNATED,ACTIVE
PINHEIRO,402,ROCKGARDEN,"PINHEIRO, TERI MARIE","402 ROCKGARDEN DR","CHAPEL HILL",NC,27516,402,"",ROCKGARDEN,"",DR,"","","CHAPEL HILL",NC,27516,48,FEMALE,CARRBORO,"56TH HOUSE","NORTH CARRBORO","CHAPEL HILL",REPUBLICAN,WHITE,ACTIVE
PISKO,203,"HOGAN WOODS","PISKO, JOHN","203 HOGAN WOODS CIR","CHAPEL HILL",NC,27516,203,"","HOGAN WOODS","",CIR,"","","CHAPEL HILL",NC,27516,55,MALE,CARRBORO,"50TH HOUSE","HOGAN FARMS","CHAPEL HILL",UNAFFILIATED,WHITE,ACTIVE
PISKO,203,"HOGAN WOODS","PISKO, RANDI LYNN","203 HOGAN WOODS CIR","CHAPEL HILL",NC,27516,203,"","HOGAN WOODS","",CIR,"","","CHAPEL HILL",NC,27516,51,FEMALE,CARRBORO,"50TH HOUSE","HOGAN FARMS","CHAPEL HILL",REPUBLICAN,WHITE,ACTIVE
PITTMAN,105,"SUNSET CREEK","PITTMAN, DEAN ASHLEY","105 SUNSET CREEK CIR","CHAPEL HILL",NC,27516,105,"","SUNSET CREEK","",CIR,"","","CHAPEL HILL",NC,27516,43,MALE,CARRBORO,"56TH HOUSE","NORTH CARRBORO","CHAPEL HILL",DEMOCRATIC,WHITE,ACTIVE
PITTMAN,105,"SUNSET CREEK","PITTMAN, RACHEL J","105 SUNSET CREEK CIR","CHAPEL HILL",NC,27516,105,"","SUNSET CREEK","",CIR,"","","CHAPEL HILL",NC,27516,43,FEMALE,CARRBORO,"56TH HOUSE","NORTH CARRBORO","CHAPEL HILL",DEMOCRATIC,WHITE,ACTIVE
PIVEN,103,PALOMAR,"PIVEN, JOSEPH","103 PALOMAR PT","CHAPEL HILL",NC,27516,103,"",PALOMAR,"",PT,"","","CHAPEL HILL",NC,27516,52,MALE,CARRBORO,"54TH HOUSE",DAMASCUS,"CHAPEL HILL",DEMOCRATIC,WHITE,ACTIVE
PIVEN,103,PALOMAR,"PIVEN, MARY LYNN","103 PALOMAR PT","CHAPEL HILL",NC,27516,103,"",PALOMAR,"",PT,"","","CHAPEL HILL",NC,27516,50,FEMALE,CARRBORO,"54TH HOUSE",DAMASCUS,"CHAPEL HILL",DEMOCRATIC,WHITE,ACTIVE
PLONK,103,FAIRFIELD,"PLONK, MARY TILLERY","103 FAIRFIELD CT","CHAPEL HILL",NC,27516,103,"",FAIRFIELD,"",CT,"","","CHAPEL HILL",NC,27516,43,FEMALE,CARRBORO,"56TH HOUSE","NORTH CARRBORO","CHAPEL HILL",UNAFFILIATED,WHITE,ACTIVE
PLONK,103,FAIRFIELD,"PLONK, STEVEN GLENN","103 FAIRFIELD CT","CHAPEL HILL",NC,27516,103,"",FAIRFIELD,"",CT,"","","CHAPEL HILL",NC,27516,41,MALE,CARRBORO,"56TH HOUSE","NORTH CARRBORO","CHAPEL HILL",DEMOCRATIC,WHITE,ACTIVE
PLUNKETT,1005,CAMDEN,"PLUNKETT, WALTER CARROLL","1005 CAMDEN LN","CHAPEL HILL",NC,27516,1005,"",CAMDEN,"",LN,"","","CHAPEL HILL",NC,27516,54,MALE,CARRBORO,"50TH HOUSE","HOGAN FARMS","CHAPEL HILL",REPUBLICAN,WHITE,ACTIVE
POLLOCK,1903,PATHWAY,"POLLOCK, KELLY JEFFRIES","1903 PATHWAY DR","CHAPEL HILL",NC,27516,1903,"",PATHWAY,"",DR,"","","CHAPEL HILL",NC,27516,35,FEMALE,CARRBORO,"56TH HOUSE","NORTH CARRBORO","CHAPEL HILL",DEMOCRATIC,WHITE,ACTIVE
POLLOCK,1903,PATHWAY,"POLLOCK, MICHAEL SEAN","1903 PATHWAY DR","CHAPEL HILL",NC,27516,1903,"",PATHWAY,"",DR,"","","CHAPEL HILL",NC,27516,35,MALE,CARRBORO,"56TH HOUSE","NORTH CARRBORO","CHAPEL HILL",DEMOCRATIC,WHITE,ACTIVE
POONNEN,103,RANDOLPH,"POONNEN, JOHN JACOB","103 RANDOLPH CT","CHAPEL HILL",NC,27516,103,"",RANDOLPH,"",CT,"","","CHAPEL HILL",NC,27516,53,MALE,CARRBORO,"50TH HOUSE","HOGAN FARMS","CHAPEL HILL",UNAFFILIATED,ASIAN,ACTIVE
POONNEN,103,RANDOLPH,"POONNEN, VINITA MARIAM","103 RANDOLPH CT   #14","CHAPEL HILL",NC,27516,103,"",RANDOLPH,"",CT,"",14,"CHAPEL HILL",NC,27516,47,FEMALE,CARRBORO,"50TH HOUSE","HOGAN FARMS","CHAPEL HILL",DEMOCRATIC,OTHER,ACTIVE
POPE,201,HANFORD,"POPE, SUE DAVIS","201 HANFORD RD","CHAPEL HILL",NC,27516,201,"",HANFORD,"",RD,"","","CHAPEL HILL",NC,27516,54,FEMALE,CARRBORO,"56TH HOUSE","NORTH CARRBORO","CHAPEL HILL",UNAFFILIATED,WHITE,ACTIVE
PORTERFIELD,305,"HOGAN WOODS","PORTERFIELD, KRISTOPHER MICHAEL","305 HOGAN WOODS CIR","CHAPEL HILL",NC,27516,305,"","HOGAN WOODS","",CIR,"","","CHAPEL HILL",NC,27516,35,MALE,CARRBORO,"50TH HOUSE","HOGAN FARMS","CHAPEL HILL",UNAFFILIATED,WHITE,ACTIVE
POSS,2004,CAMDEN,"POSS, ALEXIS FELDMAN","2004 CAMDEN LN","CHAPEL HILL",NC,27516,2004,"",CAMDEN,"",LN,"","","CHAPEL HILL",NC,27516,35,FEMALE,CARRBORO,"50TH HOUSE","HOGAN FARMS","CHAPEL HILL",DEMOCRATIC,WHITE,ACTIVE
POSS,2004,CAMDEN,"POSS, KENNETH DANIEL","2004 CAMDEN LN","CHAPEL HILL",NC,27516,2004,"",CAMDEN,"",LN,"","","CHAPEL HILL",NC,27516,36,MALE,CARRBORO,"50TH HOUSE","HOGAN FARMS","CHAPEL HILL",DEMOCRATIC,WHITE,ACTIVE
POTTER,2002,PATHWAY,"POTTER, CLARENCE WILLIAM","2002 PATHWAY DR","CHAPEL HILL",NC,27516,2002,"",PATHWAY,"",DR,"","","CHAPEL HILL",NC,27516,51,MALE,CARRBORO,"56TH HOUSE","NORTH CARRBORO","CHAPEL HILL",REPUBLICAN,WHITE,ACTIVE
POTTER,2002,PATHWAY,"POTTER, VALERIE SMITH","2002 PATHWAY DR","CHAPEL HILL",NC,27516,2002,"",PATHWAY,"",DR,"","","CHAPEL HILL",NC,27516,43,FEMALE,CARRBORO,"56TH HOUSE","NORTH CARRBORO","CHAPEL HILL",REPUBLICAN,WHITE,ACTIVE
POWELL,2407,PATHWAY,"POWELL, CAMERON WHIDBEE","2407 PATHWAY DR","CHAPEL HILL",NC,27516,2407,"",PATHWAY,"",DR,"","","CHAPEL HILL",NC,27516,45,MALE,CARRBORO,"56TH HOUSE","NORTH CARRBORO","CHAPEL HILL",DEMOCRATIC,WHITE,ACTIVE
POWELL,1011,CAMDEN,"POWELL, DAVID J JR","1011 CAMDEN LN","CHAPEL HILL",NC,27516,1011,"",CAMDEN,"",LN,"","","CHAPEL HILL",NC,27516,54,MALE,CARRBORO,"50TH HOUSE","HOGAN FARMS","CHAPEL HILL",UNAFFILIATED,WHITE,ACTIVE
POWELL,2407,PATHWAY,"POWELL, LAWSON BARBER","2407 PATHWAY DR","CHAPEL HILL",NC,27516,2407,"",PATHWAY,"",DR,"","","CHAPEL HILL",NC,27516,43,FEMALE,CARRBORO,"56TH HOUSE","NORTH CARRBORO","CHAPEL HILL",DEMOCRATIC,WHITE,ACTIVE
POWELL,1011,CAMDEN,"POWELL, MARGO M","1011 CAMDEN LN","CHAPEL HILL",NC,27516,1011,"",CAMDEN,"",LN,"","","CHAPEL HILL",NC,27516,50,FEMALE,CARRBORO,"50TH HOUSE","HOGAN FARMS","CHAPEL HILL",UNAFFILIATED,WHITE,ACTIVE
PRESLER-MARSHALL,6004,"MEADOW RUN","PRESLER-MARSHALL, ELIZABETH A","6004 MEADOW RUN CT","CHAPEL HILL",NC,27516,6004,"","MEADOW RUN","",CT,"","","CHAPEL HILL",NC,27516,38,FEMALE,CARRBORO,"50TH HOUSE","HOGAN FARMS","CHAPEL HILL",DEMOCRATIC,WHITE,ACTIVE
PRESLER-MARSHALL,6004,"MEADOW RUN","PRESLER-MARSHALL, MARTIN J C","6004 MEADOW RUN CT","CHAPEL HILL",NC,27516,6004,"","MEADOW RUN","",CT,"","","CHAPEL HILL",NC,27516,40,MALE,CARRBORO,"50TH HOUSE","HOGAN FARMS","CHAPEL HILL",DEMOCRATIC,WHITE,ACTIVE
PRICE,105,ELLSWORTH,"PRICE, CAROL D","105 ELLSWORTH PL","CHAPEL HILL",NC,27516,105,"",ELLSWORTH,"",PL,"","","CHAPEL HILL",NC,27516,54,FEMALE,CARRBORO,"56TH HOUSE","NORTH CARRBORO","CHAPEL HILL",DEMOCRATIC,WHITE,ACTIVE
PRICE,200,"COMMONS WAY","PRICE, SUSAN CAREY","200 COMMONS WAY DR","CHAPEL HILL",NC,27516,200,"","COMMONS WAY","",DR,"","","CHAPEL HILL",NC,27516,55,FEMALE,CARRBORO,"50TH HOUSE","HOGAN FARMS","CHAPEL HILL",DEMOCRATIC,WHITE,ACTIVE
PRICE,105,ELLSWORTH,"PRICE, THOMAS G","105 ELLSWORTH PL","CHAPEL HILL",NC,27516,105,"",ELLSWORTH,"",PL,"","","CHAPEL HILL",NC,27516,55,MALE,CARRBORO,"56TH HOUSE","NORTH CARRBORO","CHAPEL HILL",UNAFFILIATED,WHITE,ACTIVE
PUDIK,1006,STAFFIELD,"PUDIK, LINDA MARIE","1006 STAFFIELD LN","CHAPEL HILL",NC,27516,1006,"",STAFFIELD,"",LN,"","","CHAPEL HILL",NC,27516,45,FEMALE,CARRBORO,"50TH HOUSE","HOGAN FARMS","CHAPEL HILL",DEMOCRATIC,WHITE,ACTIVE
PUDIK,1006,STAFFIELD,"PUDIK, MICHAEL THOMAS","1006 STAFFIELD LN","CHAPEL HILL",NC,27516,1006,"",STAFFIELD,"",LN,"","","CHAPEL HILL",NC,27516,48,MALE,CARRBORO,"50TH HOUSE","HOGAN FARMS","CHAPEL HILL",UNAFFILIATED,WHITE,ACTIVE
PULVER,109,HANFORD,"PULVER, STEPHEN H","109 HANFORD RD","CHAPEL HILL",NC,27516,109,"",HANFORD,"",RD,"","","CHAPEL HILL",NC,27516,53,MALE,CARRBORO,"56TH HOUSE","NORTH CARRBORO","CHAPEL HILL",DEMOCRATIC,WHITE,ACTIVE
RAGAN,808,"OLD FAYETTEVILLE","RAGAN, CHARLES EDWARD","808 OLD FAYETTEVILLE RD","CHAPEL HILL",NC,27516,808,"","OLD FAYETTEVILLE","",RD,"","","CHAPEL HILL",NC,27516,43,MALE,CARRBORO,"56TH HOUSE",CARRBORO,"CHAPEL HILL",REPUBLICAN,WHITE,ACTIVE
RAMPEL,1600,SKYE,"RAMPEL, MARK ANDREW","1600 SKYE DR","CHAPEL HILL",NC,27516,1600,"",SKYE,"",DR,"","","CHAPEL HILL",NC,27516,51,MALE,CARRBORO,"50TH HOUSE","HOGAN FARMS","CHAPEL HILL",UNAFFILIATED,WHITE,ACTIVE
RAMPEL,1600,SKYE,"RAMPEL, RUTH BARD","1600 SKYE DR","CHAPEL HILL",NC,27516,1600,"",SKYE,"",DR,"","","CHAPEL HILL",NC,27516,43,FEMALE,CARRBORO,"50TH HOUSE","HOGAN FARMS","CHAPEL HILL",DEMOCRATIC,WHITE,ACTIVE
RANDALL,8412,INVERNESS,"RANDALL, GARY EDWARD","8412 INVERNESS WAY","CHAPEL HILL",NC,27516,8412,"",INVERNESS,"",WAY,"","","CHAPEL HILL",NC,27516,50,MALE,CARRBORO,"50TH HOUSE","HOGAN FARMS","CHAPEL HILL",REPUBLICAN,WHITE,ACTIVE
RANDALL,8412,INVERNESS,"RANDALL, TERRY WITHERS","8412 INVERNESS WAY","CHAPEL HILL",NC,27516,8412,"",INVERNESS,"",WAY,"","","CHAPEL HILL",NC,27516,47,FEMALE,CARRBORO,"50TH HOUSE","HOGAN FARMS","CHAPEL HILL",REPUBLICAN,WHITE,ACTIVE
RAY,1602,SKYE,"RAY, ANNE STANSBURY","1602 SKYE DR","CHAPEL HILL",NC,27516,1602,"",SKYE,"",DR,"","","CHAPEL HILL",NC,27516,41,FEMALE,CARRBORO,"50TH HOUSE","HOGAN FARMS","CHAPEL HILL",DEMOCRATIC,WHITE,ACTIVE
RAY,1602,SKYE,"RAY, SCOTT DAVID","1602 SKYE DR","CHAPEL HILL",NC,27516,1602,"",SKYE,"",DR,"","","CHAPEL HILL",NC,27516,41,MALE,CARRBORO,"50TH HOUSE","HOGAN FARMS","CHAPEL HILL",UNAFFILIATED,WHITE,ACTIVE
RAY,8015,ROGERS,"RAY, STACY TUCKER","8015 ROGERS RD","CHAPEL HILL",NC,27516,8015,"",ROGERS,"",RD,"","","CHAPEL HILL",NC,27516,39,FEMALE,CARRBORO,"50TH HOUSE","HOGAN FARMS","CHAPEL HILL",DEMOCRATIC,"BLACK or AFRICAN AMERICAN",ACTIVE
REDDY,102,RICHLAND,"REDDY, PREMA LATHA","102 RICHLAND CT","CHAPEL HILL",NC,27516,102,"",RICHLAND,"",CT,"","","CHAPEL HILL",NC,27516,51,FEMALE,CARRBORO,"56TH HOUSE","NORTH CARRBORO","CHAPEL HILL",DEMOCRATIC,OTHER,ACTIVE
REDFOOT,111,"BAY VIEW","REDFOOT, KENNETH EUGENE","111 BAY VIEW DR","CHAPEL HILL",NC,27516,111,"","BAY VIEW","",DR,"","","CHAPEL HILL",NC,27516,51,MALE,CARRBORO,"50TH HOUSE","HOGAN FARMS","CHAPEL HILL",DEMOCRATIC,WHITE,ACTIVE
REDFOOT,111,"BAY VIEW","REDFOOT, MARY SULLIVAN","111 BAY VIEW DR","CHAPEL HILL",NC,27516,111,"","BAY VIEW","",DR,"","","CHAPEL HILL",NC,27516,52,FEMALE,CARRBORO,"50TH HOUSE","HOGAN FARMS","CHAPEL HILL",UNAFFILIATED,WHITE,ACTIVE
REDINBO,312,"SUNSET CREEK","REDINBO, ELIZABETH PRATT","312 SUNSET CREEK CIR","CHAPEL HILL",NC,27516,312,"","SUNSET CREEK","",CIR,"","","CHAPEL HILL",NC,27516,42,FEMALE,CARRBORO,"56TH HOUSE","NORTH CARRBORO","CHAPEL HILL",DEMOCRATIC,WHITE,ACTIVE
REDINBO,312,"SUNSET CREEK","REDINBO, MATTHEW ROBERT","312 SUNSET CREEK CIR","CHAPEL HILL",NC,27516,312,"","SUNSET CREEK","",CIR,"","","CHAPEL HILL",NC,27516,40,MALE,CARRBORO,"56TH HOUSE","NORTH CARRBORO","CHAPEL HILL",DEMOCRATIC,WHITE,ACTIVE
REEVES,2405,PATHWAY,"REEVES, KRAMER WILLIAM","2405 PATHWAY DR","CHAPEL HILL",NC,27516,2405,"",PATHWAY,"",DR,"","","CHAPEL HILL",NC,27516,40,MALE,CARRBORO,"56TH HOUSE","NORTH CARRBORO","CHAPEL HILL",DEMOCRATIC,WHITE,ACTIVE
REITER,303,ROCKGARDEN,"REITER, KENNETH MATHEW","303 ROCKGARDEN DR","CHAPEL HILL",NC,27516,303,"",ROCKGARDEN,"",DR,"","","CHAPEL HILL",NC,27516,37,MALE,CARRBORO,"56TH HOUSE","NORTH CARRBORO","CHAPEL HILL",DEMOCRATIC,WHITE,ACTIVE
REITER,303,ROCKGARDEN,"REITER, KRISTIN LEANNE","303 ROCKGARDEN DR","CHAPEL HILL",NC,27516,303,"",ROCKGARDEN,"",DR,"","","CHAPEL HILL",NC,27516,36,FEMALE,CARRBORO,"56TH HOUSE","NORTH CARRBORO","CHAPEL HILL",DEMOCRATIC,WHITE,ACTIVE
RESNIK,119,COBBLESTONE,"RESNIK, DAVID BENJAMIN","119 COBBLESTONE DR","CHAPEL HILL",NC,27516,119,"",COBBLESTONE,"",DR,"","","CHAPEL HILL",NC,27516,44,MALE,CARRBORO,"56TH HOUSE","NORTH CARRBORO","CHAPEL HILL",UNAFFILIATED,WHITE,ACTIVE
RESNIK,119,COBBLESTONE,"RESNIK, SUSAN PRESTON","119 COBBLESTONE DR","CHAPEL HILL",NC,27516,119,"",COBBLESTONE,"",DR,"","","CHAPEL HILL",NC,27516,46,FEMALE,CARRBORO,"56TH HOUSE","NORTH CARRBORO","CHAPEL HILL",UNAFFILIATED,WHITE,ACTIVE
REUER,135,"NORTH FIELDS","REUER, JEFFREY JON","135 NORTH FIELDS CIR","CHAPEL HILL",NC,27516,135,"","NORTH FIELDS","",CIR,"","","CHAPEL HILL",NC,27516,38,MALE,CARRBORO,"50TH HOUSE","HOGAN FARMS","CHAPEL HILL",REPUBLICAN,WHITE,ACTIVE
REUER,135,"NORTH FIELDS","REUER, LARISSA NIKOLAYEVNA","135 NORTH FIELDS CIR","CHAPEL HILL",NC,27516,135,"","NORTH FIELDS","",CIR,"","","CHAPEL HILL",NC,27516,37,FEMALE,CARRBORO,"50TH HOUSE","HOGAN FARMS","CHAPEL HILL",REPUBLICAN,WHITE,ACTIVE
REYNOLDS,111,ELLSWORTH,"REYNOLDS, GINA EASTRIDGE","111 ELLSWORTH PL","CHAPEL HILL",NC,27516,111,"",ELLSWORTH,"",PL,"","","CHAPEL HILL",NC,27516,44,FEMALE,CARRBORO,"56TH HOUSE","NORTH CARRBORO","CHAPEL HILL",DEMOCRATIC,WHITE,ACTIVE
REYNOLDS,111,ELLSWORTH,"REYNOLDS, STEPHEN PORTER","111 ELLSWORTH PL","CHAPEL HILL",NC,27516,111,"",ELLSWORTH,"",PL,"","","CHAPEL HILL",NC,27516,42,MALE,CARRBORO,"56TH HOUSE","NORTH CARRBORO","CHAPEL HILL",DEMOCRATIC,WHITE,ACTIVE
RHOADS,1003,CAMDEN,"RHOADS, DELIA E","1003 CAMDEN LN","CHAPEL HILL",NC,27516,1003,"",CAMDEN,"",LN,"","","CHAPEL HILL",NC,27516,50,FEMALE,CARRBORO,"50TH HOUSE","HOGAN FARMS","CHAPEL HILL",UNAFFILIATED,OTHER,INACTIVE
RHOADS,1003,CAMDEN,"RHOADS, JON MARC","1003 CAMDEN LN","CHAPEL HILL",NC,27516,1003,"",CAMDEN,"",LN,"","","CHAPEL HILL",NC,27516,53,MALE,CARRBORO,"50TH HOUSE","HOGAN FARMS","CHAPEL HILL",UNAFFILIATED,WHITE,INACTIVE
RICE,101,MICHAELS,"RICE, HERBERT D","101 MICHAELS WAY","CHAPEL HILL",NC,27516,101,"",MICHAELS,"",WAY,"","","CHAPEL HILL",NC,27516,46,MALE,CARRBORO,"56TH HOUSE","NORTH CARRBORO","CHAPEL HILL",UNAFFILIATED,WHITE,ACTIVE
RICE,101,MICHAELS,"RICE, LAURA ZACCHIGNA","101 MICHAELS WAY","CHAPEL HILL",NC,27516,101,"",MICHAELS,"",WAY,"","","CHAPEL HILL",NC,27516,46,FEMALE,CARRBORO,"56TH HOUSE","NORTH CARRBORO","CHAPEL HILL",UNAFFILIATED,WHITE,ACTIVE
RICH,8319,BURNS,"RICH, MELISSA","8319 BURNS PL","CHAPEL HILL",NC,27516,8319,"",BURNS,"",PL,"","","CHAPEL HILL",NC,27516,42,FEMALE,CARRBORO,"50TH HOUSE","HOGAN FARMS","CHAPEL HILL",REPUBLICAN,WHITE,ACTIVE
RICH,8319,BURNS,"RICH, PRESTON BERKELEY","8319 BURNS PL","CHAPEL HILL",NC,27516,8319,"",BURNS,"",PL,"","","CHAPEL HILL",NC,27516,39,MALE,CARRBORO,"50TH HOUSE","HOGAN FARMS","CHAPEL HILL",REPUBLICAN,WHITE,ACTIVE
RICHARDSON,102,PALOMAR,"RICHARDSON, DENISE S","102 PALOMAR PT","CHAPEL HILL",NC,27516,102,"",PALOMAR,"",PT,"","","CHAPEL HILL",NC,27516,41,FEMALE,CARRBORO,"54TH HOUSE",DAMASCUS,"CHAPEL HILL",DEMOCRATIC,WHITE,ACTIVE
RIDGE,108,STRATFORD,"RIDGE, MICHELLE A","108 STRATFORD DR","CHAPEL HILL",NC,27516,108,"",STRATFORD,"",DR,"","","CHAPEL HILL",NC,27516,53,FEMALE,CARRBORO,"56TH HOUSE","NORTH CARRBORO","CHAPEL HILL",DEMOCRATIC,WHITE,ACTIVE
RIDGE,108,STRATFORD,"RIDGE, RONALD J","108 STRATFORD DR","CHAPEL HILL",NC,27516,108,"",STRATFORD,"",DR,"","","CHAPEL HILL",NC,27516,54,MALE,CARRBORO,"56TH HOUSE","NORTH CARRBORO","CHAPEL HILL",UNAFFILIATED,WHITE,ACTIVE
RIGGSBEE,1228,HILLSBOROUGH,"RIGGSBEE, JAN JONES","1228 HILLSBOROUGH RD","CHAPEL HILL",NC,27516,1228,"",HILLSBOROUGH,"",RD,"","","CHAPEL HILL",NC,27516,54,FEMALE,CARRBORO,"56TH HOUSE","NORTH CARRBORO","CHAPEL HILL",REPUBLICAN,WHITE,ACTIVE
RINEHART,1611,SKYE,"RINEHART, ALEX ROBERT","1611 SKYE DR","CHAPEL HILL",NC,27516,1611,"",SKYE,"",DR,"","","CHAPEL HILL",NC,27516,44,MALE,CARRBORO,"50TH HOUSE","HOGAN FARMS","CHAPEL HILL",DEMOCRATIC,WHITE,ACTIVE
RINEHART,1611,SKYE,"RINEHART, LESLIE C","1611 SKYE DR","CHAPEL HILL",NC,27516,1611,"",SKYE,"",DR,"","","CHAPEL HILL",NC,27516,39,FEMALE,CARRBORO,"50TH HOUSE","HOGAN FARMS","CHAPEL HILL",DEMOCRATIC,WHITE,ACTIVE
RING,8223,HUNTSMAN,"RING, JOHN IRVIN","8223 HUNTSMAN CT","CHAPEL HILL",NC,27516,8223,"",HUNTSMAN,"",CT,"","","CHAPEL HILL",NC,27516,38,MALE,CARRBORO,"50TH HOUSE","HOGAN FARMS","CHAPEL HILL",REPUBLICAN,WHITE,ACTIVE
RING,8223,HUNTSMAN,"RING, KIMBERLY BOOMER","8223 HUNTSMAN CT","CHAPEL HILL",NC,27516,8223,"",HUNTSMAN,"",CT,"","","CHAPEL HILL",NC,27516,37,FEMALE,CARRBORO,"50TH HOUSE","HOGAN FARMS","CHAPEL HILL",UNAFFILIATED,WHITE,ACTIVE
RIO,101,"GARDEN GATE","RIO, CHRISTOPHER","101 GARDEN GATE DR","CHAPEL HILL",NC,27516,101,"","GARDEN GATE","",DR,"","","CHAPEL HILL",NC,27516,50,MALE,CARRBORO,"56TH HOUSE","NORTH CARRBORO","CHAPEL HILL",REPUBLICAN,WHITE,ACTIVE
RIO,101,"GARDEN GATE","RIO, HOLLY","101 GARDEN GATE DR","CHAPEL HILL",NC,27516,101,"","GARDEN GATE","",DR,"","","CHAPEL HILL",NC,27516,47,FEMALE,CARRBORO,"56TH HOUSE","NORTH CARRBORO","CHAPEL HILL",REPUBLICAN,WHITE,ACTIVE
RIVES,2001,PATHWAY,"RIVES, CAROL HARRINGTON","2001 PATHWAY DR","CHAPEL HILL",NC,27516,2001,"",PATHWAY,"",DR,"","","CHAPEL HILL",NC,27516,45,FEMALE,CARRBORO,"56TH HOUSE","NORTH CARRBORO","CHAPEL HILL",REPUBLICAN,WHITE,ACTIVE
RIVES,2001,PATHWAY,"RIVES, DONALD LEE","2001 PATHWAY DR","CHAPEL HILL",NC,27516,2001,"",PATHWAY,"",DR,"","","CHAPEL HILL",NC,27516,46,MALE,CARRBORO,"56TH HOUSE","NORTH CARRBORO","CHAPEL HILL",REPUBLICAN,WHITE,ACTIVE
RODGERS,127,"SHADOW RIDGE","RODGERS, DEBORAH J","127 SHADOW RIDGE PL","CHAPEL HILL",NC,27516,127,"","SHADOW RIDGE","",PL,"","","CHAPEL HILL",NC,27516,46,FEMALE,CARRBORO,"50TH HOUSE","HOGAN FARMS","CHAPEL HILL",DEMOCRATIC,WHITE,ACTIVE
RODGERS,127,"SHADOW RIDGE","RODGERS, ERIC FRANKLIN","127 SHADOW RIDGE PL","CHAPEL HILL",NC,27516,127,"","SHADOW RIDGE","",PL,"","","CHAPEL HILL",NC,27516,47,MALE,CARRBORO,"50TH HOUSE","HOGAN FARMS","CHAPEL HILL",DEMOCRATIC,WHITE,ACTIVE
ROGERS,101,ELLSWORTH,"ROGERS, MICHAEL D","101 ELLSWORTH PL   #49","CHAPEL HILL",NC,27516,101,"",ELLSWORTH,"",PL,"",49,"CHAPEL HILL",NC,27516,53,MALE,CARRBORO,"56TH HOUSE","NORTH CARRBORO","CHAPEL HILL",REPUBLICAN,WHITE,ACTIVE
ROGERS,101,ELLSWORTH,"ROGERS, RHONDA T","101 ELLSWORTH PL","CHAPEL HILL",NC,27516,101,"",ELLSWORTH,"",PL,"","","CHAPEL HILL",NC,27516,55,FEMALE,CARRBORO,"56TH HOUSE","NORTH CARRBORO","CHAPEL HILL",DEMOCRATIC,WHITE,ACTIVE
ROGERS,7907,ROGERS,"ROGERS, WARREN","7907 ROGERS RD","CHAPEL HILL",NC,27516,7907,"",ROGERS,"",RD,"","","CHAPEL HILL",NC,27516,38,MALE,CARRBORO,"50TH HOUSE","HOGAN FARMS","CHAPEL HILL",DEMOCRATIC,"BLACK or AFRICAN AMERICAN",ACTIVE
ROMAINE,218,"LAKE MANOR","ROMAINE, ROBERT CRAIG","218 LAKE MANOR RD","CHAPEL HILL",NC,27516,218,"","LAKE MANOR","",RD,"","","CHAPEL HILL",NC,27516,46,MALE,CARRBORO,"50TH HOUSE","HOGAN FARMS","CHAPEL HILL",UNAFFILIATED,WHITE,ACTIVE
ROMAINE,218,"LAKE MANOR","ROMAINE, SUSAN STEFFENSEN","218 LAKE MANOR RD","CHAPEL HILL",NC,27516,218,"","LAKE MANOR","",RD,"","","CHAPEL HILL",NC,27516,46,FEMALE,CARRBORO,"50TH HOUSE","HOGAN FARMS","CHAPEL HILL",DEMOCRATIC,WHITE,ACTIVE
ROSE,334,"SUNSET CREEK","ROSE, JILL SCOTT","334 SUNSET CREEK CIR","CHAPEL HILL",NC,27516,334,"","SUNSET CREEK","",CIR,"","","CHAPEL HILL",NC,27516,39,FEMALE,CARRBORO,"56TH HOUSE","NORTH CARRBORO","CHAPEL HILL",UNAFFILIATED,WHITE,ACTIVE
ROSE,334,"SUNSET CREEK","ROSE, JOSHUA MICHAEL","334 SUNSET CREEK CIR","CHAPEL HILL",NC,27516,334,"","SUNSET CREEK","",CIR,"","","CHAPEL HILL",NC,27516,42,MALE,CARRBORO,"56TH HOUSE","NORTH CARRBORO","CHAPEL HILL",DEMOCRATIC,WHITE,ACTIVE
ROSENBERG,2003,HAWICK,"ROSENBERG, REBECCA F","2003 S HAWICK CT","CHAPEL HILL",NC,27516,2003,S,HAWICK,"",CT,"","","CHAPEL HILL",NC,27516,50,FEMALE,CARRBORO,"50TH HOUSE","HOGAN FARMS","CHAPEL HILL",DEMOCRATIC,WHITE,ACTIVE
ROSENBERG,2003,HAWICK,"ROSENBERG, RICHARD C","2003 S HAWICK CT","CHAPEL HILL",NC,27516,2003,S,HAWICK,"",CT,"","","CHAPEL HILL",NC,27516,51,MALE,CARRBORO,"50TH HOUSE","HOGAN FARMS","CHAPEL HILL",DEMOCRATIC,WHITE,ACTIVE
ROSENFELD,106,HANFORD,"ROSENFELD, GEORGE DAVID","106 HANFORD RD","CHAPEL HILL",NC,27516,106,"",HANFORD,"",RD,"","","CHAPEL HILL",NC,27516,51,MALE,CARRBORO,"56TH HOUSE","NORTH CARRBORO","CHAPEL HILL",DEMOCRATIC,WHITE,ACTIVE
ROSLANOWICK,8316,BURNS,"ROSLANOWICK, CHET WALTER","8316 BURNS PL","CHAPEL HILL",NC,27516,8316,"",BURNS,"",PL,"","","CHAPEL HILL",NC,27516,55,MALE,CARRBORO,"50TH HOUSE","HOGAN FARMS","CHAPEL HILL",UNAFFILIATED,WHITE,ACTIVE
ROSLANOWICK,8316,BURNS,"ROSLANOWICK, MARSHA A","8316 BURNS PL","CHAPEL HILL",NC,27516,8316,"",BURNS,"",PL,"","","CHAPEL HILL",NC,27516,45,FEMALE,CARRBORO,"50TH HOUSE","HOGAN FARMS","CHAPEL HILL",UNAFFILIATED,WHITE,ACTIVE
ROTHWELL,101,WYNDHAM,"ROTHWELL, DIANE Z","101 WYNDHAM DR","CHAPEL HILL",NC,27516,101,"",WYNDHAM,"",DR,"","","CHAPEL HILL",NC,27516,47,FEMALE,CARRBORO,"56TH HOUSE","NORTH CARRBORO","CHAPEL HILL",DEMOCRATIC,WHITE,ACTIVE
ROTHWELL,101,WYNDHAM,"ROTHWELL, GEORGE STEPHEN","101 WYNDHAM DR","CHAPEL HILL",NC,27516,101,"",WYNDHAM,"",DR,"","","CHAPEL HILL",NC,27516,47,MALE,CARRBORO,"56TH HOUSE","NORTH CARRBORO","CHAPEL HILL",DEMOCRATIC,WHITE,ACTIVE
ROUSH,999,CAMDEN,"ROUSH, CHRISTOPHER STIRLING","999 CAMDEN LN","CHAPEL HILL",NC,27516,999,"",CAMDEN,"",LN,"","","CHAPEL HILL",NC,27516,42,MALE,CARRBORO,"50TH HOUSE","HOGAN FARMS","CHAPEL HILL",DEMOCRATIC,WHITE,ACTIVE
ROUSH,999,CAMDEN,"ROUSH, MELINDA JANE","999 CAMDEN LN","CHAPEL HILL",NC,27516,999,"",CAMDEN,"",LN,"","","CHAPEL HILL",NC,27516,42,FEMALE,CARRBORO,"50TH HOUSE","HOGAN FARMS","CHAPEL HILL",REPUBLICAN,WHITE,ACTIVE
RUBINSTEIN,114,"GARDEN GATE","RUBINSTEIN, HELEN","114 GARDEN GATE DR","CHAPEL HILL",NC,27516,114,"","GARDEN GATE","",DR,"","","CHAPEL HILL",NC,27516,52,FEMALE,CARRBORO,"56TH HOUSE","NORTH CARRBORO","CHAPEL HILL",REPUBLICAN,WHITE,ACTIVE
RUBINSTEIN,114,"GARDEN GATE","RUBINSTEIN, MICHAEL","114 GARDEN GATE DR","CHAPEL HILL",NC,27516,114,"","GARDEN GATE","",DR,"","","CHAPEL HILL",NC,27516,50,MALE,CARRBORO,"56TH HOUSE","NORTH CARRBORO","CHAPEL HILL",REPUBLICAN,WHITE,ACTIVE
RUDO,1005,BRENDAN,"RUDO, JEAN HOYLE","1005 BRENDAN CT","CHAPEL HILL",NC,27516,1005,"",BRENDAN,"",CT,"","","CHAPEL HILL",NC,27516,48,FEMALE,CARRBORO,"50TH HOUSE","HOGAN FARMS","CHAPEL HILL",DEMOCRATIC,WHITE,ACTIVE
RUDO,1005,BRENDAN,"RUDO, KENNETH MARK","1005 BRENDAN CT","CHAPEL HILL",NC,27516,1005,"",BRENDAN,"",CT,"","","CHAPEL HILL",NC,27516,51,MALE,CARRBORO,"50TH HOUSE","HOGAN FARMS","CHAPEL HILL",DEMOCRATIC,WHITE,ACTIVE
RUM,101,STRATFORD,"RUM, MARY CAROL","101 STRATFORD DR","CHAPEL HILL",NC,27516,101,"",STRATFORD,"",DR,"","","CHAPEL HILL",NC,27516,50,FEMALE,CARRBORO,"56TH HOUSE","NORTH CARRBORO","CHAPEL HILL",DEMOCRATIC,WHITE,ACTIVE
RUM,101,STRATFORD,"RUM, STEVEN A","101 STRATFORD DR","CHAPEL HILL",NC,27516,101,"",STRATFORD,"",DR,"","","CHAPEL HILL",NC,27516,50,MALE,CARRBORO,"56TH HOUSE","NORTH CARRBORO","CHAPEL HILL",DEMOCRATIC,WHITE,ACTIVE
RUSSO,408,"HOGAN WOODS","RUSSO, DEBORAH MILLER","408 HOGAN WOODS CIR","CHAPEL HILL",NC,27516,408,"","HOGAN WOODS","",CIR,"","","CHAPEL HILL",NC,27516,41,FEMALE,CARRBORO,"50TH HOUSE","HOGAN FARMS","CHAPEL HILL",DEMOCRATIC,WHITE,ACTIVE
RUSSO,408,"HOGAN WOODS","RUSSO, MARK","408 HOGAN WOODS CIR","CHAPEL HILL",NC,27516,408,"","HOGAN WOODS","",CIR,"","","CHAPEL HILL",NC,27516,40,MALE,CARRBORO,"50TH HOUSE","HOGAN FARMS","CHAPEL HILL",REPUBLICAN,WHITE,ACTIVE
RYAN,1609,CLAYMORE,"RYAN, KATRINA SEIN STOUGHTON","1609 CLAYMORE RD","CHAPEL HILL",NC,27516,1609,"",CLAYMORE,"",RD,"","","CHAPEL HILL",NC,27516,40,FEMALE,CARRBORO,"50TH HOUSE","HOGAN FARMS","CHAPEL HILL",DEMOCRATIC,WHITE,ACTIVE
RYDIN,103,"LAKE MANOR","RYDIN, JANINE ONUFRAK","103 LAKE MANOR RD","CHAPEL HILL",NC,27516,103,"","LAKE MANOR","",RD,"","","CHAPEL HILL",NC,27516,39,FEMALE,CARRBORO,"50TH HOUSE","HOGAN FARMS","CHAPEL HILL",REPUBLICAN,WHITE,ACTIVE
RYDIN,103,"LAKE MANOR","RYDIN, RICHARD WARREN","103 LAKE MANOR RD","CHAPEL HILL",NC,27516,103,"","LAKE MANOR","",RD,"","","CHAPEL HILL",NC,27516,39,MALE,CARRBORO,"50TH HOUSE","HOGAN FARMS","CHAPEL HILL",UNAFFILIATED,WHITE,ACTIVE
SAFRANSKY,130,CIRCADIAN,"SAFRANSKY, NORMA FRANCES","130 CIRCADIAN WAY","CHAPEL HILL",NC,27516,130,"",CIRCADIAN,"",WAY,"","","CHAPEL HILL",NC,27516,52,FEMALE,CARRBORO,"56TH HOUSE","NORTH CARRBORO","CHAPEL HILL",DEMOCRATIC,WHITE,ACTIVE
SAMSKY,104,BRUTON,"SAMSKY, ETHAN DOUGLAS","104 BRUTON DR","CHAPEL HILL",NC,27516,104,"",BRUTON,"",DR,"","","CHAPEL HILL",NC,27516,36,MALE,CARRBORO,"56TH HOUSE","NORTH CARRBORO","CHAPEL HILL",DEMOCRATIC,WHITE,ACTIVE
SAMSKY,104,BRUTON,"SAMSKY, MONICA MARY","104 BRUTON DR","CHAPEL HILL",NC,27516,104,"",BRUTON,"",DR,"","","CHAPEL HILL",NC,27516,41,FEMALE,CARRBORO,"56TH HOUSE","NORTH CARRBORO","CHAPEL HILL",DEMOCRATIC,WHITE,ACTIVE
SAMUELS,302,ROSSBURN,"SAMUELS, AMY ELLEN","302 ROSSBURN WAY","CHAPEL HILL",NC,27516,302,"",ROSSBURN,"",WAY,"","","CHAPEL HILL",NC,27516,43,FEMALE,CARRBORO,"54TH HOUSE",DAMASCUS,"CHAPEL HILL",REPUBLICAN,WHITE,ACTIVE
SAMUELS,302,ROSSBURN,"SAMUELS, CRAIG STEVEN","302 ROSSBURN WAY","CHAPEL HILL",NC,27516,302,"",ROSSBURN,"",WAY,"","","CHAPEL HILL",NC,27516,43,MALE,CARRBORO,"54TH HOUSE",DAMASCUS,"CHAPEL HILL",REPUBLICAN,WHITE,ACTIVE
SANDIFER,2409,PATHWAY,"SANDIFER, ALEXANDER WESTON","2409 PATHWAY DR","CHAPEL HILL",NC,27516,2409,"",PATHWAY,"",DR,"","","CHAPEL HILL",NC,27516,39,MALE,CARRBORO,"56TH HOUSE","NORTH CARRBORO","CHAPEL HILL",UNAFFILIATED,WHITE,ACTIVE
SANFILIPPO,211,COBBLESTONE,"SANFILIPPO, LISA DEE","211 COBBLESTONE DR","CHAPEL HILL",NC,27516,211,"",COBBLESTONE,"",DR,"","","CHAPEL HILL",NC,27516,40,FEMALE,CARRBORO,"56TH HOUSE","NORTH CARRBORO","CHAPEL HILL",REPUBLICAN,WHITE,ACTIVE
SANFILIPPO,211,COBBLESTONE,"SANFILIPPO, MIKEL","211 COBBLESTONE DR","CHAPEL HILL",NC,27516,211,"",COBBLESTONE,"",DR,"","","CHAPEL HILL",NC,27516,41,MALE,CARRBORO,"56TH HOUSE","NORTH CARRBORO","CHAPEL HILL",UNAFFILIATED,WHITE,ACTIVE
SARBAUM,2201,PATHWAY,"SARBAUM, JEFFREY KENT","2201 PATHWAY DR","CHAPEL HILL",NC,27516,2201,"",PATHWAY,"",DR,"","","CHAPEL HILL",NC,27516,39,MALE,CARRBORO,"56TH HOUSE","NORTH CARRBORO","CHAPEL HILL",DEMOCRATIC,WHITE,ACTIVE
SARBAUM,2201,PATHWAY,"SARBAUM, ROBIN WOOD","2201 PATHWAY DR","CHAPEL HILL",NC,27516,2201,"",PATHWAY,"",DR,"","","CHAPEL HILL",NC,27516,41,FEMALE,CARRBORO,"56TH HOUSE","NORTH CARRBORO","CHAPEL HILL",DEMOCRATIC,WHITE,ACTIVE
SAUVE,1706,CLAYMORE,"SAUVE, KAREN KYM","1706 CLAYMORE RD","CHAPEL HILL",NC,27516,1706,"",CLAYMORE,"",RD,"","","CHAPEL HILL",NC,27516,43,FEMALE,CARRBORO,"50TH HOUSE","HOGAN FARMS","CHAPEL HILL",UNAFFILIATED,WHITE,ACTIVE
SAUVE,1706,CLAYMORE,"SAUVE, ROSS JOSEPH","1706 CLAYMORE RD","CHAPEL HILL",NC,27516,1706,"",CLAYMORE,"",RD,"","","CHAPEL HILL",NC,27516,44,MALE,CARRBORO,"50TH HOUSE","HOGAN FARMS","CHAPEL HILL",UNAFFILIATED,WHITE,ACTIVE
SAVELLI,106,RICHLAND,"SAVELLI, CHRISTIAN D","106 RICHLAND CT","CHAPEL HILL",NC,27516,106,"",RICHLAND,"",CT,"","","CHAPEL HILL",NC,27516,43,MALE,CARRBORO,"56TH HOUSE","NORTH CARRBORO","CHAPEL HILL",UNAFFILIATED,WHITE,ACTIVE
SAVELLI,106,RICHLAND,"SAVELLI, MARY CATHERINE","106 RICHLAND CT","CHAPEL HILL",NC,27516,106,"",RICHLAND,"",CT,"","","CHAPEL HILL",NC,27516,42,FEMALE,CARRBORO,"56TH HOUSE","NORTH CARRBORO","CHAPEL HILL",DEMOCRATIC,WHITE,ACTIVE
SCHAREN,209,WYNDHAM,"SCHAREN, MARC DAVID","209 WYNDHAM DR","CHAPEL HILL",NC,27516,209,"",WYNDHAM,"",DR,"","","CHAPEL HILL",NC,27516,48,MALE,CARRBORO,"56TH HOUSE","NORTH CARRBORO","CHAPEL HILL",UNAFFILIATED,WHITE,ACTIVE
SCHAREN,209,WYNDHAM,"SCHAREN, WENDY LOUISE","209 WYNDHAM DR","CHAPEL HILL",NC,27516,209,"",WYNDHAM,"",DR,"","","CHAPEL HILL",NC,27516,47,FEMALE,CARRBORO,"56TH HOUSE","NORTH CARRBORO","CHAPEL HILL",UNAFFILIATED,WHITE,ACTIVE
SCHENK,8108,HOUND,"SCHENK, FRED WILLIAM IV","8108 N HOUND CT","CHAPEL HILL",NC,27516,8108,N,HOUND,"",CT,"","","CHAPEL HILL",NC,27516,45,MALE,CARRBORO,"50TH HOUSE","HOGAN FARMS","CHAPEL HILL",UNAFFILIATED,WHITE,ACTIVE
SCHENK,8108,HOUND,"SCHENK, TERESE H","8108 N HOUND CT","CHAPEL HILL",NC,27516,8108,N,HOUND,"",CT,"","","CHAPEL HILL",NC,27516,44,FEMALE,CARRBORO,"50TH HOUSE","HOGAN FARMS","CHAPEL HILL",REPUBLICAN,WHITE,ACTIVE
SCHIMMELFING,104,BUCKEYE,"SCHIMMELFING, LEON RUSSELL","104 BUCKEYE LN","CHAPEL HILL",NC,27516,104,"",BUCKEYE,"",LN,"","","CHAPEL HILL",NC,27516,54,MALE,CARRBORO,"56TH HOUSE","NORTH CARRBORO","CHAPEL HILL",DEMOCRATIC,WHITE,ACTIVE
SCHIMMELFING,104,BUCKEYE,"SCHIMMELFING, LUCY LOWDER","104 BUCKEYE LN","CHAPEL HILL",NC,27516,104,"",BUCKEYE,"",LN,"","","CHAPEL HILL",NC,27516,55,FEMALE,CARRBORO,"56TH HOUSE","NORTH CARRBORO","CHAPEL HILL",DEMOCRATIC,WHITE,ACTIVE
SCHINDELER,108,SUFFOLK,"SCHINDELER, CURTIS","108 SUFFOLK PL","CHAPEL HILL",NC,27516,108,"",SUFFOLK,"",PL,"","","CHAPEL HILL",NC,27516,47,MALE,CARRBORO,"56TH HOUSE","NORTH CARRBORO","CHAPEL HILL",REPUBLICAN,WHITE,ACTIVE
SCHINDELER,108,SUFFOLK,"SCHINDELER, DANI B","108 SUFFOLK PL","CHAPEL HILL",NC,27516,108,"",SUFFOLK,"",PL,"","","CHAPEL HILL",NC,27516,48,FEMALE,CARRBORO,"56TH HOUSE","NORTH CARRBORO","CHAPEL HILL",REPUBLICAN,WHITE,ACTIVE
SCHRAFF,115,WINSOME,"SCHRAFF, JOHN GREGORY","115 WINSOME LN","CHAPEL HILL",NC,27516,115,"",WINSOME,"",LN,"","","CHAPEL HILL",NC,27516,41,MALE,CARRBORO,"56TH HOUSE",CARRBORO,"CHAPEL HILL",DEMOCRATIC,WHITE,ACTIVE
SCHRAFF,115,WINSOME,"SCHRAFF, LARISSA BIGGERS","115 WINSOME LN","CHAPEL HILL",NC,27516,115,"",WINSOME,"",LN,"","","CHAPEL HILL",NC,27516,40,FEMALE,CARRBORO,"56TH HOUSE",CARRBORO,"CHAPEL HILL",DEMOCRATIC,WHITE,ACTIVE
SCHULER,304,WYNDHAM,"SCHULER, ELIZABETH A","304 WYNDHAM DR","CHAPEL HILL",NC,27516,304,"",WYNDHAM,"",DR,"","","CHAPEL HILL",NC,27516,55,FEMALE,CARRBORO,"56TH HOUSE","NORTH CARRBORO","CHAPEL HILL",DEMOCRATIC,WHITE,ACTIVE
SEGARS,102,ELLSWORTH,"SEGARS, ALBERT HARRISON III","102 ELLSWORTH PL","CHAPEL HILL",NC,27516,102,"",ELLSWORTH,"",PL,"","","CHAPEL HILL",NC,27516,45,MALE,CARRBORO,"56TH HOUSE","NORTH CARRBORO","CHAPEL HILL",REPUBLICAN,WHITE,ACTIVE
SEGARS,102,ELLSWORTH,"SEGARS, BARBARA PATTON","102 ELLSWORTH PL","CHAPEL HILL",NC,27516,102,"",ELLSWORTH,"",PL,"","","CHAPEL HILL",NC,27516,44,FEMALE,CARRBORO,"56TH HOUSE","NORTH CARRBORO","CHAPEL HILL",REPUBLICAN,WHITE,ACTIVE
SEIFTS,303,ROSSBURN,"SEIFTS, EDWARD JOHN","303 ROSSBURN WAY","CHAPEL HILL",NC,27516,303,"",ROSSBURN,"",WAY,"","","CHAPEL HILL",NC,27516,50,MALE,CARRBORO,"54TH HOUSE",DAMASCUS,"CHAPEL HILL",DEMOCRATIC,WHITE,ACTIVE
SEIFTS,303,ROSSBURN,"SEIFTS, LAUREN RUTH","303 ROSSBURN WAY","CHAPEL HILL",NC,27516,303,"",ROSSBURN,"",WAY,"","","CHAPEL HILL",NC,27516,53,FEMALE,CARRBORO,"54TH HOUSE",DAMASCUS,"CHAPEL HILL",DEMOCRATIC,WHITE,ACTIVE
SELBY,404,ROSSBURN,"SELBY, JAMES RANDOLPH","404 ROSSBURN WAY","CHAPEL HILL",NC,27516,404,"",ROSSBURN,"",WAY,"","","CHAPEL HILL",NC,27516,51,MALE,CARRBORO,"54TH HOUSE",DAMASCUS,"CHAPEL HILL",DEMOCRATIC,WHITE,ACTIVE
SHAFIEI,113,DAIRY,"SHAFIEI, BRENDA E","113 DAIRY CT","CHAPEL HILL",NC,27516,113,"",DAIRY,"",CT,"","","CHAPEL HILL",NC,27516,39,FEMALE,CARRBORO,"50TH HOUSE","HOGAN FARMS","CHAPEL HILL",DEMOCRATIC,WHITE,ACTIVE
SHAFIEI,113,DAIRY,"SHAFIEI, HAMID R","113 DAIRY CT","CHAPEL HILL",NC,27516,113,"",DAIRY,"",CT,"","","CHAPEL HILL",NC,27516,49,MALE,CARRBORO,"50TH HOUSE","HOGAN FARMS","CHAPEL HILL",REPUBLICAN,WHITE,ACTIVE
SHARESHIAN,106,"LAKE RIDGE","SHARESHIAN, PAUL GEORGE","106 LAKE RIDGE PL","CHAPEL HILL",NC,27516,106,"","LAKE RIDGE","",PL,"","","CHAPEL HILL",NC,27516,39,MALE,CARRBORO,"50TH HOUSE","HOGAN FARMS","CHAPEL HILL",DEMOCRATIC,WHITE,ACTIVE
SHARESHIAN,106,"LAKE RIDGE","SHARESHIAN, SUSAN","106 LAKE RIDGE PL","CHAPEL HILL",NC,27516,106,"","LAKE RIDGE","",PL,"","","CHAPEL HILL",NC,27516,46,FEMALE,CARRBORO,"50TH HOUSE","HOGAN FARMS","CHAPEL HILL",UNAFFILIATED,WHITE,ACTIVE
SHARPLESS,8323,"LOCH LAVEN","SHARPLESS, JULIE LUND","8323 LOCH LAVEN LN","CHAPEL HILL",NC,27516,8323,"","LOCH LAVEN","",LN,"","","CHAPEL HILL",NC,27516,44,FEMALE,CARRBORO,"50TH HOUSE","HOGAN FARMS","CHAPEL HILL",UNAFFILIATED,WHITE,ACTIVE
SHARPLESS,8323,"LOCH LAVEN","SHARPLESS, NORMAN EDWARD","8323 LOCH LAVEN LN","CHAPEL HILL",NC,27516,8323,"","LOCH LAVEN","",LN,"","","CHAPEL HILL",NC,27516,40,MALE,CARRBORO,"50TH HOUSE","HOGAN FARMS","CHAPEL HILL",UNAFFILIATED,WHITE,ACTIVE
SHEARS,8504,BALMORAL,"SHEARS, JANE B","8504 BALMORAL PL","CHAPEL HILL",NC,27516,8504,"",BALMORAL,"",PL,"","","CHAPEL HILL",NC,27516,50,FEMALE,CARRBORO,"50TH HOUSE","HOGAN FARMS","CHAPEL HILL",DEMOCRATIC,WHITE,ACTIVE
SHEARS,8504,BALMORAL,"SHEARS, STEPHEN BERNARD","8504 BALMORAL PL","CHAPEL HILL",NC,27516,8504,"",BALMORAL,"",PL,"","","CHAPEL HILL",NC,27516,53,MALE,CARRBORO,"50TH HOUSE","HOGAN FARMS","CHAPEL HILL",DEMOCRATIC,WHITE,ACTIVE
SHEAVES,104,"BARINGTON HILLS","SHEAVES, ALEXANDRA LEE C","104 BARINGTON HILLS RD","CHAPEL HILL",NC,27516,104,"","BARINGTON HILLS","",RD,"","","CHAPEL HILL",NC,27516,38,FEMALE,CARRBORO,"56TH HOUSE","NORTH CARRBORO","CHAPEL HILL",DEMOCRATIC,WHITE,ACTIVE
SHEAVES,104,"BARINGTON HILLS","SHEAVES, DAVID STEVEN","104 BARINGTON HILLS RD","CHAPEL HILL",NC,27516,104,"","BARINGTON HILLS","",RD,"","","CHAPEL HILL",NC,27516,54,MALE,CARRBORO,"56TH HOUSE","NORTH CARRBORO","CHAPEL HILL",DEMOCRATIC,WHITE,ACTIVE
SHEEHAN,215,"TURTLEBACK CROSSING","SHEEHAN, JAMES DENIS","215 TURTLEBACK CROSSING DR","CHAPEL HILL",NC,27516,215,"","TURTLEBACK CROSSING","",DR,"","","CHAPEL HILL",NC,27516,35,MALE,CARRBORO,"50TH HOUSE","HOGAN FARMS","CHAPEL HILL",REPUBLICAN,WHITE,ACTIVE
SHELTON,200,"DAIRY GLEN","SHELTON, ANNE BELLIN","200 DAIRY GLEN RD","CHAPEL HILL",NC,27516,200,"","DAIRY GLEN","",RD,"","","CHAPEL HILL",NC,27516,50,FEMALE,CARRBORO,"50TH HOUSE","HOGAN FARMS","CHAPEL HILL",DEMOCRATIC,WHITE,ACTIVE
SHIELDS,102,CIRCADIAN,"SHIELDS, SARAH D","102 CIRCADIAN WAY","CHAPEL HILL",NC,27516,102,"",CIRCADIAN,"",WAY,"","","CHAPEL HILL",NC,27516,51,FEMALE,CARRBORO,"56TH HOUSE","NORTH CARRBORO","CHAPEL HILL",DEMOCRATIC,WHITE,ACTIVE
SHIPMAN,117,"SHADOW RIDGE","SHIPMAN, LINDA SHEETZ","117 SHADOW RIDGE PL","CHAPEL HILL",NC,27516,117,"","SHADOW RIDGE","",PL,"","","CHAPEL HILL",NC,27516,55,FEMALE,CARRBORO,"50TH HOUSE","HOGAN FARMS","CHAPEL HILL",DEMOCRATIC,WHITE,ACTIVE
SHIRLEY,109,CIRCADIAN,"SHIRLEY, ANITA GUNN","109 CIRCADIAN WAY","CHAPEL HILL",NC,27516,109,"",CIRCADIAN,"",WAY,"","","CHAPEL HILL",NC,27516,52,FEMALE,CARRBORO,"56TH HOUSE","NORTH CARRBORO","CHAPEL HILL",DEMOCRATIC,WHITE,ACTIVE
SHIRLEY,109,CIRCADIAN,"SHIRLEY, LAWRENCE ELMAN JR","109 CIRCADIAN WAY","CHAPEL HILL",NC,27516,109,"",CIRCADIAN,"",WAY,"","","CHAPEL HILL",NC,27516,52,MALE,CARRBORO,"56TH HOUSE","NORTH CARRBORO","CHAPEL HILL",DEMOCRATIC,WHITE,ACTIVE
SHIVRAJ,107,"JONES CREEK","SHIVRAJ, LALITA","107 JONES CREEK PL","CHAPEL HILL",NC,27516,107,"","JONES CREEK","",PL,"","","CHAPEL HILL",NC,27516,55,FEMALE,CARRBORO,"50TH HOUSE","HOGAN FARMS","CHAPEL HILL",UNAFFILIATED,ASIAN,ACTIVE
SHMUELI,1311,TALLYHO,"SHMUELI, MARY ANN","1311 TALLYHO TRL","CHAPEL HILL",NC,27516,1311,"",TALLYHO,"",TRL,"","","CHAPEL HILL",NC,27516,48,FEMALE,CARRBORO,"50TH HOUSE","HOGAN FARMS","CHAPEL HILL",UNAFFILIATED,WHITE,ACTIVE
SHMUELI,1311,TALLYHO,"SHMUELI, SHIMON","1311 TALLYHO TRL","CHAPEL HILL",NC,27516,1311,"",TALLYHO,"",TRL,"","","CHAPEL HILL",NC,27516,49,MALE,CARRBORO,"50TH HOUSE","HOGAN FARMS","CHAPEL HILL",UNAFFILIATED,WHITE,ACTIVE
SHORTINO,103,"LAKE RIDGE","SHORTINO, DAVID FRANCIS","103 LAKE RIDGE PL","CHAPEL HILL",NC,27516,103,"","LAKE RIDGE","",PL,"","","CHAPEL HILL",NC,27516,43,MALE,CARRBORO,"50TH HOUSE","HOGAN FARMS","CHAPEL HILL",REPUBLICAN,WHITE,ACTIVE
SHORTINO,103,"LAKE RIDGE","SHORTINO, DENISE DIANE","103 LAKE RIDGE PL","CHAPEL HILL",NC,27516,103,"","LAKE RIDGE","",PL,"","","CHAPEL HILL",NC,27516,42,FEMALE,CARRBORO,"50TH HOUSE","HOGAN FARMS","CHAPEL HILL",REPUBLICAN,WHITE,ACTIVE
SIEBENS,1603,CLAYMORE,"SIEBENS, DAVID PHILLIPS","1603 CLAYMORE RD","CHAPEL HILL",NC,27516,1603,"",CLAYMORE,"",RD,"","","CHAPEL HILL",NC,27516,50,MALE,CARRBORO,"50TH HOUSE","HOGAN FARMS","CHAPEL HILL",DEMOCRATIC,WHITE,ACTIVE
SIEBENS,1603,CLAYMORE,"SIEBENS, NANCY MURRAY","1603 CLAYMORE RD","CHAPEL HILL",NC,27516,1603,"",CLAYMORE,"",RD,"","","CHAPEL HILL",NC,27516,52,FEMALE,CARRBORO,"50TH HOUSE","HOGAN FARMS","CHAPEL HILL",DEMOCRATIC,WHITE,ACTIVE
SIGMAN,101,"ARBOR CREEK","SIGMAN, JEFFREY LAWRENCE","101 ARBOR CREEK CT","CHAPEL HILL",NC,27516,101,"","ARBOR CREEK","",CT,"","","CHAPEL HILL",NC,27516,44,MALE,CARRBORO,"50TH HOUSE","HOGAN FARMS","CHAPEL HILL",DEMOCRATIC,WHITE,ACTIVE
SIGMAN,101,"ARBOR CREEK","SIGMAN, KENA BLACKWELDER","101 ARBOR CREEK CT","CHAPEL HILL",NC,27516,101,"","ARBOR CREEK","",CT,"","","CHAPEL HILL",NC,27516,43,FEMALE,CARRBORO,"50TH HOUSE","HOGAN FARMS","CHAPEL HILL",REPUBLICAN,WHITE,ACTIVE
SIMMS,217,STRATFORD,"SIMMS, FREDERICK NEIL","217 STRATFORD DR","CHAPEL HILL",NC,27516,217,"",STRATFORD,"",DR,"","","CHAPEL HILL",NC,27516,51,MALE,CARRBORO,"56TH HOUSE","NORTH CARRBORO","CHAPEL HILL",DEMOCRATIC,WHITE,ACTIVE
SIMMS,217,STRATFORD,"SIMMS, JANE BENTON","217 STRATFORD DR","CHAPEL HILL",NC,27516,217,"",STRATFORD,"",DR,"","","CHAPEL HILL",NC,27516,43,FEMALE,CARRBORO,"56TH HOUSE","NORTH CARRBORO","CHAPEL HILL",DEMOCRATIC,WHITE,ACTIVE
SISK,201,"FARM HOUSE","SISK, ROBERT BARRY","201 FARM HOUSE DR","CHAPEL HILL",NC,27516,201,"","FARM HOUSE","",DR,"","","CHAPEL HILL",NC,27516,50,MALE,CARRBORO,"56TH HOUSE","NORTH CARRBORO","CHAPEL HILL",UNAFFILIATED,WHITE,ACTIVE
SISK,201,"FARM HOUSE","SISK, SUSAN COLEMAN","201 FARM HOUSE DR","CHAPEL HILL",NC,27516,201,"","FARM HOUSE","",DR,"","","CHAPEL HILL",NC,27516,45,FEMALE,CARRBORO,"56TH HOUSE","NORTH CARRBORO","CHAPEL HILL",UNAFFILIATED,WHITE,ACTIVE
SITKIN,1609,SKYE,"SITKIN, SIM B","1609 SKYE DR","CHAPEL HILL",NC,27516,1609,"",SKYE,"",DR,"","","CHAPEL HILL",NC,27516,55,MALE,CARRBORO,"50TH HOUSE","HOGAN FARMS","CHAPEL HILL",DEMOCRATIC,WHITE,ACTIVE
SMIRNOV,121,"NORTH FIELDS","SMIRNOV, TANYA","121 NORTH FIELDS CIR","CHAPEL HILL",NC,27516,121,"","NORTH FIELDS","",CIR,"","","CHAPEL HILL",NC,27516,51,FEMALE,CARRBORO,"50TH HOUSE","HOGAN FARMS","CHAPEL HILL",UNAFFILIATED,WHITE,ACTIVE
SMIRNOV,121,"NORTH FIELDS","SMIRNOV, VITALIY VIKTOROVICH","121 NORTH FIELDS CIR","CHAPEL HILL",NC,27516,121,"","NORTH FIELDS","",CIR,"","","CHAPEL HILL",NC,27516,42,MALE,CARRBORO,"50TH HOUSE","HOGAN FARMS","CHAPEL HILL",REPUBLICAN,OTHER,ACTIVE
SMITH,112,DAIRY,"SMITH, CHRISTIAN TODD","112 DAIRY CT","CHAPEL HILL",NC,27516,112,"",DAIRY,"",CT,"","","CHAPEL HILL",NC,27516,36,MALE,CARRBORO,"50TH HOUSE","HOGAN FARMS","CHAPEL HILL",REPUBLICAN,WHITE,ACTIVE
SMITH,103,"SUNSET CREEK","SMITH, ERLE A","103 SUNSET CREEK CIR","CHAPEL HILL",NC,27516,103,"","SUNSET CREEK","",CIR,"","","CHAPEL HILL",NC,27516,50,MALE,CARRBORO,"56TH HOUSE","NORTH CARRBORO","CHAPEL HILL",REPUBLICAN,WHITE,ACTIVE
SMITH,110,STRATFORD,"SMITH, KELLI HAYNER","110 STRATFORD DR","CHAPEL HILL",NC,27516,110,"",STRATFORD,"",DR,"","","CHAPEL HILL",NC,27516,45,FEMALE,CARRBORO,"56TH HOUSE","NORTH CARRBORO","CHAPEL HILL",DEMOCRATIC,WHITE,ACTIVE
SMITH,112,DAIRY,"SMITH, LORI LUCAS","112 DAIRY CT","CHAPEL HILL",NC,27516,112,"",DAIRY,"",CT,"","","CHAPEL HILL",NC,27516,39,FEMALE,CARRBORO,"50TH HOUSE","HOGAN FARMS","CHAPEL HILL",REPUBLICAN,WHITE,ACTIVE
SMITH,8408,"STERLING BRIDGE","SMITH, RANDI BROOKE","8408 STERLING BRIDGE RD","CHAPEL HILL",NC,27516,8408,"","STERLING BRIDGE","",RD,"","","CHAPEL HILL",NC,27516,48,FEMALE,CARRBORO,"50TH HOUSE","HOGAN FARMS","CHAPEL HILL",DEMOCRATIC,WHITE,ACTIVE
SMITH,110,STRATFORD,"SMITH, SCOTT EDWARDS","110 STRATFORD DR","CHAPEL HILL",NC,27516,110,"",STRATFORD,"",DR,"","","CHAPEL HILL",NC,27516,49,MALE,CARRBORO,"56TH HOUSE","NORTH CARRBORO","CHAPEL HILL",DEMOCRATIC,WHITE,ACTIVE
SMITH,8408,"STERLING BRIDGE","SMITH, SCOTT MICHAEL","8408 STERLING BRIDGE RD","CHAPEL HILL",NC,27516,8408,"","STERLING BRIDGE","",RD,"","","CHAPEL HILL",NC,27516,47,MALE,CARRBORO,"50TH HOUSE","HOGAN FARMS","CHAPEL HILL",DEMOCRATIC,WHITE,ACTIVE
SMITH,103,"SUNSET CREEK","SMITH, SOPHIA KUSTAS","103 SUNSET CREEK CIR","CHAPEL HILL",NC,27516,103,"","SUNSET CREEK","",CIR,"","","CHAPEL HILL",NC,27516,48,FEMALE,CARRBORO,"56TH HOUSE","NORTH CARRBORO","CHAPEL HILL",DEMOCRATIC,WHITE,ACTIVE
SMITH,106,"THE HOLLOW","SMITH, WILLIAM MYRLE","106 THE HOLLOW","CHAPEL HILL",NC,27516,106,"","THE HOLLOW","","","","","CHAPEL HILL",NC,27516,55,MALE,CARRBORO,"56TH HOUSE",CARRBORO,"CHAPEL HILL",DEMOCRATIC,WHITE,ACTIVE
SNOVER,1002,BRACE,"SNOVER, DORETTE ELLEN","1002 BRACE LN","CHAPEL HILL",NC,27516,1002,"",BRACE,"",LN,"","","CHAPEL HILL",NC,27516,51,FEMALE,CARRBORO,"50TH HOUSE","HOGAN FARMS","CHAPEL HILL",DEMOCRATIC,WHITE,ACTIVE
SNOVER,1002,BRACE,"SNOVER, RICHARD LEE","1002 BRACE LN","CHAPEL HILL",NC,27516,1002,"",BRACE,"",LN,"","","CHAPEL HILL",NC,27516,49,MALE,CARRBORO,"50TH HOUSE","HOGAN FARMS","CHAPEL HILL",UNAFFILIATED,WHITE,ACTIVE
SOBOLEWSKI,1008,CAMDEN,"SOBOLEWSKI, CRAIG JOSEPH","1008 CAMDEN LN","CHAPEL HILL",NC,27516,1008,"",CAMDEN,"",LN,"","","CHAPEL HILL",NC,27516,42,MALE,CARRBORO,"50TH HOUSE","HOGAN FARMS","CHAPEL HILL",REPUBLICAN,WHITE,ACTIVE
SOBOLEWSKI,1008,CAMDEN,"SOBOLEWSKI, JANINE MARIE","1008 CAMDEN LN","CHAPEL HILL",NC,27516,1008,"",CAMDEN,"",LN,"","","CHAPEL HILL",NC,27516,40,FEMALE,CARRBORO,"50TH HOUSE","HOGAN FARMS","CHAPEL HILL",REPUBLICAN,WHITE,ACTIVE
SODERLING,133,"NORTH FIELDS","SODERLING, JACQUELYN ANNE","133 NORTH FIELDS CIR","CHAPEL HILL",NC,27516,133,"","NORTH FIELDS","",CIR,"","","CHAPEL HILL",NC,27516,37,FEMALE,CARRBORO,"50TH HOUSE","HOGAN FARMS","CHAPEL HILL",UNAFFILIATED,WHITE,ACTIVE
SODERLING,133,"NORTH FIELDS","SODERLING, SCOTT HAYDN","133 NORTH FIELDS CIR","CHAPEL HILL",NC,27516,133,"","NORTH FIELDS","",CIR,"","","CHAPEL HILL",NC,27516,37,MALE,CARRBORO,"50TH HOUSE","HOGAN FARMS","CHAPEL HILL",UNAFFILIATED,WHITE,ACTIVE
SOLOW,3004,STAFFIELD,"SOLOW, CHERYLANN C","3004 STAFFIELD LN","CHAPEL HILL",NC,27516,3004,"",STAFFIELD,"",LN,"","","CHAPEL HILL",NC,27516,47,FEMALE,CARRBORO,"50TH HOUSE","HOGAN FARMS","CHAPEL HILL",DEMOCRATIC,UNDESIGNATED,ACTIVE
SOLOW,3004,STAFFIELD,"SOLOW, DOUGLAS CRAIG","3004 STAFFIELD LN","CHAPEL HILL",NC,27516,3004,"",STAFFIELD,"",LN,"","","CHAPEL HILL",NC,27516,49,MALE,CARRBORO,"50TH HOUSE","HOGAN FARMS","CHAPEL HILL",DEMOCRATIC,UNDESIGNATED,ACTIVE
SONIS,210,COBBLESTONE,"SONIS, JEFFREY HAL","210 COBBLESTONE DR","CHAPEL HILL",NC,27516,210,"",COBBLESTONE,"",DR,"","","CHAPEL HILL",NC,27516,54,MALE,CARRBORO,"56TH HOUSE","NORTH CARRBORO","CHAPEL HILL",DEMOCRATIC,WHITE,ACTIVE
SONIS,210,COBBLESTONE,"SONIS, MARY PARKER","210 COBBLESTONE DR","CHAPEL HILL",NC,27516,210,"",COBBLESTONE,"",DR,"","","CHAPEL HILL",NC,27516,53,FEMALE,CARRBORO,"56TH HOUSE","NORTH CARRBORO","CHAPEL HILL",DEMOCRATIC,WHITE,ACTIVE
SPARLING,411,ROSSBURN,"SPARLING, BREN MURRAY","411 ROSSBURN WAY","CHAPEL HILL",NC,27516,411,"",ROSSBURN,"",WAY,"","","CHAPEL HILL",NC,27516,42,FEMALE,CARRBORO,"54TH HOUSE",DAMASCUS,"CHAPEL HILL",REPUBLICAN,WHITE,ACTIVE
SPARLING,411,ROSSBURN,"SPARLING, WHITAKER RAND","411 ROSSBURN WAY","CHAPEL HILL",NC,27516,411,"",ROSSBURN,"",WAY,"","","CHAPEL HILL",NC,27516,42,UNDESIGNATED,CARRBORO,"54TH HOUSE",DAMASCUS,"CHAPEL HILL",UNAFFILIATED,WHITE,ACTIVE
SPECTOR,318,"SUNSET CREEK","SPECTOR, DENISE JEAN","318 SUNSET CREEK CIR","CHAPEL HILL",NC,27516,318,"","SUNSET CREEK","",CIR,"","","CHAPEL HILL",NC,27516,45,FEMALE,CARRBORO,"56TH HOUSE","NORTH CARRBORO","CHAPEL HILL",DEMOCRATIC,WHITE,ACTIVE
SPECTOR,318,"SUNSET CREEK","SPECTOR, NEIL L","318 SUNSET CREEK CIR","CHAPEL HILL",NC,27516,318,"","SUNSET CREEK","",CIR,"","","CHAPEL HILL",NC,27516,50,MALE,CARRBORO,"56TH HOUSE","NORTH CARRBORO","CHAPEL HILL",DEMOCRATIC,WHITE,ACTIVE
SPRINGER,102,STRATFORD,"SPRINGER, MATT LAWRENCE","102 STRATFORD DR","CHAPEL HILL",NC,27516,102,"",STRATFORD,"",DR,"","","CHAPEL HILL",NC,27516,43,MALE,CARRBORO,"56TH HOUSE","NORTH CARRBORO","CHAPEL HILL",UNAFFILIATED,WHITE,ACTIVE
SPRINGER,102,STRATFORD,"SPRINGER, SUSAN T. ROBINS","102 STRATFORD DR","CHAPEL HILL",NC,27516,102,"",STRATFORD,"",DR,"","","CHAPEL HILL",NC,27516,40,FEMALE,CARRBORO,"56TH HOUSE","NORTH CARRBORO","CHAPEL HILL",DEMOCRATIC,WHITE,ACTIVE
SPRINGFIELD,107,"GARDEN GATE","SPRINGFIELD, MARICA AUCOIN","107 GARDEN GATE DR","CHAPEL HILL",NC,27516,107,"","GARDEN GATE","",DR,"","","CHAPEL HILL",NC,27516,49,FEMALE,CARRBORO,"56TH HOUSE","NORTH CARRBORO","CHAPEL HILL",REPUBLICAN,WHITE,ACTIVE
SPRINGFIELD,107,"GARDEN GATE","SPRINGFIELD, RANDALL SCOTT","107 GARDEN GATE DR","CHAPEL HILL",NC,27516,107,"","GARDEN GATE","",DR,"","","CHAPEL HILL",NC,27516,51,MALE,CARRBORO,"56TH HOUSE","NORTH CARRBORO","CHAPEL HILL",REPUBLICAN,WHITE,ACTIVE
STADLER,1403,TALLYHO,"STADLER, GARY L","1403 TALLYHO TRL","CHAPEL HILL",NC,27516,1403,"",TALLYHO,"",TRL,"","","CHAPEL HILL",NC,27516,54,MALE,CARRBORO,"50TH HOUSE","HOGAN FARMS","CHAPEL HILL",DEMOCRATIC,WHITE,ACTIVE
STADLER,1403,TALLYHO,"STADLER, STEPHANIE CLONINGER","1403 TALLYHO TRL","CHAPEL HILL",NC,27516,1403,"",TALLYHO,"",TRL,"","","CHAPEL HILL",NC,27516,55,FEMALE,CARRBORO,"50TH HOUSE","HOGAN FARMS","CHAPEL HILL",DEMOCRATIC,WHITE,ACTIVE
STAELIN,210,"COMMONS WAY","STAELIN, LEIGH WOOLARD","210 COMMONS WAY DR","CHAPEL HILL",NC,27516,210,"","COMMONS WAY","",DR,"","","CHAPEL HILL",NC,27516,37,FEMALE,CARRBORO,"50TH HOUSE","HOGAN FARMS","CHAPEL HILL",DEMOCRATIC,WHITE,ACTIVE
STAELIN,210,"COMMONS WAY","STAELIN, RICHARD ADAM","210 COMMONS WAY DR","CHAPEL HILL",NC,27516,210,"","COMMONS WAY","",DR,"","","CHAPEL HILL",NC,27516,40,MALE,CARRBORO,"50TH HOUSE","HOGAN FARMS","CHAPEL HILL",DEMOCRATIC,WHITE,ACTIVE
STANFORD,1800,GREENSBORO,"STANFORD, BOBBIE ANDR","1800 N GREENSBORO ST","CHAPEL HILL",NC,27516,1800,N,GREENSBORO,"",ST,"","","CHAPEL HILL",NC,27516,51,FEMALE,CARRBORO,"56TH HOUSE","NORTH CARRBORO","CHAPEL HILL",DEMOCRATIC,WHITE,ACTIVE
STANFORD,1800,GREENSBORO,"STANFORD, CHARLES ASHLEY","1800 N GREENSBORO ST","CHAPEL HILL",NC,27516,1800,N,GREENSBORO,"",ST,"","","CHAPEL HILL",NC,27516,51,MALE,CARRBORO,"56TH HOUSE","NORTH CARRBORO","CHAPEL HILL",DEMOCRATIC,OTHER,ACTIVE
STAPLETON,407,ROCKGARDEN,"STAPLETON, BRIAN F","407 ROCKGARDEN DR","CHAPEL HILL",NC,27516,407,"",ROCKGARDEN,"",DR,"","","CHAPEL HILL",NC,27516,49,MALE,CARRBORO,"56TH HOUSE","NORTH CARRBORO","CHAPEL HILL",UNAFFILIATED,WHITE,ACTIVE
STAPLETON,407,ROCKGARDEN,"STAPLETON, DALE B","407 ROCKGARDEN DR","CHAPEL HILL",NC,27516,407,"",ROCKGARDEN,"",DR,"","","CHAPEL HILL",NC,27516,49,FEMALE,CARRBORO,"56TH HOUSE","NORTH CARRBORO","CHAPEL HILL",UNAFFILIATED,WHITE,ACTIVE
STASHKO,306,"HOGAN WOODS","STASHKO, EDWARD R","306 HOGAN WOODS CIR","CHAPEL HILL",NC,27516,306,"","HOGAN WOODS","",CIR,"","","CHAPEL HILL",NC,27516,54,MALE,CARRBORO,"50TH HOUSE","HOGAN FARMS","CHAPEL HILL",DEMOCRATIC,WHITE,ACTIVE
STASHKO,306,"HOGAN WOODS","STASHKO, ILONA KEMENY","306 HOGAN WOODS CIR","CHAPEL HILL",NC,27516,306,"","HOGAN WOODS","",CIR,"","","CHAPEL HILL",NC,27516,52,FEMALE,CARRBORO,"50TH HOUSE","HOGAN FARMS","CHAPEL HILL",DEMOCRATIC,WHITE,ACTIVE
STEELE,302,"SUNSET CREEK","STEELE, PATRICIA BARRETTA","302 SUNSET CREEK CIR","CHAPEL HILL",NC,27516,302,"","SUNSET CREEK","",CIR,"","","CHAPEL HILL",NC,27516,47,FEMALE,CARRBORO,"56TH HOUSE","NORTH CARRBORO","CHAPEL HILL",UNAFFILIATED,WHITE,ACTIVE
STEELE,302,"SUNSET CREEK","STEELE, ROBERT MICHAEL","302 SUNSET CREEK CIR","CHAPEL HILL",NC,27516,302,"","SUNSET CREEK","",CIR,"","","CHAPEL HILL",NC,27516,46,MALE,CARRBORO,"56TH HOUSE","NORTH CARRBORO","CHAPEL HILL",UNAFFILIATED,WHITE,ACTIVE
STEINHUBL,105,"PAINTED TURTLE","STEINHUBL, MONICA LYNN","105 PAINTED TURTLE LN","CHAPEL HILL",NC,27516,105,"","PAINTED TURTLE","",LN,"","","CHAPEL HILL",NC,27516,46,FEMALE,CARRBORO,"50TH HOUSE","HOGAN FARMS","CHAPEL HILL",REPUBLICAN,WHITE,INACTIVE
STEINHUBL,105,"PAINTED TURTLE","STEINHUBL, STEVEN RUDOLF","105 PAINTED TURTLE LN","CHAPEL HILL",NC,27516,105,"","PAINTED TURTLE","",LN,"","","CHAPEL HILL",NC,27516,47,MALE,CARRBORO,"50TH HOUSE","HOGAN FARMS","CHAPEL HILL",REPUBLICAN,WHITE,INACTIVE
STERN,106,STRATFORD,"STERN, AMY MEREDITH","106 STRATFORD DR","CHAPEL HILL",NC,27516,106,"",STRATFORD,"",DR,"","","CHAPEL HILL",NC,27516,38,FEMALE,CARRBORO,"56TH HOUSE","NORTH CARRBORO","CHAPEL HILL",DEMOCRATIC,WHITE,ACTIVE
STERN,106,STRATFORD,"STERN, RICHARD THOMAS","106 STRATFORD DR","CHAPEL HILL",NC,27516,106,"",STRATFORD,"",DR,"","","CHAPEL HILL",NC,27516,40,MALE,CARRBORO,"56TH HOUSE","NORTH CARRBORO","CHAPEL HILL",DEMOCRATIC,WHITE,ACTIVE
STEVENS,204,"COMMONS WAY","STEVENS, CHERYL B","204 COMMONS WAY DR","CHAPEL HILL",NC,27516,204,"","COMMONS WAY","",DR,"","","CHAPEL HILL",NC,27516,47,FEMALE,CARRBORO,"50TH HOUSE","HOGAN FARMS","CHAPEL HILL",DEMOCRATIC,WHITE,ACTIVE
STODDARD,903,TALLYHO,"STODDARD, JAN A","903 TALLYHO TRL","CHAPEL HILL",NC,27516,903,"",TALLYHO,"",TRL,"","","CHAPEL HILL",NC,27516,47,FEMALE,CARRBORO,"50TH HOUSE","HOGAN FARMS","CHAPEL HILL",REPUBLICAN,WHITE,ACTIVE
STODDARD,903,TALLYHO,"STODDARD, JEFFERY BRYAN","903 TALLYHO TRL","CHAPEL HILL",NC,27516,903,"",TALLYHO,"",TRL,"","","CHAPEL HILL",NC,27516,49,MALE,CARRBORO,"50TH HOUSE","HOGAN FARMS","CHAPEL HILL",REPUBLICAN,WHITE,ACTIVE
STOLTZ,102,STROWD,"STOLTZ, KIM ALLEN","102 STROWD LN","CHAPEL HILL",NC,27516,102,"",STROWD,"",LN,"","","CHAPEL HILL",NC,27516,55,MALE,CARRBORO,"56TH HOUSE",CARRBORO,"CHAPEL HILL",DEMOCRATIC,WHITE,ACTIVE
STONE,100,"PAINTED TURTLE","STONE, KATHLEEN ANN","100 PAINTED TURTLE LN","CHAPEL HILL",NC,27516,100,"","PAINTED TURTLE","",LN,"","","CHAPEL HILL",NC,27516,48,FEMALE,CARRBORO,"50TH HOUSE","HOGAN FARMS","CHAPEL HILL",UNAFFILIATED,WHITE,ACTIVE
STONE,100,"PAINTED TURTLE","STONE, STEPHEN WAYNE","100 PAINTED TURTLE LN","CHAPEL HILL",NC,27516,100,"","PAINTED TURTLE","",LN,"","","CHAPEL HILL",NC,27516,47,MALE,CARRBORO,"50TH HOUSE","HOGAN FARMS","CHAPEL HILL",REPUBLICAN,WHITE,ACTIVE
STOUDER,8108,REYNARD,"STOUDER, KEITH EUGENE","8108 REYNARD RD","CHAPEL HILL",NC,27516,8108,"",REYNARD,"",RD,"","","CHAPEL HILL",NC,27516,37,MALE,CARRBORO,"50TH HOUSE","HOGAN FARMS","CHAPEL HILL",UNAFFILIATED,WHITE,ACTIVE
STOUFFER,404,TRAMORE,"STOUFFER, GEORGE ANDREW III","404 TRAMORE DR","CHAPEL HILL",NC,27516,404,"",TRAMORE,"",DR,"","","CHAPEL HILL",NC,27516,48,MALE,CARRBORO,"56TH HOUSE","NORTH CARRBORO","CHAPEL HILL",UNAFFILIATED,WHITE,ACTIVE
STOUFFER,404,TRAMORE,"STOUFFER, MARGARET E","404 TRAMORE DR","CHAPEL HILL",NC,27516,404,"",TRAMORE,"",DR,"","","CHAPEL HILL",NC,27516,47,FEMALE,CARRBORO,"56TH HOUSE","NORTH CARRBORO","CHAPEL HILL",UNAFFILIATED,WHITE,ACTIVE
STRINE,310,"HOGAN WOODS","STRINE, JULIE HARRIS","310 HOGAN WOODS CIR","CHAPEL HILL",NC,27516,310,"","HOGAN WOODS","",CIR,"","","CHAPEL HILL",NC,27516,45,FEMALE,CARRBORO,"50TH HOUSE","HOGAN FARMS","CHAPEL HILL",DEMOCRATIC,WHITE,ACTIVE
STRINE,310,"HOGAN WOODS","STRINE, SCOTT ALLEN","310 HOGAN WOODS CIR","CHAPEL HILL",NC,27516,310,"","HOGAN WOODS","",CIR,"","","CHAPEL HILL",NC,27516,45,MALE,CARRBORO,"50TH HOUSE","HOGAN FARMS","CHAPEL HILL",DEMOCRATIC,WHITE,ACTIVE
STROHLEIN,126,COLFAX,"STROHLEIN, FRANK GUSTAV","126 COLFAX DR","CHAPEL HILL",NC,27516,126,"",COLFAX,"",DR,"","","CHAPEL HILL",NC,27516,39,MALE,CARRBORO,"56TH HOUSE","NORTH CARRBORO","CHAPEL HILL",DEMOCRATIC,WHITE,ACTIVE
STROTHER,1703,TALLYHO,"STROTHER, NELSON BERNARD","PO BOX 17222","CHAPEL HILL",NC,27516,1703,"",TALLYHO,"",TRL,"","","CHAPEL HILL",NC,27516,50,MALE,CARRBORO,"50TH HOUSE","HOGAN FARMS","CHAPEL HILL",UNAFFILIATED,WHITE,ACTIVE
STYRES,102,"PAINTED TURTLE","STYRES, JOE DAVID","102 PAINTED TURTLE LN","CHAPEL HILL",NC,27516,102,"","PAINTED TURTLE","",LN,"","","CHAPEL HILL",NC,27516,51,MALE,CARRBORO,"50TH HOUSE","HOGAN FARMS","CHAPEL HILL",UNAFFILIATED,WHITE,ACTIVE
STYRES,102,"PAINTED TURTLE","STYRES, KAREN LOUISE","102 PAINTED TURTLE LN","CHAPEL HILL",NC,27516,102,"","PAINTED TURTLE","",LN,"","","CHAPEL HILL",NC,27516,49,FEMALE,CARRBORO,"50TH HOUSE","HOGAN FARMS","CHAPEL HILL",UNAFFILIATED,WHITE,ACTIVE
SULLIVAN,203,"LAKE MANOR","SULLIVAN, ANNIE LUDINGTON","203 LAKE MANOR RD","CHAPEL HILL",NC,27516,203,"","LAKE MANOR","",RD,"","","CHAPEL HILL",NC,27516,47,FEMALE,CARRBORO,"50TH HOUSE","HOGAN FARMS","CHAPEL HILL",UNAFFILIATED,WHITE,ACTIVE
SULLIVAN,211,"LAKE MANOR","SULLIVAN, CARL JOSEPH","211 LAKE MANOR RD","CHAPEL HILL",NC,27516,211,"","LAKE MANOR","",RD,"","","CHAPEL HILL",NC,27516,48,MALE,CARRBORO,"50TH HOUSE","HOGAN FARMS","CHAPEL HILL",REPUBLICAN,WHITE,ACTIVE
SULLIVAN,211,"LAKE MANOR","SULLIVAN, JOANN","211 LAKE MANOR RD","CHAPEL HILL",NC,27516,211,"","LAKE MANOR","",RD,"","","CHAPEL HILL",NC,27516,47,FEMALE,CARRBORO,"50TH HOUSE","HOGAN FARMS","CHAPEL HILL",REPUBLICAN,WHITE,ACTIVE
SULLIVAN,203,"LAKE MANOR","SULLIVAN, PATRICK MICHAEL","203 LAKE MANOR RD","CHAPEL HILL",NC,27516,203,"","LAKE MANOR","",RD,"","","CHAPEL HILL",NC,27516,48,MALE,CARRBORO,"50TH HOUSE","HOGAN FARMS","CHAPEL HILL",UNAFFILIATED,WHITE,ACTIVE
SZOGAS,414,"HOGAN WOODS","SZOGAS, KEVIN","414 HOGAN WOODS CIR","CHAPEL HILL",NC,27516,414,"","HOGAN WOODS","",CIR,"","","CHAPEL HILL",NC,27516,41,MALE,CARRBORO,"50TH HOUSE","HOGAN FARMS","CHAPEL HILL",UNAFFILIATED,WHITE,ACTIVE
SZOGAS,414,"HOGAN WOODS","SZOGAS, PATRICIA KOETTING","414 HOGAN WOODS CIR","CHAPEL HILL",NC,27516,414,"","HOGAN WOODS","",CIR,"","","CHAPEL HILL",NC,27516,42,FEMALE,CARRBORO,"50TH HOUSE","HOGAN FARMS","CHAPEL HILL",UNAFFILIATED,WHITE,ACTIVE
TABAKMAN,146,"NORTH FIELDS","TABAKMAN, BRUCE GARY","146 NORTH FIELDS CIR","CHAPEL HILL",NC,27516,146,"","NORTH FIELDS","",CIR,"","","CHAPEL HILL",NC,27516,54,MALE,CARRBORO,"50TH HOUSE","HOGAN FARMS","CHAPEL HILL",DEMOCRATIC,WHITE,ACTIVE
TABAKMAN,146,"NORTH FIELDS","TABAKMAN, SHELLEY DALE","146 NORTH FIELDS CIR","CHAPEL HILL",NC,27516,146,"","NORTH FIELDS","",CIR,"","","CHAPEL HILL",NC,27516,54,FEMALE,CARRBORO,"50TH HOUSE","HOGAN FARMS","CHAPEL HILL",DEMOCRATIC,WHITE,ACTIVE
TAEKMAN,316,"SUNSET CREEK","TAEKMAN, JEANNE MARIE","316 SUNSET CREEK CIR","CHAPEL HILL",NC,27516,316,"","SUNSET CREEK","",CIR,"","","CHAPEL HILL",NC,27516,41,FEMALE,CARRBORO,"56TH HOUSE","NORTH CARRBORO","CHAPEL HILL",DEMOCRATIC,WHITE,ACTIVE
TAEKMAN,316,"SUNSET CREEK","TAEKMAN, JEFFREY MARC","316 SUNSET CREEK CIR","CHAPEL HILL",NC,27516,316,"","SUNSET CREEK","",CIR,"","","CHAPEL HILL",NC,27516,43,MALE,CARRBORO,"56TH HOUSE","NORTH CARRBORO","CHAPEL HILL",REPUBLICAN,WHITE,ACTIVE
TANZ,109,"HOGAN GLEN","TANZ, JONATHAN MICHAEL","109 HOGAN GLEN CT","CHAPEL HILL",NC,27516,109,"","HOGAN GLEN","",CT,"","","CHAPEL HILL",NC,27516,40,MALE,CARRBORO,"50TH HOUSE","HOGAN FARMS","CHAPEL HILL",UNAFFILIATED,WHITE,ACTIVE
TANZ,109,"HOGAN GLEN","TANZ, KAREN AMY","109 HOGAN GLEN CT","CHAPEL HILL",NC,27516,109,"","HOGAN GLEN","",CT,"","","CHAPEL HILL",NC,27516,48,FEMALE,CARRBORO,"50TH HOUSE","HOGAN FARMS","CHAPEL HILL",UNAFFILIATED,WHITE,ACTIVE
TAYLOR,108,"GARDEN GATE","TAYLOR, ANDREA BETH","108 GARDEN GATE DR","CHAPEL HILL",NC,27516,108,"","GARDEN GATE","",DR,"","","CHAPEL HILL",NC,27516,46,FEMALE,CARRBORO,"56TH HOUSE","NORTH CARRBORO","CHAPEL HILL",DEMOCRATIC,WHITE,ACTIVE
TAYLOR,216,"TRIPP FARM","TAYLOR, CYNTHIA CHEEK","216 TRIPP FARM RD","CHAPEL HILL",NC,27516,216,"","TRIPP FARM","",RD,"","","CHAPEL HILL",NC,27516,44,FEMALE,CARRBORO,"56TH HOUSE","NORTH CARRBORO","CHAPEL HILL",DEMOCRATIC,WHITE,ACTIVE
TAYLOR,513,"CATES FARM","TAYLOR, GRACE MEYER","513 CATES FARM RD","CHAPEL HILL",NC,27516,513,"","CATES FARM","",RD,"","","CHAPEL HILL",NC,27516,47,FEMALE,CARRBORO,"56TH HOUSE","NORTH CARRBORO","CHAPEL HILL",REPUBLICAN,WHITE,ACTIVE
TAYLOR,216,"TRIPP FARM","TAYLOR, KENNETH RAY JR","216 TRIPP FARM RD","CHAPEL HILL",NC,27516,216,"","TRIPP FARM","",RD,"","","CHAPEL HILL",NC,27516,44,MALE,CARRBORO,"56TH HOUSE","NORTH CARRBORO","CHAPEL HILL",DEMOCRATIC,WHITE,ACTIVE
TAYLOR,106,"HOGAN WOODS","TAYLOR, PHYLISS CRAIG","106 HOGAN WOODS CIR","CHAPEL HILL",NC,27516,106,"","HOGAN WOODS","",CIR,"","","CHAPEL HILL",NC,27516,46,FEMALE,CARRBORO,"50TH HOUSE","HOGAN FARMS","CHAPEL HILL",UNAFFILIATED,"BLACK or AFRICAN AMERICAN",INACTIVE
TAYLOR,513,"CATES FARM","TAYLOR, SAMUEL BRINTON","513 CATES FARM RD","CHAPEL HILL",NC,27516,513,"","CATES FARM","",RD,"","","CHAPEL HILL",NC,27516,48,MALE,CARRBORO,"56TH HOUSE","NORTH CARRBORO","CHAPEL HILL",REPUBLICAN,WHITE,ACTIVE
TEMPLETON,117,STRATFORD,"TEMPLETON, ERNEST DAVID JR","117 STRATFORD DR","CHAPEL HILL",NC,27516,117,"",STRATFORD,"",DR,"","","CHAPEL HILL",NC,27516,44,MALE,CARRBORO,"56TH HOUSE","NORTH CARRBORO","CHAPEL HILL",REPUBLICAN,WHITE,ACTIVE
TEMPLETON,117,STRATFORD,"TEMPLETON, KATHLEEN WINSLOW","117 STRATFORD DR","CHAPEL HILL",NC,27516,117,"",STRATFORD,"",DR,"","","CHAPEL HILL",NC,27516,43,FEMALE,CARRBORO,"56TH HOUSE","NORTH CARRBORO","CHAPEL HILL",DEMOCRATIC,WHITE,ACTIVE
TESTEN,102,"WHISPERING OAK","TESTEN, MARIBETH SHEA","102 WHISPERING OAK CT","CHAPEL HILL",NC,27516,102,"","WHISPERING OAK","",CT,"","","CHAPEL HILL",NC,27516,38,FEMALE,CARRBORO,"50TH HOUSE","HOGAN FARMS","CHAPEL HILL",UNAFFILIATED,WHITE,ACTIVE
TESTEN,102,"WHISPERING OAK","TESTEN, ROBERT PAUL","102 WHISPERING OAK CT","CHAPEL HILL",NC,27516,102,"","WHISPERING OAK","",CT,"","","CHAPEL HILL",NC,27516,43,MALE,CARRBORO,"50TH HOUSE","HOGAN FARMS","CHAPEL HILL",UNAFFILIATED,WHITE,ACTIVE
THOMAS,328,"SUNSET CREEK","THOMAS, CHRISTOPHER ERBEN","328 SUNSET CREEK CIR","CHAPEL HILL",NC,27516,328,"","SUNSET CREEK","",CIR,"","","CHAPEL HILL",NC,27516,41,MALE,CARRBORO,"56TH HOUSE","NORTH CARRBORO","CHAPEL HILL",UNAFFILIATED,WHITE,ACTIVE
THOMAS,328,"SUNSET CREEK","THOMAS, DEBORAH ARCHER","328 SUNSET CREEK CIR","CHAPEL HILL",NC,27516,328,"","SUNSET CREEK","",CIR,"","","CHAPEL HILL",NC,27516,42,FEMALE,CARRBORO,"56TH HOUSE","NORTH CARRBORO","CHAPEL HILL",UNAFFILIATED,WHITE,ACTIVE
THOMAS,2007,WHITMORE,"THOMAS, THERESA SENOUR","2007 WHITMORE CIR","CHAPEL HILL",NC,27516,2007,"",WHITMORE,"",CIR,"","","CHAPEL HILL",NC,27516,51,FEMALE,CARRBORO,"50TH HOUSE","HOGAN FARMS","CHAPEL HILL",REPUBLICAN,WHITE,ACTIVE
THOMASON,211,"CATES FARM","THOMASON, LINDA J","211 CATES FARM RD","CHAPEL HILL",NC,27516,211,"","CATES FARM","",RD,"","","CHAPEL HILL",NC,27516,47,FEMALE,CARRBORO,"56TH HOUSE","NORTH CARRBORO","CHAPEL HILL",REPUBLICAN,WHITE,ACTIVE
THOMASON,211,"CATES FARM","THOMASON, WALTER GEORGE","211 CATES FARM RD","CHAPEL HILL",NC,27516,211,"","CATES FARM","",RD,"","","CHAPEL HILL",NC,27516,47,MALE,CARRBORO,"56TH HOUSE","NORTH CARRBORO","CHAPEL HILL",REPUBLICAN,WHITE,ACTIVE
THOMPSON,203,"FARM HOUSE","THOMPSON, GREGORY DAVID","203 FARM HOUSE DR","CHAPEL HILL",NC,27516,203,"","FARM HOUSE","",DR,"","","CHAPEL HILL",NC,27516,43,MALE,CARRBORO,"56TH HOUSE","NORTH CARRBORO","CHAPEL HILL",REPUBLICAN,UNDESIGNATED,ACTIVE
THOMPSON,203,"FARM HOUSE","THOMPSON, WENDOLYN J","203 FARM HOUSE DR","CHAPEL HILL",NC,27516,203,"","FARM HOUSE","",DR,"","","CHAPEL HILL",NC,27516,43,FEMALE,CARRBORO,"56TH HOUSE","NORTH CARRBORO","CHAPEL HILL",REPUBLICAN,WHITE,ACTIVE
THORNBURG,102,COBBLESTONE,"THORNBURG, BRIAN DEVOE","102 COBBLESTONE PL","CHAPEL HILL",NC,27516,102,"",COBBLESTONE,"",PL,"","","CHAPEL HILL",NC,27516,45,MALE,CARRBORO,"56TH HOUSE","NORTH CARRBORO","CHAPEL HILL",DEMOCRATIC,WHITE,ACTIVE
THORNBURG,102,COBBLESTONE,"THORNBURG, KAREN LISA","102 COBBLESTONE PL","CHAPEL HILL",NC,27516,102,"",COBBLESTONE,"",PL,"","","CHAPEL HILL",NC,27516,44,FEMALE,CARRBORO,"56TH HOUSE","NORTH CARRBORO","CHAPEL HILL",DEMOCRATIC,WHITE,ACTIVE
THROOP,112,STRATFORD,"THROOP, DEAN DARWIN","112 STRATFORD DR","CHAPEL HILL",NC,27516,112,"",STRATFORD,"",DR,"","","CHAPEL HILL",NC,27516,52,MALE,CARRBORO,"56TH HOUSE","NORTH CARRBORO","CHAPEL HILL",DEMOCRATIC,WHITE,ACTIVE
THROOP,112,STRATFORD,"THROOP, SHARON MASSEY","112 STRATFORD DR","CHAPEL HILL",NC,27516,112,"",STRATFORD,"",DR,"","","CHAPEL HILL",NC,27516,52,FEMALE,CARRBORO,"56TH HOUSE","NORTH CARRBORO","CHAPEL HILL",REPUBLICAN,WHITE,ACTIVE
TICE-LEWIS,104,CIRCADIAN,"TICE-LEWIS, SETH DAVID","104 CIRCADIAN WAY","CHAPEL HILL",NC,27516,104,"",CIRCADIAN,"",WAY,"","","CHAPEL HILL",NC,27516,48,MALE,CARRBORO,"56TH HOUSE","NORTH CARRBORO","CHAPEL HILL",DEMOCRATIC,WHITE,ACTIVE
TICE-LEWIS,104,CIRCADIAN,"TICE-LEWIS, SUSAN LEIGH","104 CIRCADIAN WAY","CHAPEL HILL",NC,27516,104,"",CIRCADIAN,"",WAY,"","","CHAPEL HILL",NC,27516,50,FEMALE,CARRBORO,"56TH HOUSE","NORTH CARRBORO","CHAPEL HILL",DEMOCRATIC,WHITE,ACTIVE
TOROK,2102,PATHWAY,"TOROK, BRADLEY ALLAN","2102 PATHWAY DR","CHAPEL HILL",NC,27516,2102,"",PATHWAY,"",DR,"","","CHAPEL HILL",NC,27516,37,MALE,CARRBORO,"56TH HOUSE","NORTH CARRBORO","CHAPEL HILL",DEMOCRATIC,WHITE,ACTIVE
TOROK,2102,PATHWAY,"TOROK, MICHELLE RAE","2102 PATHWAY DR","CHAPEL HILL",NC,27516,2102,"",PATHWAY,"",DR,"","","CHAPEL HILL",NC,27516,36,FEMALE,CARRBORO,"56TH HOUSE","NORTH CARRBORO","CHAPEL HILL",DEMOCRATIC,WHITE,ACTIVE
TOSCANO,104,WRENN,"TOSCANO, JAMES R","104 WRENN PL","CHAPEL HILL",NC,27516,104,"",WRENN,"",PL,"","","CHAPEL HILL",NC,27516,51,MALE,CARRBORO,"56TH HOUSE","NORTH CARRBORO","CHAPEL HILL",UNAFFILIATED,WHITE,ACTIVE
TOSCANO,104,WRENN,"TOSCANO, SHAU-HONG","104 WRENN PL","CHAPEL HILL",NC,27516,104,"",WRENN,"",PL,"","","CHAPEL HILL",NC,27516,51,FEMALE,CARRBORO,"56TH HOUSE","NORTH CARRBORO","CHAPEL HILL",DEMOCRATIC,OTHER,ACTIVE
TSANG,104,"GARDEN GATE","TSANG, JULIA TYLER PERRY","104 GARDEN GATE DR","CHAPEL HILL",NC,27516,104,"","GARDEN GATE","",DR,"","","CHAPEL HILL",NC,27516,46,FEMALE,CARRBORO,"56TH HOUSE","NORTH CARRBORO","CHAPEL HILL",UNAFFILIATED,WHITE,ACTIVE
TSANG,104,"GARDEN GATE","TSANG, WILLIAM X","104 GARDEN GATE DR","CHAPEL HILL",NC,27516,104,"","GARDEN GATE","",DR,"","","CHAPEL HILL",NC,27516,42,MALE,CARRBORO,"56TH HOUSE","NORTH CARRBORO","CHAPEL HILL",UNAFFILIATED,OTHER,ACTIVE
TUCKER,1109,TALLYHO,"TUCKER, DARRELL EDDY","1109 TALLYHO TRL","CHAPEL HILL",NC,27516,1109,"",TALLYHO,"",TRL,"","","CHAPEL HILL",NC,27516,49,MALE,CARRBORO,"50TH HOUSE","HOGAN FARMS","CHAPEL HILL",DEMOCRATIC,WHITE,ACTIVE
TUCKER,1109,TALLYHO,"TUCKER, JERRY WAYNE","1109 TALLYHO TRL","CHAPEL HILL",NC,27516,1109,"",TALLYHO,"",TRL,"","","CHAPEL HILL",NC,27516,55,MALE,CARRBORO,"50TH HOUSE","HOGAN FARMS","CHAPEL HILL",UNAFFILIATED,WHITE,INACTIVE
TUCKER,1109,TALLYHO,"TUCKER, PEGGY JEAN","1109 TALLYHO TRL","CHAPEL HILL",NC,27516,1109,"",TALLYHO,"",TRL,"","","CHAPEL HILL",NC,27516,48,FEMALE,CARRBORO,"50TH HOUSE","HOGAN FARMS","CHAPEL HILL",REPUBLICAN,WHITE,ACTIVE
TULOWIECKI,1503,TALLYHO,"TULOWIECKI, JANET B","1503 TALLYHO TRL","CHAPEL HILL",NC,27516,1503,"",TALLYHO,"",TRL,"","","CHAPEL HILL",NC,27516,50,FEMALE,CARRBORO,"50TH HOUSE","HOGAN FARMS","CHAPEL HILL",DEMOCRATIC,WHITE,ACTIVE
TYNAN,110,"BUCK TAYLOR","TYNAN, MAUREEN T","110 BUCK TAYLOR TRL","CHAPEL HILL",NC,27516,110,"","BUCK TAYLOR","",TRL,"","","CHAPEL HILL",NC,27516,52,FEMALE,CARRBORO,"56TH HOUSE","NORTH CARRBORO","CHAPEL HILL",DEMOCRATIC,WHITE,ACTIVE
VAIDYANATHAN,103,WRENN,"VAIDYANATHAN, GANESAN","103 WRENN PL","CHAPEL HILL",NC,27516,103,"",WRENN,"",PL,"","","CHAPEL HILL",NC,27516,54,MALE,CARRBORO,"56TH HOUSE","NORTH CARRBORO","CHAPEL HILL",DEMOCRATIC,OTHER,ACTIVE
VAIDYANATHAN,103,WRENN,"VAIDYANATHAN, GEETHA","103 WRENN PL","CHAPEL HILL",NC,27516,103,"",WRENN,"",PL,"","","CHAPEL HILL",NC,27516,46,FEMALE,CARRBORO,"56TH HOUSE","NORTH CARRBORO","CHAPEL HILL",DEMOCRATIC,OTHER,ACTIVE
"VAN AALST",114,"HOGAN WOODS","VAN AALST, CYNTHIA JEAN","114 HOGAN WOODS CIR","CHAPEL HILL",NC,27516,114,"","HOGAN WOODS","",CIR,"","","CHAPEL HILL",NC,27516,49,FEMALE,CARRBORO,"50TH HOUSE","HOGAN FARMS","CHAPEL HILL",UNAFFILIATED,WHITE,ACTIVE
"VAN AALST",114,"HOGAN WOODS","VAN AALST, JOHN ANANDA","114 HOGAN WOODS CIR","CHAPEL HILL",NC,27516,114,"","HOGAN WOODS","",CIR,"","","CHAPEL HILL",NC,27516,45,MALE,CARRBORO,"50TH HOUSE","HOGAN FARMS","CHAPEL HILL",UNAFFILIATED,WHITE,ACTIVE
"VAN ROY",314,"HOGAN WOODS","VAN ROY, CRAIG RONALD","314 HOGAN WOODS CIR","CHAPEL HILL",NC,27516,314,"","HOGAN WOODS","",CIR,"","","CHAPEL HILL",NC,27516,37,MALE,CARRBORO,"50TH HOUSE","HOGAN FARMS","CHAPEL HILL",UNAFFILIATED,WHITE,ACTIVE
"VAN ROY",314,"HOGAN WOODS","VAN ROY, MARY ELIZABETH HAYES","314 HOGAN WOODS CIR","CHAPEL HILL",NC,27516,314,"","HOGAN WOODS","",CIR,"","","CHAPEL HILL",NC,27516,43,FEMALE,CARRBORO,"50TH HOUSE","HOGAN FARMS","CHAPEL HILL",DEMOCRATIC,WHITE,ACTIVE
VANCA,6000,"MEADOW RUN","VANCA, VERONICA Y","6000 MEADOW RUN CT","CHAPEL HILL",NC,27516,6000,"","MEADOW RUN","",CT,"","","CHAPEL HILL",NC,27516,51,FEMALE,CARRBORO,"50TH HOUSE","HOGAN FARMS","CHAPEL HILL",UNAFFILIATED,OTHER,ACTIVE
VANCA,6000,"MEADOW RUN","VANCA, WILLIAM J","6000 MEADOW RUN CT","CHAPEL HILL",NC,27516,6000,"","MEADOW RUN","",CT,"","","CHAPEL HILL",NC,27516,51,MALE,CARRBORO,"50TH HOUSE","HOGAN FARMS","CHAPEL HILL",REPUBLICAN,WHITE,ACTIVE
VANDERFORD,129,COBBLESTONE,"VANDERFORD, DEBORAH A","129 COBBLESTONE DR","CHAPEL HILL",NC,27516,129,"",COBBLESTONE,"",DR,"","","CHAPEL HILL",NC,27516,47,FEMALE,CARRBORO,"56TH HOUSE","NORTH CARRBORO","CHAPEL HILL",DEMOCRATIC,WHITE,ACTIVE
VANDERFORD,129,COBBLESTONE,"VANDERFORD, JOSEPH B","129 COBBLESTONE DR","CHAPEL HILL",NC,27516,129,"",COBBLESTONE,"",DR,"","","CHAPEL HILL",NC,27516,52,MALE,CARRBORO,"56TH HOUSE","NORTH CARRBORO","CHAPEL HILL",DEMOCRATIC,WHITE,ACTIVE
VANDERWOUDE,101,"HOGAN GLEN","VANDERWOUDE, PHILIP G","101 HOGAN GLEN CT","CHAPEL HILL",NC,27516,101,"","HOGAN GLEN","",CT,"","","CHAPEL HILL",NC,27516,39,MALE,CARRBORO,"50TH HOUSE","HOGAN FARMS","CHAPEL HILL",REPUBLICAN,WHITE,ACTIVE
VANDERWOUDE,101,"HOGAN GLEN","VANDERWOUDE, REBECCA L","101 HOGAN GLEN CT","CHAPEL HILL",NC,27516,101,"","HOGAN GLEN","",CT,"","","CHAPEL HILL",NC,27516,39,FEMALE,CARRBORO,"50TH HOUSE","HOGAN FARMS","CHAPEL HILL",REPUBLICAN,WHITE,ACTIVE
VAUGHN,119,WINSOME,"VAUGHN, BRADLEY VANCE","119 WINSOME LN","CHAPEL HILL",NC,27516,119,"",WINSOME,"",LN,"","","CHAPEL HILL",NC,27516,46,MALE,CARRBORO,"56TH HOUSE",CARRBORO,"CHAPEL HILL",DEMOCRATIC,WHITE,ACTIVE
VAUGHN,119,WINSOME,"VAUGHN, KAREN LEE","119 WINSOME LN","CHAPEL HILL",NC,27516,119,"",WINSOME,"",LN,"","","CHAPEL HILL",NC,27516,46,FEMALE,CARRBORO,"56TH HOUSE",CARRBORO,"CHAPEL HILL",DEMOCRATIC,WHITE,ACTIVE
VICKERS,151,"SOUTH FIELDS","VICKERS, ANDREW PAUL","151 SOUTH FIELDS CIR","CHAPEL HILL",NC,27516,151,"","SOUTH FIELDS","",CIR,"","","CHAPEL HILL",NC,27516,36,MALE,CARRBORO,"50TH HOUSE","HOGAN FARMS","CHAPEL HILL",UNAFFILIATED,WHITE,ACTIVE
VINEGAR,8415,INVERNESS,"VINEGAR, RICHARD J","8415 INVERNESS WAY","CHAPEL HILL",NC,27516,8415,"",INVERNESS,"",WAY,"","","CHAPEL HILL",NC,27516,53,MALE,CARRBORO,"50TH HOUSE","HOGAN FARMS","CHAPEL HILL",DEMOCRATIC,WHITE,ACTIVE
VONALLMEN,206,WYNDHAM,"VONALLMEN, DANIEL","206 WYNDHAM DR","CHAPEL HILL",NC,27516,206,"",WYNDHAM,"",DR,"","","CHAPEL HILL",NC,27516,49,MALE,CARRBORO,"56TH HOUSE","NORTH CARRBORO","CHAPEL HILL",REPUBLICAN,WHITE,ACTIVE
VONALLMEN,206,WYNDHAM,"VONALLMEN, EMILY ANTOINETTE","206 WYNDHAM DR","CHAPEL HILL",NC,27516,206,"",WYNDHAM,"",DR,"","","CHAPEL HILL",NC,27516,48,FEMALE,CARRBORO,"56TH HOUSE","NORTH CARRBORO","CHAPEL HILL",REPUBLICAN,WHITE,ACTIVE
VOYCE,8401,"STERLING BRIDGE","VOYCE, BRIAN DAVID","8401 STERLING BRIDGE RD","CHAPEL HILL",NC,27516,8401,"","STERLING BRIDGE","",RD,"","","CHAPEL HILL",NC,27516,53,MALE,CARRBORO,"50TH HOUSE","HOGAN FARMS","CHAPEL HILL",UNAFFILIATED,WHITE,ACTIVE
VOYCE,8401,"STERLING BRIDGE","VOYCE, MARGARET BOLLINGER","8401 STERLING BRIDGE RD","CHAPEL HILL",NC,27516,8401,"","STERLING BRIDGE","",RD,"","","CHAPEL HILL",NC,27516,50,FEMALE,CARRBORO,"50TH HOUSE","HOGAN FARMS","CHAPEL HILL",UNAFFILIATED,WHITE,ACTIVE
WALDEN,106,DOWNING,"WALDEN, MICHAEL","106 DOWNING CT","CHAPEL HILL",NC,27516,106,"",DOWNING,"",CT,"","","CHAPEL HILL",NC,27516,47,MALE,CARRBORO,"56TH HOUSE","NORTH CARRBORO","CHAPEL HILL",REPUBLICAN,WHITE,ACTIVE
WALDEN,106,DOWNING,"WALDEN, NANCY LILLARD","106 DOWNING CT","CHAPEL HILL",NC,27516,106,"",DOWNING,"",CT,"","","CHAPEL HILL",NC,27516,45,FEMALE,CARRBORO,"56TH HOUSE","NORTH CARRBORO","CHAPEL HILL",REPUBLICAN,WHITE,ACTIVE
WALKER,116,"JONES CREEK","WALKER, JOHN MERTON","116 JONES CREEK PL","CHAPEL HILL",NC,27516,116,"","JONES CREEK","",PL,"","","CHAPEL HILL",NC,27516,50,MALE,CARRBORO,"50TH HOUSE","HOGAN FARMS","CHAPEL HILL",REPUBLICAN,WHITE,ACTIVE
WALKER,116,"JONES CREEK","WALKER, MICHAELA HOLDER","116 JONES CREEK PL","CHAPEL HILL",NC,27516,116,"","JONES CREEK","",PL,"","","CHAPEL HILL",NC,27516,46,FEMALE,CARRBORO,"50TH HOUSE","HOGAN FARMS","CHAPEL HILL",DEMOCRATIC,WHITE,ACTIVE
WALL,108,"BAY VIEW","WALL, MARY ELIZABETH","108 BAY VIEW DR","CHAPEL HILL",NC,27516,108,"","BAY VIEW","",DR,"","","CHAPEL HILL",NC,27516,40,FEMALE,CARRBORO,"50TH HOUSE","HOGAN FARMS","CHAPEL HILL",UNAFFILIATED,WHITE,ACTIVE
WALL,108,"BAY VIEW","WALL, THOMAS BURKE","108 BAY VIEW DR","CHAPEL HILL",NC,27516,108,"","BAY VIEW","",DR,"","","CHAPEL HILL",NC,27516,47,MALE,CARRBORO,"50TH HOUSE","HOGAN FARMS","CHAPEL HILL",UNAFFILIATED,WHITE,ACTIVE
WALLACE,100,"SHADOW RIDGE","WALLACE, BARBARA ANN","100 SHADOW RIDGE PL","CHAPEL HILL",NC,27516,100,"","SHADOW RIDGE","",PL,"","","CHAPEL HILL",NC,27516,46,FEMALE,CARRBORO,"50TH HOUSE","HOGAN FARMS","CHAPEL HILL",DEMOCRATIC,WHITE,ACTIVE
WALLACE,100,"SHADOW RIDGE","WALLACE, MICHAEL JOHN","100 SHADOW RIDGE PL","CHAPEL HILL",NC,27516,100,"","SHADOW RIDGE","",PL,"","","CHAPEL HILL",NC,27516,47,MALE,CARRBORO,"50TH HOUSE","HOGAN FARMS","CHAPEL HILL",REPUBLICAN,WHITE,ACTIVE
WALTON,101,DAIRY,"WALTON, JEFFREY TODD","101 DAIRY CT","CHAPEL HILL",NC,27516,101,"",DAIRY,"",CT,"","","CHAPEL HILL",NC,27516,42,MALE,CARRBORO,"50TH HOUSE","HOGAN FARMS","CHAPEL HILL",UNAFFILIATED,WHITE,ACTIVE
WALTON,103,COBBLESTONE,"WALTON, JOHN WINTHROP","103 COBBLESTONE DR","CHAPEL HILL",NC,27516,103,"",COBBLESTONE,"",DR,"","","CHAPEL HILL",NC,27516,49,MALE,CARRBORO,"56TH HOUSE","NORTH CARRBORO","CHAPEL HILL",DEMOCRATIC,WHITE,ACTIVE
WALTON,103,COBBLESTONE,"WALTON, SANDRA KAY","103 COBBLESTONE DR","CHAPEL HILL",NC,27516,103,"",COBBLESTONE,"",DR,"","","CHAPEL HILL",NC,27516,44,FEMALE,CARRBORO,"56TH HOUSE","NORTH CARRBORO","CHAPEL HILL",DEMOCRATIC,WHITE,ACTIVE
WALTON,101,DAIRY,"WALTON, SUSAN WALTER","101 DAIRY CT","CHAPEL HILL",NC,27516,101,"",DAIRY,"",CT,"","","CHAPEL HILL",NC,27516,42,FEMALE,CARRBORO,"50TH HOUSE","HOGAN FARMS","CHAPEL HILL",UNAFFILIATED,WHITE,ACTIVE
WANDER,115,"HOGAN WOODS","WANDER, ANNE CAROL","115 HOGAN WOODS CIR","CHAPEL HILL",NC,27516,115,"","HOGAN WOODS","",CIR,"","","CHAPEL HILL",NC,27516,46,FEMALE,CARRBORO,"50TH HOUSE","HOGAN FARMS","CHAPEL HILL",DEMOCRATIC,WHITE,ACTIVE
WANDER,115,"HOGAN WOODS","WANDER, JOSEPH MARTIN","115 HOGAN WOODS CIR","CHAPEL HILL",NC,27516,115,"","HOGAN WOODS","",CIR,"","","CHAPEL HILL",NC,27516,47,MALE,CARRBORO,"50TH HOUSE","HOGAN FARMS","CHAPEL HILL",UNAFFILIATED,WHITE,ACTIVE
WARNER,1006,CAMDEN,"WARNER, DAVID SAMUEL","1006 CAMDEN LN","CHAPEL HILL",NC,27516,1006,"",CAMDEN,"",LN,"","","CHAPEL HILL",NC,27516,53,MALE,CARRBORO,"50TH HOUSE","HOGAN FARMS","CHAPEL HILL",UNAFFILIATED,WHITE,ACTIVE
WARNER,1006,CAMDEN,"WARNER, ROSANNE THERESA","1006 CAMDEN LN","CHAPEL HILL",NC,27516,1006,"",CAMDEN,"",LN,"","","CHAPEL HILL",NC,27516,51,FEMALE,CARRBORO,"50TH HOUSE","HOGAN FARMS","CHAPEL HILL",REPUBLICAN,WHITE,ACTIVE
WARSHANY,207,STRATFORD,"WARSHANY, ROBERT WILLIAM","207 STRATFORD DR","CHAPEL HILL",NC,27516,207,"",STRATFORD,"",DR,"","","CHAPEL HILL",NC,27516,52,MALE,CARRBORO,"56TH HOUSE","NORTH CARRBORO","CHAPEL HILL",REPUBLICAN,WHITE,ACTIVE
WARSHANY,207,STRATFORD,"WARSHANY, SHARON","207 STRATFORD DR","CHAPEL HILL",NC,27516,207,"",STRATFORD,"",DR,"","","CHAPEL HILL",NC,27516,50,FEMALE,CARRBORO,"56TH HOUSE","NORTH CARRBORO","CHAPEL HILL",UNAFFILIATED,WHITE,ACTIVE
WATERS,107,"SHADOW RIDGE","WATERS, JAMES CREAL","107 SHADOW RIDGE PL","CHAPEL HILL",NC,27516,107,"","SHADOW RIDGE","",PL,"","","CHAPEL HILL",NC,27516,53,MALE,CARRBORO,"50TH HOUSE","HOGAN FARMS","CHAPEL HILL",DEMOCRATIC,WHITE,ACTIVE
WATERS,107,"SHADOW RIDGE","WATERS, LINDSAY SCOTT","107 SHADOW RIDGE PL","CHAPEL HILL",NC,27516,107,"","SHADOW RIDGE","",PL,"","","CHAPEL HILL",NC,27516,53,FEMALE,CARRBORO,"50TH HOUSE","HOGAN FARMS","CHAPEL HILL",DEMOCRATIC,WHITE,ACTIVE
WATSON,2207,PATHWAY,"WATSON, CARMEN STAMBUK","2207 PATHWAY DR","CHAPEL HILL",NC,27516,2207,"",PATHWAY,"",DR,"","","CHAPEL HILL",NC,27516,49,FEMALE,CARRBORO,"56TH HOUSE","NORTH CARRBORO","CHAPEL HILL",UNAFFILIATED,WHITE,ACTIVE
WATSON,201,BRUTON,"WATSON, DEBORAH KAY","201 BRUTON DR","CHAPEL HILL",NC,27516,201,"",BRUTON,"",DR,"","","CHAPEL HILL",NC,27516,53,FEMALE,CARRBORO,"56TH HOUSE","NORTH CARRBORO","CHAPEL HILL",UNAFFILIATED,WHITE,ACTIVE
WATSON,103,"WHISPERING OAK","WATSON, JAY ALAN","103 WHISPERING OAK CT","CHAPEL HILL",NC,27516,103,"","WHISPERING OAK","",CT,"","","CHAPEL HILL",NC,27516,48,MALE,CARRBORO,"50TH HOUSE","HOGAN FARMS","CHAPEL HILL",REPUBLICAN,WHITE,ACTIVE
WATSON,103,"WHISPERING OAK","WATSON, LINDA SUE","103 WHISPERING OAK CT","CHAPEL HILL",NC,27516,103,"","WHISPERING OAK","",CT,"","","CHAPEL HILL",NC,27516,50,FEMALE,CARRBORO,"50TH HOUSE","HOGAN FARMS","CHAPEL HILL",DEMOCRATIC,WHITE,ACTIVE
WATSON,2207,PATHWAY,"WATSON, WILLIAM PAUL","2207 PATHWAY DR","CHAPEL HILL",NC,27516,2207,"",PATHWAY,"",DR,"","","CHAPEL HILL",NC,27516,49,MALE,CARRBORO,"56TH HOUSE","NORTH CARRBORO","CHAPEL HILL",DEMOCRATIC,UNDESIGNATED,ACTIVE
WAUGH,6005,"MEADOW RUN","WAUGH, DANIEL R","6005 MEADOW RUN CT","CHAPEL HILL",NC,27516,6005,"","MEADOW RUN","",CT,"","","CHAPEL HILL",NC,27516,39,MALE,CARRBORO,"50TH HOUSE","HOGAN FARMS","CHAPEL HILL",UNAFFILIATED,WHITE,ACTIVE
WAUGH,6005,"MEADOW RUN","WAUGH, VICTORIA ANNE","6005 MEADOW RUN CT","CHAPEL HILL",NC,27516,6005,"","MEADOW RUN","",CT,"","","CHAPEL HILL",NC,27516,36,FEMALE,CARRBORO,"50TH HOUSE","HOGAN FARMS","CHAPEL HILL",DEMOCRATIC,WHITE,ACTIVE
WAYNE,106,"COMMONS WAY","WAYNE, GLEN ALAN","106 COMMONS WAY DR","CHAPEL HILL",NC,27516,106,"","COMMONS WAY","",DR,"","","CHAPEL HILL",NC,27516,40,MALE,CARRBORO,"50TH HOUSE","HOGAN FARMS","CHAPEL HILL",REPUBLICAN,WHITE,ACTIVE
WAYNE,106,"COMMONS WAY","WAYNE, KELLY E","106 COMMONS WAY DR","CHAPEL HILL",NC,27516,106,"","COMMONS WAY","",DR,"","","CHAPEL HILL",NC,27516,44,FEMALE,CARRBORO,"50TH HOUSE","HOGAN FARMS","CHAPEL HILL",DEMOCRATIC,WHITE,ACTIVE
WEAVER,113,"GARDEN GATE","WEAVER, LAURA ANN","113 GARDEN GATE DR","CHAPEL HILL",NC,27516,113,"","GARDEN GATE","",DR,"","","CHAPEL HILL",NC,27516,44,FEMALE,CARRBORO,"56TH HOUSE","NORTH CARRBORO","CHAPEL HILL",REPUBLICAN,WHITE,ACTIVE
WEAVER,113,"GARDEN GATE","WEAVER, PAUL JOSEPH","113 GARDEN GATE DR","CHAPEL HILL",NC,27516,113,"","GARDEN GATE","",DR,"","","CHAPEL HILL",NC,27516,44,MALE,CARRBORO,"56TH HOUSE","NORTH CARRBORO","CHAPEL HILL",REPUBLICAN,WHITE,ACTIVE
WEBB,1222,HILLSBOROUGH,"WEBB, ALEXANDER GRADY III","1222 HILLSBOROUGH RD","CHAPEL HILL",NC,27516,1222,"",HILLSBOROUGH,"",RD,"","","CHAPEL HILL",NC,27516,54,MALE,CARRBORO,"56TH HOUSE","NORTH CARRBORO","CHAPEL HILL",UNAFFILIATED,WHITE,ACTIVE
WEBB,1222,HILLSBOROUGH,"WEBB, CAROLYN RITTENBURY","1222 HILLSBOROUGH RD","CHAPEL HILL",NC,27516,1222,"",HILLSBOROUGH,"",RD,"","","CHAPEL HILL",NC,27516,55,FEMALE,CARRBORO,"56TH HOUSE","NORTH CARRBORO","CHAPEL HILL",DEMOCRATIC,WHITE,ACTIVE
WEBER,114,"SHADOW RIDGE","WEBER, HANS","114 SHADOW RIDGE PL","CHAPEL HILL",NC,27516,114,"","SHADOW RIDGE","",PL,"","","CHAPEL HILL",NC,27516,37,MALE,CARRBORO,"50TH HOUSE","HOGAN FARMS","CHAPEL HILL",UNAFFILIATED,WHITE,ACTIVE
WEBER,114,"SHADOW RIDGE","WEBER, KATHERINE ELLEN","114 SHADOW RIDGE PL","CHAPEL HILL",NC,27516,114,"","SHADOW RIDGE","",PL,"","","CHAPEL HILL",NC,27516,37,FEMALE,CARRBORO,"50TH HOUSE","HOGAN FARMS","CHAPEL HILL",DEMOCRATIC,WHITE,ACTIVE
WEBER,8317,"LOCH LAVEN","WEBER, PAMELA ROSE","8317 LOCH LAVEN LN","CHAPEL HILL",NC,27516,8317,"","LOCH LAVEN","",LN,"","","CHAPEL HILL",NC,27516,55,FEMALE,CARRBORO,"50TH HOUSE","HOGAN FARMS","CHAPEL HILL",REPUBLICAN,WHITE,ACTIVE
WEGNER,104,COBBLESTONE,"WEGNER, LENA SARA","104 COBBLESTONE PL","CHAPEL HILL",NC,27516,104,"",COBBLESTONE,"",PL,"","","CHAPEL HILL",NC,27516,37,FEMALE,CARRBORO,"56TH HOUSE","NORTH CARRBORO","CHAPEL HILL",DEMOCRATIC,WHITE,ACTIVE
WEGNER,104,COBBLESTONE,"WEGNER, SCOTT RICHARD","104 COBBLESTONE PL","CHAPEL HILL",NC,27516,104,"",COBBLESTONE,"",PL,"","","CHAPEL HILL",NC,27516,42,MALE,CARRBORO,"56TH HOUSE","NORTH CARRBORO","CHAPEL HILL",DEMOCRATIC,WHITE,ACTIVE
WENDEL,100,SUDBURY,"WENDEL, CHERYL L","100 SUDBURY LN","CHAPEL HILL",NC,27516,100,"",SUDBURY,"",LN,"","","CHAPEL HILL",NC,27516,44,FEMALE,CARRBORO,"56TH HOUSE","NORTH CARRBORO","CHAPEL HILL",DEMOCRATIC,WHITE,ACTIVE
WENDEL,100,SUDBURY,"WENDEL, DEAN C","100 SUDBURY LN","CHAPEL HILL",NC,27516,100,"",SUDBURY,"",LN,"","","CHAPEL HILL",NC,27516,46,MALE,CARRBORO,"56TH HOUSE","NORTH CARRBORO","CHAPEL HILL",REPUBLICAN,WHITE,ACTIVE
WERK,8107,HOUND,"WERK, LYNN GIBBS","8107 N HOUND CT","CHAPEL HILL",NC,27516,8107,N,HOUND,"",CT,"","","CHAPEL HILL",NC,27516,47,FEMALE,CARRBORO,"50TH HOUSE","HOGAN FARMS","CHAPEL HILL",REPUBLICAN,WHITE,ACTIVE
WERK,8107,HOUND,"WERK, STEPHEN RODGERS","8107 N HOUND CT","CHAPEL HILL",NC,27516,8107,N,HOUND,"",CT,"","","CHAPEL HILL",NC,27516,49,MALE,CARRBORO,"50TH HOUSE","HOGAN FARMS","CHAPEL HILL",REPUBLICAN,WHITE,ACTIVE
WEST,1008,STAFFIELD,"WEST, DIRK DELMONT","1008 STAFFIELD LN","CHAPEL HILL",NC,27516,1008,"",STAFFIELD,"",LN,"","","CHAPEL HILL",NC,27516,53,MALE,CARRBORO,"50TH HOUSE","HOGAN FARMS","CHAPEL HILL",UNAFFILIATED,WHITE,ACTIVE
WEST,1008,STAFFIELD,"WEST, SALLIE ZARTMAN","1008 STAFFIELD LN","CHAPEL HILL",NC,27516,1008,"",STAFFIELD,"",LN,"","","CHAPEL HILL",NC,27516,52,FEMALE,CARRBORO,"50TH HOUSE","HOGAN FARMS","CHAPEL HILL",UNAFFILIATED,WHITE,ACTIVE
WESTLAND,103,"COMMONS WAY","WESTLAND, HELEN S","103 COMMONS WAY DR","CHAPEL HILL",NC,27516,103,"","COMMONS WAY","",DR,"","","CHAPEL HILL",NC,27516,46,FEMALE,CARRBORO,"50TH HOUSE","HOGAN FARMS","CHAPEL HILL",DEMOCRATIC,WHITE,ACTIVE
WESTLAND,103,"COMMONS WAY","WESTLAND, WILLIAM STUART","103 COMMONS WAY DR","CHAPEL HILL",NC,27516,103,"","COMMONS WAY","",DR,"","","CHAPEL HILL",NC,27516,47,MALE,CARRBORO,"50TH HOUSE","HOGAN FARMS","CHAPEL HILL",DEMOCRATIC,WHITE,ACTIVE
WESTOVER,110,SUFFOLK,"WESTOVER, LEE ALAN","110 SUFFOLK PL","CHAPEL HILL",NC,27516,110,"",SUFFOLK,"",PL,"","","CHAPEL HILL",NC,27516,46,MALE,CARRBORO,"56TH HOUSE","NORTH CARRBORO","CHAPEL HILL",UNAFFILIATED,WHITE,ACTIVE
WESTOVER,110,SUFFOLK,"WESTOVER, REBEKAH C","110 SUFFOLK PL","CHAPEL HILL",NC,27516,110,"",SUFFOLK,"",PL,"","","CHAPEL HILL",NC,27516,48,FEMALE,CARRBORO,"56TH HOUSE","NORTH CARRBORO","CHAPEL HILL",DEMOCRATIC,WHITE,ACTIVE
WHITE,300,"TRIPP FARM","WHITE, CAROLYN HERVEY","300 TRIPP FARM RD","CHAPEL HILL",NC,27516,300,"","TRIPP FARM","",RD,"","","CHAPEL HILL",NC,27516,53,FEMALE,CARRBORO,"56TH HOUSE","NORTH CARRBORO","CHAPEL HILL",DEMOCRATIC,WHITE,ACTIVE
WHITE,106,DAIRY,"WHITE, CHARLOTTE KIRCHGESSNER","106 DAIRY CT","CHAPEL HILL",NC,27516,106,"",DAIRY,"",CT,"","","CHAPEL HILL",NC,27516,41,FEMALE,CARRBORO,"50TH HOUSE","HOGAN FARMS","CHAPEL HILL",DEMOCRATIC,WHITE,ACTIVE
WHITE,106,DAIRY,"WHITE, ERIC WILSON","106 DAIRY CT","CHAPEL HILL",NC,27516,106,"",DAIRY,"",CT,"","","CHAPEL HILL",NC,27516,41,MALE,CARRBORO,"50TH HOUSE","HOGAN FARMS","CHAPEL HILL",UNAFFILIATED,WHITE,ACTIVE
WHITEHEAD,210,"LAKE MANOR","WHITEHEAD, DAVID CHARLES","210 LAKE MANOR RD","CHAPEL HILL",NC,27516,210,"","LAKE MANOR","",RD,"","","CHAPEL HILL",NC,27516,38,MALE,CARRBORO,"50TH HOUSE","HOGAN FARMS","CHAPEL HILL",UNAFFILIATED,WHITE,ACTIVE
WHITEHEAD,210,"LAKE MANOR","WHITEHEAD, SHERI KINCH","210 LAKE MANOR RD","CHAPEL HILL",NC,27516,210,"","LAKE MANOR","",RD,"","","CHAPEL HILL",NC,27516,47,FEMALE,CARRBORO,"50TH HOUSE","HOGAN FARMS","CHAPEL HILL",DEMOCRATIC,ASIAN,ACTIVE
WHITFORD,315,"SUNSET CREEK","WHITFORD, JUDITH WAYLETT","315 SUNSET CREEK CIR","CHAPEL HILL",NC,27516,315,"","SUNSET CREEK","",CIR,"","","CHAPEL HILL",NC,27516,43,FEMALE,CARRBORO,"56TH HOUSE","NORTH CARRBORO","CHAPEL HILL",DEMOCRATIC,WHITE,ACTIVE
WHITFORD,315,"SUNSET CREEK","WHITFORD, WILLIAM THOMAS","315 SUNSET CREEK CIR","CHAPEL HILL",NC,27516,315,"","SUNSET CREEK","",CIR,"","","CHAPEL HILL",NC,27516,48,MALE,CARRBORO,"56TH HOUSE","NORTH CARRBORO","CHAPEL HILL",REPUBLICAN,WHITE,ACTIVE
WHITNEY,201,"HOGAN WOODS","WHITNEY, KIMBERLY DAWN JONES","201 HOGAN WOODS CIR","CHAPEL HILL",NC,27516,201,"","HOGAN WOODS","",CIR,"","","CHAPEL HILL",NC,27516,44,FEMALE,CARRBORO,"50TH HOUSE","HOGAN FARMS","CHAPEL HILL",UNAFFILIATED,WHITE,ACTIVE
WHITNEY,201,"HOGAN WOODS","WHITNEY, LEE FRANKLIN","201 HOGAN WOODS CIR","CHAPEL HILL",NC,27516,201,"","HOGAN WOODS","",CIR,"","","CHAPEL HILL",NC,27516,46,MALE,CARRBORO,"50TH HOUSE","HOGAN FARMS","CHAPEL HILL",DEMOCRATIC,WHITE,ACTIVE
WILKE,201,"COMMONS WAY","WILKE, LEE GRAVATT","201 COMMONS WAY DR","CHAPEL HILL",NC,27516,201,"","COMMONS WAY","",DR,"","","CHAPEL HILL",NC,27516,39,FEMALE,CARRBORO,"50TH HOUSE","HOGAN FARMS","CHAPEL HILL",REPUBLICAN,WHITE,ACTIVE
WILKE,201,"COMMONS WAY","WILKE, NATHAN P","201 COMMONS WAY DR","CHAPEL HILL",NC,27516,201,"","COMMONS WAY","",DR,"","","CHAPEL HILL",NC,27516,45,MALE,CARRBORO,"50TH HOUSE","HOGAN FARMS","CHAPEL HILL",REPUBLICAN,WHITE,ACTIVE
WILLIAMS,8406,INVERNESS,"WILLIAMS, ARTHUR SCOTT","8406 INVERNESS WAY","CHAPEL HILL",NC,27516,8406,"",INVERNESS,"",WAY,"","","CHAPEL HILL",NC,27516,44,MALE,CARRBORO,"50TH HOUSE","HOGAN FARMS","CHAPEL HILL",UNAFFILIATED,WHITE,ACTIVE
WILLIAMS,102,"HOGAN GLEN","WILLIAMS, CAROL LYNN","102 HOGAN GLEN CT","CHAPEL HILL",NC,27516,102,"","HOGAN GLEN","",CT,"","","CHAPEL HILL",NC,27516,40,FEMALE,CARRBORO,"50TH HOUSE","HOGAN FARMS","CHAPEL HILL",UNAFFILIATED,WHITE,ACTIVE
WILLIAMS,101,"HOGAN RIDGE","WILLIAMS, DAVID","101 HOGAN RIDGE CT","CHAPEL HILL",NC,27516,101,"","HOGAN RIDGE","",CT,"","","CHAPEL HILL",NC,27516,45,MALE,CARRBORO,"50TH HOUSE","HOGAN FARMS","CHAPEL HILL",REPUBLICAN,WHITE,INACTIVE
WILLIAMS,109,ELLSWORTH,"WILLIAMS, GEORGE WAY II","109 ELLSWORTH PL","CHAPEL HILL",NC,27516,109,"",ELLSWORTH,"",PL,"","","CHAPEL HILL",NC,27516,52,MALE,CARRBORO,"56TH HOUSE","NORTH CARRBORO","CHAPEL HILL",REPUBLICAN,WHITE,ACTIVE
WILLIAMS,407,TRAMORE,"WILLIAMS, JAMES LEE","407 TRAMORE DR","CHAPEL HILL",NC,27516,407,"",TRAMORE,"",DR,"","","CHAPEL HILL",NC,27516,50,MALE,CARRBORO,"56TH HOUSE","NORTH CARRBORO","CHAPEL HILL",UNAFFILIATED,WHITE,ACTIVE
WILLIAMS,8406,INVERNESS,"WILLIAMS, JENNELLE S","8406 INVERNESS WAY","CHAPEL HILL",NC,27516,8406,"",INVERNESS,"",WAY,"","","CHAPEL HILL",NC,27516,44,FEMALE,CARRBORO,"50TH HOUSE","HOGAN FARMS","CHAPEL HILL",UNAFFILIATED,WHITE,ACTIVE
WILLIAMS,102,"HOGAN GLEN","WILLIAMS, JON DAVID","102 HOGAN GLEN CT","CHAPEL HILL",NC,27516,102,"","HOGAN GLEN","",CT,"","","CHAPEL HILL",NC,27516,40,MALE,CARRBORO,"50TH HOUSE","HOGAN FARMS","CHAPEL HILL",UNAFFILIATED,WHITE,ACTIVE
WILLIAMS,8326,BURNS,"WILLIAMS, KEVIN PETER","8326 BURNS PL","CHAPEL HILL",NC,27516,8326,"",BURNS,"",PL,"","","CHAPEL HILL",NC,27516,45,MALE,CARRBORO,"50TH HOUSE","HOGAN FARMS","CHAPEL HILL",UNAFFILIATED,WHITE,ACTIVE
WILLIAMS,407,TRAMORE,"WILLIAMS, KIM EDMISTON","407 TRAMORE DR","CHAPEL HILL",NC,27516,407,"",TRAMORE,"",DR,"","","CHAPEL HILL",NC,27516,49,FEMALE,CARRBORO,"56TH HOUSE","NORTH CARRBORO","CHAPEL HILL",UNAFFILIATED,WHITE,ACTIVE
WILLIAMS,101,"HOGAN RIDGE","WILLIAMS, MAE CHIN","101 HOGAN RIDGE CT","CHAPEL HILL",NC,27516,101,"","HOGAN RIDGE","",CT,"","","CHAPEL HILL",NC,27516,45,FEMALE,CARRBORO,"50TH HOUSE","HOGAN FARMS","CHAPEL HILL",REPUBLICAN,WHITE,INACTIVE
WILLIAMS,8326,BURNS,"WILLIAMS, MELANIE DENISE","8326 BURNS PL","CHAPEL HILL",NC,27516,8326,"",BURNS,"",PL,"","","CHAPEL HILL",NC,27516,50,FEMALE,CARRBORO,"50TH HOUSE","HOGAN FARMS","CHAPEL HILL",DEMOCRATIC,WHITE,ACTIVE
WILLIAMS,109,ELLSWORTH,"WILLIAMS, SHAWN D","109 ELLSWORTH PL","CHAPEL HILL",NC,27516,109,"",ELLSWORTH,"",PL,"","","CHAPEL HILL",NC,27516,53,FEMALE,CARRBORO,"56TH HOUSE","NORTH CARRBORO","CHAPEL HILL",REPUBLICAN,WHITE,ACTIVE
WILLIAMSON,102,DAIRY,"WILLIAMSON, ANDREW RENE","102 DAIRY CT","CHAPEL HILL",NC,27516,102,"",DAIRY,"",CT,"","","CHAPEL HILL",NC,27516,39,MALE,CARRBORO,"50TH HOUSE","HOGAN FARMS","CHAPEL HILL",DEMOCRATIC,WHITE,ACTIVE
WILLIAMSON,102,DAIRY,"WILLIAMSON, KRISTEN LYN","102 DAIRY CT","CHAPEL HILL",NC,27516,102,"",DAIRY,"",CT,"","","CHAPEL HILL",NC,27516,39,FEMALE,CARRBORO,"50TH HOUSE","HOGAN FARMS","CHAPEL HILL",REPUBLICAN,WHITE,ACTIVE
WILLIFORD,123,COBBLESTONE,"WILLIFORD, RITA K","123 COBBLESTONE DR","CHAPEL HILL",NC,27516,123,"",COBBLESTONE,"",DR,"","","CHAPEL HILL",NC,27516,53,FEMALE,CARRBORO,"56TH HOUSE","NORTH CARRBORO","CHAPEL HILL",DEMOCRATIC,WHITE,ACTIVE
WILLINGHAM,214,"COMMONS WAY","WILLINGHAM, CHARLES ALVIN III","214 COMMONS WAY DR","CHAPEL HILL",NC,27516,214,"","COMMONS WAY","",DR,"","","CHAPEL HILL",NC,27516,51,MALE,CARRBORO,"50TH HOUSE","HOGAN FARMS","CHAPEL HILL",DEMOCRATIC,WHITE,ACTIVE
WILLINGHAM,214,"COMMONS WAY","WILLINGHAM, MARY COLLEEN","214 COMMONS WAY DR","CHAPEL HILL",NC,27516,214,"","COMMONS WAY","",DR,"","","CHAPEL HILL",NC,27516,45,FEMALE,CARRBORO,"50TH HOUSE","HOGAN FARMS","CHAPEL HILL",DEMOCRATIC,WHITE,ACTIVE
WILSON,8122,REYNARD,"WILSON, ADRIA RENSI","8122 REYNARD RD","CHAPEL HILL",NC,27516,8122,"",REYNARD,"",RD,"","","CHAPEL HILL",NC,27516,40,FEMALE,CARRBORO,"50TH HOUSE","HOGAN FARMS","CHAPEL HILL",DEMOCRATIC,WHITE,ACTIVE
WILSON,8122,REYNARD,"WILSON, BENJAMIN LOUIS","8122 REYNARD RD","CHAPEL HILL",NC,27516,8122,"",REYNARD,"",RD,"","","CHAPEL HILL",NC,27516,38,MALE,CARRBORO,"50TH HOUSE","HOGAN FARMS","CHAPEL HILL",UNAFFILIATED,WHITE,ACTIVE
WILSON,104,SUFFOLK,"WILSON, CAROL ELLEN","104 SUFFOLK PL","CHAPEL HILL",NC,27516,104,"",SUFFOLK,"",PL,"","","CHAPEL HILL",NC,27516,44,FEMALE,CARRBORO,"56TH HOUSE","NORTH CARRBORO","CHAPEL HILL",REPUBLICAN,WHITE,ACTIVE
WILSON,104,SUFFOLK,"WILSON, EDWARD ROBERT","104 SUFFOLK PL","CHAPEL HILL",NC,27516,104,"",SUFFOLK,"",PL,"","","CHAPEL HILL",NC,27516,51,MALE,CARRBORO,"56TH HOUSE","NORTH CARRBORO","CHAPEL HILL",REPUBLICAN,WHITE,ACTIVE
WILT,104,WYNDHAM,"WILT, CAROL BAKER","104 WYNDHAM DR","CHAPEL HILL",NC,27516,104,"",WYNDHAM,"",DR,"","","CHAPEL HILL",NC,27516,44,FEMALE,CARRBORO,"56TH HOUSE","NORTH CARRBORO","CHAPEL HILL",REPUBLICAN,WHITE,ACTIVE
WILT,104,WYNDHAM,"WILT, DEAN ALFRED","104 WYNDHAM DR","CHAPEL HILL",NC,27516,104,"",WYNDHAM,"",DR,"","","CHAPEL HILL",NC,27516,45,MALE,CARRBORO,"56TH HOUSE","NORTH CARRBORO","CHAPEL HILL",REPUBLICAN,WHITE,ACTIVE
WINTERS,8322,"LOCH LAVEN","WINTERS, CONNIE CALDWELL","8322 LOCH LAVEN LN","CHAPEL HILL",NC,27516,8322,"","LOCH LAVEN","",LN,"","","CHAPEL HILL",NC,27516,46,FEMALE,CARRBORO,"50TH HOUSE","HOGAN FARMS","CHAPEL HILL",UNAFFILIATED,WHITE,ACTIVE
WINTERS,8322,"LOCH LAVEN","WINTERS, STEPHEN LEE","8322 LOCH LAVEN LN","CHAPEL HILL",NC,27516,8322,"","LOCH LAVEN","",LN,"","","CHAPEL HILL",NC,27516,47,MALE,CARRBORO,"50TH HOUSE","HOGAN FARMS","CHAPEL HILL",DEMOCRATIC,WHITE,ACTIVE
WIPPER,200,WYNDHAM,"WIPPER, DENNIS PAUL","200 WYNDHAM DR","CHAPEL HILL",NC,27516,200,"",WYNDHAM,"",DR,"","","CHAPEL HILL",NC,27516,52,MALE,CARRBORO,"56TH HOUSE","NORTH CARRBORO","CHAPEL HILL",DEMOCRATIC,WHITE,ACTIVE
WIPPER,200,WYNDHAM,"WIPPER, TERRILL PEDERSEN","200 WYNDHAM DR","CHAPEL HILL",NC,27516,200,"",WYNDHAM,"",DR,"","","CHAPEL HILL",NC,27516,52,FEMALE,CARRBORO,"56TH HOUSE","NORTH CARRBORO","CHAPEL HILL",DEMOCRATIC,WHITE,ACTIVE
WIRTH,810,"OLD FAYETTEVILLE","WIRTH, ROBERT ANDREW","810 OLD FAYETTEVILLE RD   #33","CHAPEL HILL",NC,27516,810,"","OLD FAYETTEVILLE","",RD,"",33,"CHAPEL HILL",NC,27516,39,MALE,CARRBORO,"56TH HOUSE",CARRBORO,"CHAPEL HILL",UNAFFILIATED,WHITE,ACTIVE
WOMBLE,701,HILLSBOROUGH,"WOMBLE, EDWARD MAXWELL","701 HILLSBOROUGH RD","CHAPEL HILL",NC,27516,701,"",HILLSBOROUGH,"",RD,"","","CHAPEL HILL",NC,27516,55,MALE,CARRBORO,"56TH HOUSE",CARRBORO,"CHAPEL HILL",DEMOCRATIC,WHITE,ACTIVE
WOMBLE,701,HILLSBOROUGH,"WOMBLE, SETTLE ROBERTS","701 HILLSBOROUGH RD","CHAPEL HILL",NC,27516,701,"",HILLSBOROUGH,"",RD,"","","CHAPEL HILL",NC,27516,55,FEMALE,CARRBORO,"56TH HOUSE",CARRBORO,"CHAPEL HILL",DEMOCRATIC,WHITE,ACTIVE
WOODS,1309,HOMESTEAD,"WOODS, NADINE DEBALKO","PO BOX 17295","CHAPEL HILL",NC,27516,1309,"",HOMESTEAD,"",RD,"","","CHAPEL HILL",NC,27516,48,FEMALE,CARRBORO,"56TH HOUSE","NORTH CARRBORO","CHAPEL HILL",REPUBLICAN,WHITE,ACTIVE
WOODS,1309,HOMESTEAD,"WOODS, ROBERT AUSTIN SR","PO BOX 17295","CHAPEL HILL",NC,27516,1309,"",HOMESTEAD,"",RD,"","","CHAPEL HILL",NC,27516,51,MALE,CARRBORO,"56TH HOUSE","NORTH CARRBORO","CHAPEL HILL",REPUBLICAN,WHITE,ACTIVE
WORKMAN,130,COBBLESTONE,"WORKMAN, JAMES ELMER JR","130 COBBLESTONE DR","CHAPEL HILL",NC,27516,130,"",COBBLESTONE,"",DR,"","","CHAPEL HILL",NC,27516,52,MALE,CARRBORO,"56TH HOUSE","NORTH CARRBORO","CHAPEL HILL",DEMOCRATIC,WHITE,ACTIVE
WRIGHT,107,"HOGAN GLEN","WRIGHT, DAVID LAMAR","107 HOGAN GLEN CT","CHAPEL HILL",NC,27516,107,"","HOGAN GLEN","",CT,"","","CHAPEL HILL",NC,27516,37,MALE,CARRBORO,"50TH HOUSE","HOGAN FARMS","CHAPEL HILL",REPUBLICAN,WHITE,ACTIVE
WRIGHT,107,"HOGAN GLEN","WRIGHT, TRACY FULLER","107 HOGAN GLEN CT","CHAPEL HILL",NC,27516,107,"","HOGAN GLEN","",CT,"","","CHAPEL HILL",NC,27516,37,FEMALE,CARRBORO,"50TH HOUSE","HOGAN FARMS","CHAPEL HILL",REPUBLICAN,WHITE,ACTIVE
WU,120,"SOUTH FIELDS","WU, JUN","120 SOUTH FIELDS CIR","CHAPEL HILL",NC,27516,120,"","SOUTH FIELDS","",CIR,"","","CHAPEL HILL",NC,27516,45,MALE,CARRBORO,"50TH HOUSE","HOGAN FARMS","CHAPEL HILL",UNAFFILIATED,ASIAN,ACTIVE
WU,120,"SOUTH FIELDS","WU, LIJUAN","120 SOUTH FIELDS CIR","CHAPEL HILL",NC,27516,120,"","SOUTH FIELDS","",CIR,"","","CHAPEL HILL",NC,27516,45,FEMALE,CARRBORO,"50TH HOUSE","HOGAN FARMS","CHAPEL HILL",DEMOCRATIC,ASIAN,ACTIVE
WULFORST,307,AUTUMN,"WULFORST, JAMES HERBERT","307 AUTUMN DR","CHAPEL HILL",NC,27516,307,"",AUTUMN,"",DR,"","","CHAPEL HILL",NC,27516,53,MALE,CARRBORO,"56TH HOUSE","NORTH CARRBORO","CHAPEL HILL",REPUBLICAN,WHITE,ACTIVE
WULFORST,307,AUTUMN,"WULFORST, LEIGH LEMAITRE","307 AUTUMN DR","CHAPEL HILL",NC,27516,307,"",AUTUMN,"",DR,"","","CHAPEL HILL",NC,27516,47,FEMALE,CARRBORO,"56TH HOUSE","NORTH CARRBORO","CHAPEL HILL",UNAFFILIATED,WHITE,ACTIVE
YEO,106,"HOGAN RIDGE","YEO, CURTIS ALAN","106 HOGAN RIDGE CT","CHAPEL HILL",NC,27516,106,"","HOGAN RIDGE","",CT,"","","CHAPEL HILL",NC,27516,44,MALE,CARRBORO,"50TH HOUSE","HOGAN FARMS","CHAPEL HILL",UNAFFILIATED,WHITE,INACTIVE
YEO,106,"HOGAN RIDGE","YEO, HILARY REED","106 HOGAN RIDGE CT","CHAPEL HILL",NC,27516,106,"","HOGAN RIDGE","",CT,"","","CHAPEL HILL",NC,27516,44,FEMALE,CARRBORO,"50TH HOUSE","HOGAN FARMS","CHAPEL HILL",UNAFFILIATED,WHITE,INACTIVE
YOUNG,8402,"STERLING BRIDGE","YOUNG, MICHAEL ALAN","8402 STERLING BRIDGE RD","CHAPEL HILL",NC,27516,8402,"","STERLING BRIDGE","",RD,"","","CHAPEL HILL",NC,27516,50,MALE,CARRBORO,"50TH HOUSE","HOGAN FARMS","CHAPEL HILL",REPUBLICAN,WHITE,ACTIVE
YOUNG,8402,"STERLING BRIDGE","YOUNG, PATRICIA GEIER","8402 STERLING BRIDGE RD","CHAPEL HILL",NC,27516,8402,"","STERLING BRIDGE","",RD,"","","CHAPEL HILL",NC,27516,48,FEMALE,CARRBORO,"50TH HOUSE","HOGAN FARMS","CHAPEL HILL",REPUBLICAN,WHITE,ACTIVE
YOUNG,8221,HUNTSMAN,"YOUNG, PATRICK LEO","8221 HUNTSMAN CT","CHAPEL HILL",NC,27516,8221,"",HUNTSMAN,"",CT,"","","CHAPEL HILL",NC,27516,48,MALE,CARRBORO,"50TH HOUSE","HOGAN FARMS","CHAPEL HILL",REPUBLICAN,WHITE,ACTIVE
YUSIEWICZ,101,"SHADOW RIDGE","YUSIEWICZ, JEFFREY J","101 SHADOW RIDGE PL","CHAPEL HILL",NC,27516,101,"","SHADOW RIDGE","",PL,"","","CHAPEL HILL",NC,27516,47,MALE,CARRBORO,"50TH HOUSE","HOGAN FARMS","CHAPEL HILL",REPUBLICAN,WHITE,ACTIVE
YUSIEWICZ,101,"SHADOW RIDGE","YUSIEWICZ, KATHLEEN M","101 SHADOW RIDGE PL","CHAPEL HILL",NC,27516,101,"","SHADOW RIDGE","",PL,"","","CHAPEL HILL",NC,27516,50,FEMALE,CARRBORO,"50TH HOUSE","HOGAN FARMS","CHAPEL HILL",UNAFFILIATED,WHITE,ACTIVE
ZEEVI,106,"HOGAN RIDGE","ZEEVI, JAYNE MELISSA STEINBE","106 HOGAN RIDGE CT","CHAPEL HILL",NC,27516,106,"","HOGAN RIDGE","",CT,"","","CHAPEL HILL",NC,27516,39,FEMALE,CARRBORO,"50TH HOUSE","HOGAN FARMS","CHAPEL HILL",DEMOCRATIC,WHITE,ACTIVE
ZEEVI,106,"HOGAN RIDGE","ZEEVI, SHAHAR","106 HOGAN RIDGE CT","CHAPEL HILL",NC,27516,106,"","HOGAN RIDGE","",CT,"","","CHAPEL HILL",NC,27516,37,MALE,CARRBORO,"50TH HOUSE","HOGAN FARMS","CHAPEL HILL",DEMOCRATIC,WHITE,ACTIVE
ZENN,503,"CATES FARM","ZENN, MICHAEL R","503 CATES FARM RD","CHAPEL HILL",NC,27516,503,"","CATES FARM","",RD,"","","CHAPEL HILL",NC,27516,45,MALE,CARRBORO,"56TH HOUSE","NORTH CARRBORO","CHAPEL HILL",UNAFFILIATED,WHITE,ACTIVE
ZENN,503,"CATES FARM","ZENN, SUSAN SPEER","503 CATES FARM RD","CHAPEL HILL",NC,27516,503,"","CATES FARM","",RD,"","","CHAPEL HILL",NC,27516,46,FEMALE,CARRBORO,"56TH HOUSE","NORTH CARRBORO","CHAPEL HILL",UNAFFILIATED,WHITE,ACTIVE
ZIMMERMAN,302,WYNDHAM,"ZIMMERMAN, ANGELA FLOYD","302 WYNDHAM DR","CHAPEL HILL",NC,27516,302,"",WYNDHAM,"",DR,"","","CHAPEL HILL",NC,27516,44,FEMALE,CARRBORO,"56TH HOUSE","NORTH CARRBORO","CHAPEL HILL",REPUBLICAN,WHITE,ACTIVE
ZIMMERMAN,302,WYNDHAM,"ZIMMERMAN, SCOTT DAVID","302 WYNDHAM DR","CHAPEL HILL",NC,27516,302,"",WYNDHAM,"",DR,"","","CHAPEL HILL",NC,27516,44,MALE,CARRBORO,"56TH HOUSE","NORTH CARRBORO","CHAPEL HILL",REPUBLICAN,WHITE,ACTIVE
ZINN,306,ROSSBURN,"ZINN, OMAR","306 ROSSBURN WAY","CHAPEL HILL",NC,27516,306,"",ROSSBURN,"",WAY,"","","CHAPEL HILL",NC,27516,38,MALE,CARRBORO,"54TH HOUSE",DAMASCUS,"CHAPEL HILL",DEMOCRATIC,WHITE,ACTIVE
ZINN,306,ROSSBURN,"ZINN, S. PAIGE JENNIN","306 ROSSBURN WAY","CHAPEL HILL",NC,27516,306,"",ROSSBURN,"",WAY,"","","CHAPEL HILL",NC,27516,38,FEMALE,CARRBORO,"54TH HOUSE",DAMASCUS,"CHAPEL HILL",DEMOCRATIC,WHITE,ACTIVE
ZURLIENE,3003,STAFFIELD,"ZURLIENE, GINGER JONES","3003 STAFFIELD LN","CHAPEL HILL",NC,27516,3003,"",STAFFIELD,"",LN,"","","CHAPEL HILL",NC,27516,45,FEMALE,CARRBORO,"50TH HOUSE","HOGAN FARMS","CHAPEL HILL",DEMOCRATIC,WHITE,ACTIVE
ZURLIENE,3003,STAFFIELD,"ZURLIENE, TIMOTHY JAMES","3003 STAFFIELD LN","CHAPEL HILL",NC,27516,3003,"",STAFFIELD,"",LN,"","","CHAPEL HILL",NC,27516,45,MALE,CARRBORO,"50TH HOUSE","HOGAN FARMS","CHAPEL HILL",DEMOCRATIC,WHITE,ACTIVE
