ln,name,mailaddr,mailcity,mailstate,mailzip,resno,resdir,resstreet,ressuffic,restype,resunitd,resunitno,rescity,resstate,reszip,age,gender,muni,house,precinct,school,party,race,status,ename,edate
ABELL,"ABELL, KARIN MARTHA","113 OLD PITTSBORO RD",CARRBORO,NC,27510,113,"","OLD PITTSBORO","",RD,"","",CARRBORO,NC,27510,35,FEMALE,CARRBORO,"56TH HOUSE",OWASA,"CHAPEL HILL",DEMOCRATIC,WHITE,ACTIVE,"05/02/2006 PRIMARY",5/2/2006
ABELOW,"ABELOW, GAIL ELLEN","506 N GREENSBORO ST   #30",CARRBORO,NC,27510,506,N,GREENSBORO,"",ST,"",30,CARRBORO,NC,27510,43,FEMALE,CARRBORO,"56TH HOUSE","TOWN HALL","CHAPEL HILL",DEMOCRATIC,WHITE,ACTIVE,"05/02/2006 PRIMARY",5/2/2006
ADAMS,"ADAMS, CYNTHIA CLAY","617 HILLSBOROUGH RD",CARRBORO,NC,27510,617,"",HILLSBOROUGH,"",RD,"","",CARRBORO,NC,27510,57,FEMALE,CARRBORO,"56TH HOUSE",CARRBORO,"CHAPEL HILL",DEMOCRATIC,WHITE,ACTIVE,"05/02/2006 PRIMARY",5/2/2006
AGAN,"AGAN, KELLY JEAN","202 BRUTON DR","CHAPEL HILL",NC,27516,202,"",BRUTON,"",DR,"","","CHAPEL HILL",NC,27516,44,FEMALE,CARRBORO,"56TH HOUSE","NORTH CARRBORO","CHAPEL HILL",DEMOCRATIC,WHITE,ACTIVE,"05/02/2006 PRIMARY",5/2/2006
AGNEW,"AGNEW, NANCY LYNN","1203 TALLYHO TRL","CHAPEL HILL",NC,27516,1203,"",TALLYHO,"",TRL,"","","CHAPEL HILL",NC,27516,50,FEMALE,CARRBORO,"50TH HOUSE","HOGAN FARMS","CHAPEL HILL",DEMOCRATIC,WHITE,ACTIVE,"05/02/2006 PRIMARY",5/2/2006
ALDERSON,"ALDERSON, JOHN GILMORE","100 OAK AVE",CARRBORO,NC,27510,100,"",OAK,"",AVE,"","",CARRBORO,NC,27510,59,MALE,CARRBORO,"56TH HOUSE","TOWN HALL","CHAPEL HILL",DEMOCRATIC,WHITE,ACTIVE,"05/02/2006 PRIMARY",5/2/2006
ALEXANDER,"ALEXANDER, MARK R","104 LISA DR",CARRBORO,NC,27510,104,"",LISA,"",DR,"","",CARRBORO,NC,27510,47,MALE,CARRBORO,"56TH HOUSE",CARRBORO,"CHAPEL HILL",DEMOCRATIC,WHITE,ACTIVE,"05/02/2006 PRIMARY",5/2/2006
ALLEN,"ALLEN, JACQUELINE FAY","123 PINE ST",CARRBORO,NC,27510,123,"",PINE,"",ST,"","",CARRBORO,NC,27510,45,FEMALE,CARRBORO,"56TH HOUSE",CARRBORO,"CHAPEL HILL",DEMOCRATIC,WHITE,ACTIVE,"05/02/2006 PRIMARY",5/2/2006
ALLEN,"ALLEN, JOYCE CLARK","304 BLUERIDGE RD",CARRBORO,NC,27510,304,"",BLUERIDGE,"",RD,"","",CARRBORO,NC,27510,75,FEMALE,CARRBORO,"56TH HOUSE","NORTH CARRBORO","CHAPEL HILL",DEMOCRATIC,WHITE,ACTIVE,"05/02/2006 PRIMARY",5/2/2006
ALLORE,"ALLORE, ELISABETH HOBGOOD","108 COBBLESTONE DR","CHAPEL HILL",NC,27516,108,"",COBBLESTONE,"",DR,"","","CHAPEL HILL",NC,27516,37,FEMALE,CARRBORO,"56TH HOUSE","NORTH CARRBORO","CHAPEL HILL",DEMOCRATIC,WHITE,ACTIVE,"05/02/2006 PRIMARY",5/2/2006
ALSTON,"ALSTON, CHARLES","117 ESTES DRIVE EXT",CARRBORO,NC,27510,117,"","ESTES DRIVE","",EXT,"","",CARRBORO,NC,27510,61,MALE,CARRBORO,"56TH HOUSE","TOWN HALL","CHAPEL HILL",DEMOCRATIC,"BLACK or AFRICAN AMERICAN",ACTIVE,"05/02/2006 PRIMARY",5/2/2006
AMMONS,"AMMONS, DAVID NEIL","103 BAY VIEW DR","CHAPEL HILL",NC,27516,103,"","BAY VIEW","",DR,"","","CHAPEL HILL",NC,27516,57,MALE,CARRBORO,"50TH HOUSE","HOGAN FARMS","CHAPEL HILL",DEMOCRATIC,WHITE,ACTIVE,"05/02/2006 PRIMARY",5/2/2006
AMONI,"AMONI, DANIEL MATTHEW","119 FIDELITY ST   #C4",CARRBORO,NC,27510,119,"",FIDELITY,"",ST,"",C4,CARRBORO,NC,27510,34,MALE,CARRBORO,"56TH HOUSE","LIONS CLUB","CHAPEL HILL",DEMOCRATIC,WHITE,ACTIVE,"05/02/2006 PRIMARY",5/2/2006
ANDERSON,"ANDERSON, ALICE SHEPARD","300 AUTUMN DR","CHAPEL HILL",NC,27516,300,"",AUTUMN,"",DR,"","","CHAPEL HILL",NC,27516,46,FEMALE,CARRBORO,"56TH HOUSE","NORTH CARRBORO","CHAPEL HILL",DEMOCRATIC,WHITE,ACTIVE,"05/02/2006 PRIMARY",5/2/2006
ANDERSON,"ANDERSON, AMON EASTERLING","302 OAK AVE",CARRBORO,NC,27510,302,"",OAK,"",AVE,"","",CARRBORO,NC,27510,24,MALE,CARRBORO,"56TH HOUSE","TOWN HALL","CHAPEL HILL",DEMOCRATIC,WHITE,ACTIVE,"05/02/2006 PRIMARY",5/2/2006
ANDERSON,"ANDERSON, DOROTHY JEAN","600 W POPLAR AVE #124",CARRBORO,NC,27510,600,W,POPLAR,"",AVE,"",124,CARRBORO,NC,27510,75,FEMALE,CARRBORO,"56TH HOUSE","LIONS CLUB","CHAPEL HILL",DEMOCRATIC,WHITE,ACTIVE,"05/02/2006 PRIMARY",5/2/2006
ANDERSON,"ANDERSON, JAMES HAMPTON","300 AUTUMN DR","CHAPEL HILL",NC,27516,300,"",AUTUMN,"",DR,"","","CHAPEL HILL",NC,27516,46,MALE,CARRBORO,"56TH HOUSE","NORTH CARRBORO","CHAPEL HILL",DEMOCRATIC,WHITE,ACTIVE,"05/02/2006 PRIMARY",5/2/2006
ANDERSON,"ANDERSON, KEVIN LEE","402 ROSSBURN WAY","CHAPEL HILL",NC,27516,402,"",ROSSBURN,"",WAY,"","","CHAPEL HILL",NC,27516,43,MALE,CARRBORO,"54TH HOUSE",DAMASCUS,"CHAPEL HILL",DEMOCRATIC,WHITE,ACTIVE,"05/02/2006 PRIMARY",5/2/2006
ANDERSON,"ANDERSON, WAYNE LEE","802 HILLSBOROUGH RD   #C","CHAPEL HILL",NC,27516,802,"",HILLSBOROUGH,"",RD,"",C,"CHAPEL HILL",NC,27516,49,MALE,CARRBORO,"56TH HOUSE","NORTH CARRBORO","CHAPEL HILL",DEMOCRATIC,WHITE,ACTIVE,"05/02/2006 PRIMARY",5/2/2006
ANDREWS,"ANDREWS, DAVID WAYNE","104 KEITH RD",CARRBORO,NC,27510,104,"",KEITH,"",RD,"","",CARRBORO,NC,27510,31,MALE,CARRBORO,"56TH HOUSE","LIONS CLUB","CHAPEL HILL",DEMOCRATIC,WHITE,ACTIVE,"05/02/2006 PRIMARY",5/2/2006
ANDREWS,"ANDREWS, RICHARD GARY","213 HILLSBOROUGH RD",CARRBORO,NC,27510,213,"",HILLSBOROUGH,"",RD,"","",CARRBORO,NC,27510,55,MALE,CARRBORO,"56TH HOUSE",CARRBORO,"CHAPEL HILL",DEMOCRATIC,WHITE,ACTIVE,"05/02/2006 PRIMARY",5/2/2006
ANDREWS,"ANDREWS, SARAH BRENDEL","502 W POPLAR AVE   #A-2",CARRBORO,NC,27510,502,W,POPLAR,"",AVE,"",A-2,CARRBORO,NC,27510,27,FEMALE,CARRBORO,"56TH HOUSE","LIONS CLUB","CHAPEL HILL",DEMOCRATIC,WHITE,ACTIVE,"05/02/2006 PRIMARY",5/2/2006
APPLE,"APPLE, MARY CAROLINE","105 FIDELITY ST   #A51",CARRBORO,NC,27510,105,"",FIDELITY,"",ST,"",A51,CARRBORO,NC,27510,25,FEMALE,CARRBORO,"56TH HOUSE","LIONS CLUB","CHAPEL HILL",DEMOCRATIC,WHITE,ACTIVE,"05/02/2006 PRIMARY",5/2/2006
ARMSTRONG,"ARMSTRONG, CARLOTTA B","103 HOGAN GLEN CT","CHAPEL HILL",NC,27516,103,"","HOGAN GLEN","",CT,"","","CHAPEL HILL",NC,27516,55,FEMALE,CARRBORO,"50TH HOUSE","HOGAN FARMS","CHAPEL HILL",DEMOCRATIC,WHITE,ACTIVE,"05/02/2006 PRIMARY",5/2/2006
ARNDT,"ARNDT, JAMES BRITTON","206 MAPLE AVE",CARRBORO,NC,27510,206,"",MAPLE,"",AVE,"","",CARRBORO,NC,27510,52,MALE,CARRBORO,"56TH HOUSE","TOWN HALL","CHAPEL HILL",DEMOCRATIC,WHITE,ACTIVE,"05/02/2006 PRIMARY",5/2/2006
ARNOLD,"ARNOLD, MARTHA STEELE","213 MAPLE AVE",CARRBORO,NC,27510,213,"",MAPLE,"",AVE,"","",CARRBORO,NC,27510,59,FEMALE,CARRBORO,"56TH HOUSE","TOWN HALL","CHAPEL HILL",DEMOCRATIC,WHITE,ACTIVE,"05/02/2006 PRIMARY",5/2/2006
ARNOSTI,"ARNOSTI, CAROL","101 ROCKY PT",CARRBORO,NC,27510,101,"",ROCKY,"",PT,"","",CARRBORO,NC,27510,45,FEMALE,CARRBORO,"56TH HOUSE",CARRBORO,"CHAPEL HILL",DEMOCRATIC,WHITE,ACTIVE,"05/02/2006 PRIMARY",5/2/2006
ASHLEY,"ASHLEY, KIMBERLY JO","605 W MAIN ST   #303",CARRBORO,NC,27510,605,W,MAIN,"",ST,"",303,CARRBORO,NC,27510,36,FEMALE,CARRBORO,"56TH HOUSE","LIONS CLUB","CHAPEL HILL",DEMOCRATIC,WHITE,ACTIVE,"05/02/2006 PRIMARY",5/2/2006
ATWATER,"ATWATER, CLEAVON","107 GLOSSON CIR",CARRBORO,NC,27510,107,"",GLOSSON,"",CIR,"","",CARRBORO,NC,27510,68,MALE,CARRBORO,"56TH HOUSE","LIONS CLUB","CHAPEL HILL",DEMOCRATIC,"BLACK or AFRICAN AMERICAN",ACTIVE,"05/02/2006 PRIMARY",5/2/2006
ATWATER,"ATWATER, DOROTHY BYNUM","107 BARNES ST",CARRBORO,NC,27510,107,"",BARNES,"",ST,"","",CARRBORO,NC,27510,75,FEMALE,CARRBORO,"56TH HOUSE",OWASA,"CHAPEL HILL",DEMOCRATIC,"BLACK or AFRICAN AMERICAN",ACTIVE,"05/02/2006 PRIMARY",5/2/2006
ATWATER,"ATWATER, JAMES  JR","113 ALABAMA AVE",CARRBORO,NC,27510,113,"",ALABAMA,"",AVE,"","",CARRBORO,NC,27510,74,MALE,CARRBORO,"56TH HOUSE","LIONS CLUB","CHAPEL HILL",DEMOCRATIC,"BLACK or AFRICAN AMERICAN",ACTIVE,"05/02/2006 PRIMARY",5/2/2006
ATWATER,"ATWATER, LEWIS  JR","107 BARINGTON HILLS RD","CHAPEL HILL",NC,27516,107,"","BARINGTON HILLS","",RD,"","","CHAPEL HILL",NC,27516,60,FEMALE,CARRBORO,"56TH HOUSE","NORTH CARRBORO","CHAPEL HILL",DEMOCRATIC,"BLACK or AFRICAN AMERICAN",ACTIVE,"05/02/2006 PRIMARY",5/2/2006
ATWATER,"ATWATER, LILLIE P","107 GLOSSON CIR",CARRBORO,NC,27510,107,"",GLOSSON,"",CIR,"","",CARRBORO,NC,27510,66,FEMALE,CARRBORO,"56TH HOUSE","LIONS CLUB","CHAPEL HILL",DEMOCRATIC,"BLACK or AFRICAN AMERICAN",ACTIVE,"05/02/2006 PRIMARY",5/2/2006
ATWATER,"ATWATER, RUTH N","105 WESLEY ST",CARRBORO,NC,27510,105,"",WESLEY,"",ST,"","",CARRBORO,NC,27510,82,FEMALE,CARRBORO,"56TH HOUSE","TOWN HALL","CHAPEL HILL",DEMOCRATIC,"BLACK or AFRICAN AMERICAN",ACTIVE,"05/02/2006 PRIMARY",5/2/2006
AVERILL,"AVERILL, KATHERINE RANKIN","210 BLUERIDGE RD",CARRBORO,NC,27510,210,"",BLUERIDGE,"",RD,"","",CARRBORO,NC,27510,57,FEMALE,CARRBORO,"56TH HOUSE","NORTH CARRBORO","CHAPEL HILL",DEMOCRATIC,WHITE,ACTIVE,"05/02/2006 PRIMARY",5/2/2006
AYANKOYA,"AYANKOYA, YINKA TINUKE","200 GARY RD",CARRBORO,NC,27510,200,"",GARY,"",RD,"","",CARRBORO,NC,27510,29,FEMALE,CARRBORO,"56TH HOUSE","LIONS CLUB","CHAPEL HILL",DEMOCRATIC,"BLACK or AFRICAN AMERICAN",ACTIVE,"05/02/2006 PRIMARY",5/2/2006
AYCOCK,"AYCOCK, DEBRA GROSHANS","301 TRAMORE DR","CHAPEL HILL",NC,27516,301,"",TRAMORE,"",DR,"","","CHAPEL HILL",NC,27516,50,FEMALE,CARRBORO,"56TH HOUSE","NORTH CARRBORO","CHAPEL HILL",DEMOCRATIC,WHITE,ACTIVE,"05/02/2006 PRIMARY",5/2/2006
BACHENHEIMER,"BACHENHEIMER, MARGARET GRAY","124 CREEKVIEW CIR",CARRBORO,NC,27510,124,"",CREEKVIEW,"",CIR,"","",CARRBORO,NC,27510,62,FEMALE,CARRBORO,"56TH HOUSE","NORTH CARRBORO","CHAPEL HILL",DEMOCRATIC,WHITE,ACTIVE,"05/02/2006 PRIMARY",5/2/2006
BACHENHEIMER,"BACHENHEIMER, STEVEN LARRY","124 CREEKVIEW CIR",CARRBORO,NC,27510,124,"",CREEKVIEW,"",CIR,"","",CARRBORO,NC,27510,61,MALE,CARRBORO,"56TH HOUSE","NORTH CARRBORO","CHAPEL HILL",DEMOCRATIC,WHITE,ACTIVE,"05/02/2006 PRIMARY",5/2/2006
BAKER,"BAKER, SARAH HOWARD","411 JAMES ST",CARRBORO,NC,27510,411,"",JAMES,"",ST,"","",CARRBORO,NC,27510,29,FEMALE,CARRBORO,"56TH HOUSE",CARRBORO,"CHAPEL HILL",DEMOCRATIC,WHITE,ACTIVE,"05/02/2006 PRIMARY",5/2/2006
BAKER,"BAKER, SUSAN ELIZABETH","615A W MAIN ST",CARRBORO,NC,27510,615,W,MAIN,"",ST,"","",CARRBORO,NC,27510,44,FEMALE,CARRBORO,"56TH HOUSE","LIONS CLUB","CHAPEL HILL",DEMOCRATIC,WHITE,ACTIVE,"05/02/2006 PRIMARY",5/2/2006
BALDWIN,"BALDWIN, LUCY MAE","105 GLOSSON CIR",CARRBORO,NC,27510,105,"",GLOSSON,"",CIR,"","",CARRBORO,NC,27510,78,FEMALE,CARRBORO,"56TH HOUSE","LIONS CLUB","CHAPEL HILL",DEMOCRATIC,"BLACK or AFRICAN AMERICAN",ACTIVE,"05/02/2006 PRIMARY",5/2/2006
BALLARD,"BALLARD, SCOTTIE LAYNE","101-B TODD ST",CARRBORO,NC,27510,101,"",TODD,"",ST,"","",CARRBORO,NC,27510,42,FEMALE,CARRBORO,"56TH HOUSE",CARRBORO,"CHAPEL HILL",DEMOCRATIC,WHITE,ACTIVE,"05/02/2006 PRIMARY",5/2/2006
BALOF-BIRD,"BALOF-BIRD, TERRELL ELIZABETH","1000 SMITH LEVEL RD   #L9",CARRBORO,NC,27510,1000,"","SMITH LEVEL","",RD,"",L9,CARRBORO,NC,27510,24,FEMALE,CARRBORO,"54TH HOUSE",DAMASCUS,"CHAPEL HILL",DEMOCRATIC,WHITE,ACTIVE,"05/02/2006 PRIMARY",5/2/2006
BANFIELD,"BANFIELD, GILBERT KENNETH","PO BOX 671",DURHAM,NC,27704,200,"","NC HWY 54","",BYP,"",N105,CARRBORO,NC,27510,69,MALE,CARRBORO,"56TH HOUSE","LIONS CLUB","CHAPEL HILL",DEMOCRATIC,"BLACK or AFRICAN AMERICAN",ACTIVE,"05/02/2006 PRIMARY",5/2/2006
BARBEE,"BARBEE, NORMAN NATHANIEL","201 JONES FERRY RD",CARRBORO,NC,27510,201,"","JONES FERRY","",RD,"","",CARRBORO,NC,27510,77,MALE,CARRBORO,"56TH HOUSE",OWASA,"CHAPEL HILL",DEMOCRATIC,"BLACK or AFRICAN AMERICAN",ACTIVE,"05/02/2006 PRIMARY",5/2/2006
BARBEE,"BARBEE, REBECCA ENGLISH","101 LILAC DR",CARRBORO,NC,27510,101,"",LILAC,"",DR,"","",CARRBORO,NC,27510,30,FEMALE,CARRBORO,"56TH HOUSE","LIONS CLUB","CHAPEL HILL",DEMOCRATIC,WHITE,ACTIVE,"05/02/2006 PRIMARY",5/2/2006
BARBOUR,"BARBOUR, WILLIAM W","104 HANNA ST",CARRBORO,NC,27510,104,"",HANNA,"",ST,"","",CARRBORO,NC,27510,87,MALE,CARRBORO,"56TH HOUSE","TOWN HALL","CHAPEL HILL",DEMOCRATIC,WHITE,ACTIVE,"05/02/2006 PRIMARY",5/2/2006
BARNETTE,"BARNETTE, DAVID  JR","201 HWY 54 BYPASS #315",CARRBORO,NC,27510,201,"","NC HWY 54","",BYP,"",314,CARRBORO,NC,27510,52,MALE,CARRBORO,"56TH HOUSE","LIONS CLUB","CHAPEL HILL",DEMOCRATIC,"BLACK or AFRICAN AMERICAN",ACTIVE,"05/02/2006 PRIMARY",5/2/2006
BARNETTE,"BARNETTE, NANCY MARIAH","501 JONES FERRY RD",CARRBORO,NC,27510,501,"","JONES FERRY","",RD,"","",CARRBORO,NC,27510,89,FEMALE,CARRBORO,"56TH HOUSE",OWASA,"CHAPEL HILL",DEMOCRATIC,WHITE,ACTIVE,"05/02/2006 PRIMARY",5/2/2006
BARRETT,"BARRETT, DOUGLAS LEROY","104 BUCK TAYLOR TRL","CHAPEL HILL",NC,27516,104,"","BUCK TAYLOR","",TRL,"","","CHAPEL HILL",NC,27516,56,MALE,CARRBORO,"56TH HOUSE","NORTH CARRBORO","CHAPEL HILL",DEMOCRATIC,WHITE,ACTIVE,"05/02/2006 PRIMARY",5/2/2006
BARRETT,"BARRETT, MAUREEN LIN","104 BUCK TAYLOR TRL","CHAPEL HILL",NC,27516,104,"","BUCK TAYLOR","",TRL,"","","CHAPEL HILL",NC,27516,57,FEMALE,CARRBORO,"56TH HOUSE","NORTH CARRBORO","CHAPEL HILL",DEMOCRATIC,WHITE,ACTIVE,"05/02/2006 PRIMARY",5/2/2006
BARRON,"BARRON, PATRICIA M","910 TALLYHO TRL","CHAPEL HILL",NC,27516,910,"",TALLYHO,"",TRL,"","","CHAPEL HILL",NC,27516,48,FEMALE,CARRBORO,"50TH HOUSE","HOGAN FARMS","CHAPEL HILL",DEMOCRATIC,WHITE,ACTIVE,"05/02/2006 PRIMARY",5/2/2006
BARROW,"BARROW, ELIZABETH WILSON","1602 CLAYMORE RD","CHAPEL HILL",NC,27516,1602,"",CLAYMORE,"",RD,"","","CHAPEL HILL",NC,27516,63,FEMALE,CARRBORO,"50TH HOUSE","HOGAN FARMS","CHAPEL HILL",DEMOCRATIC,WHITE,ACTIVE,"05/02/2006 PRIMARY",5/2/2006
BARTA,"BARTA, THOMAS EDWARD","1532 PATHWAY DR",CARRBORO,NC,27510,1532,"",PATHWAY,"",DR,"","",CARRBORO,NC,27510,48,MALE,CARRBORO,"56TH HOUSE","NORTH CARRBORO","CHAPEL HILL",DEMOCRATIC,WHITE,ACTIVE,"05/02/2006 PRIMARY",5/2/2006
BARTO,"BARTO, AMIE LOUISE","116 LANTERN WAY",CARRBORO,NC,27510,116,"",LANTERN,"",WAY,"","",CARRBORO,NC,27510,48,FEMALE,CARRBORO,"56TH HOUSE",OWASA,"CHAPEL HILL",DEMOCRATIC,WHITE,ACTIVE,"05/02/2006 PRIMARY",5/2/2006
BARTON,"BARTON, MATTHEW ERLING","218 STRATFORD DR","CHAPEL HILL",NC,27516,218,"",STRATFORD,"",DR,"","","CHAPEL HILL",NC,27516,51,MALE,CARRBORO,"56TH HOUSE","NORTH CARRBORO","CHAPEL HILL",DEMOCRATIC,WHITE,ACTIVE,"05/02/2006 PRIMARY",5/2/2006
BARTON,"BARTON, MAYA RAO","218 STRATFORD DR","CHAPEL HILL",NC,27516,218,"",STRATFORD,"",DR,"","","CHAPEL HILL",NC,27516,51,FEMALE,CARRBORO,"56TH HOUSE","NORTH CARRBORO","CHAPEL HILL",DEMOCRATIC,OTHER,ACTIVE,"05/02/2006 PRIMARY",5/2/2006
BARWICK,"BARWICK, KAREN DENISE","128 WINSOME LN","CHAPEL HILL",NC,27516,128,"",WINSOME,"",LN,"","","CHAPEL HILL",NC,27516,46,FEMALE,CARRBORO,"56TH HOUSE",CARRBORO,"CHAPEL HILL",DEMOCRATIC,WHITE,ACTIVE,"05/02/2006 PRIMARY",5/2/2006
BATESON,"BATESON, JAMES THOMAS","8105 LAIR CT","CHAPEL HILL",NC,27516,8105,"",LAIR,"",CT,"","","CHAPEL HILL",NC,27516,52,MALE,CARRBORO,"50TH HOUSE","HOGAN FARMS","CHAPEL HILL",DEMOCRATIC,WHITE,ACTIVE,"05/02/2006 PRIMARY",5/2/2006
BEARD,"BEARD, DAVID WRIGHT","503 N GREENSBORO ST   #E",CARRBORO,NC,27510,503,N,GREENSBORO,"",ST,"",E,CARRBORO,NC,27510,20,MALE,CARRBORO,"56TH HOUSE",CARRBORO,"CHAPEL HILL",DEMOCRATIC,WHITE,ACTIVE,"05/02/2006 PRIMARY",5/2/2006
BEAUCHAINE,"BEAUCHAINE, ANTHONY P","203 OLEANDER RD",CARRBORO,NC,27510,203,"",OLEANDER,"",RD,"","",CARRBORO,NC,27510,45,MALE,CARRBORO,"56TH HOUSE","LIONS CLUB","CHAPEL HILL",DEMOCRATIC,WHITE,ACTIVE,"05/02/2006 PRIMARY",5/2/2006
BECK,"BECK, DAVID STERLING","101 W POPLAR AVE",CARRBORO,NC,27510,101,W,POPLAR,"",AVE,"","",CARRBORO,NC,27510,40,MALE,CARRBORO,"56TH HOUSE","LIONS CLUB","CHAPEL HILL",DEMOCRATIC,WHITE,ACTIVE,"05/02/2006 PRIMARY",5/2/2006
BECK,"BECK, MARY ALLISON","8317 BURNS PL","CHAPEL HILL",NC,27516,8317,"",BURNS,"",PL,"","","CHAPEL HILL",NC,27516,60,FEMALE,CARRBORO,"50TH HOUSE","HOGAN FARMS","CHAPEL HILL",DEMOCRATIC,WHITE,ACTIVE,"05/02/2006 PRIMARY",5/2/2006
BECK,"BECK, PHOEBE SCOTT","600 W POPLAR AVE #254",CARRBORO,NC,27510,600,W,POPLAR,"",AVE,"",254,CARRBORO,NC,27510,65,FEMALE,CARRBORO,"56TH HOUSE","LIONS CLUB","CHAPEL HILL",DEMOCRATIC,WHITE,ACTIVE,"05/02/2006 PRIMARY",5/2/2006
BEEKMAN,"BEEKMAN, JOYCE A","600 W POPLAR AVE   #134",CARRBORO,NC,27510,600,W,POPLAR,"",AVE,"",134,CARRBORO,NC,27510,60,FEMALE,CARRBORO,"56TH HOUSE","LIONS CLUB","CHAPEL HILL",DEMOCRATIC,WHITE,ACTIVE,"05/02/2006 PRIMARY",5/2/2006
BELL,"BELL, MOUDESTINE BEATRICE","103 KING ST",CARRBORO,NC,27510,103,"",KING,"",ST,"","",CARRBORO,NC,27510,69,FEMALE,CARRBORO,"56TH HOUSE",OWASA,"CHAPEL HILL",DEMOCRATIC,"BLACK or AFRICAN AMERICAN",ACTIVE,"05/02/2006 PRIMARY",5/2/2006
BELL,"BELL, RICHARD H","102 PINE ST",CARRBORO,NC,27510,102,"",PINE,"",ST,"","",CARRBORO,NC,27510,44,MALE,CARRBORO,"56TH HOUSE",CARRBORO,"CHAPEL HILL",DEMOCRATIC,WHITE,ACTIVE,"05/02/2006 PRIMARY",5/2/2006
BENEDICT,"BENEDICT, SARAH FRANCES","302 WATERSIDE DR",CARRBORO,NC,27510,302,"",WATERSIDE,"",DR,"","",CARRBORO,NC,27510,59,FEMALE,CARRBORO,"56TH HOUSE","NORTH CARRBORO","CHAPEL HILL",DEMOCRATIC,WHITE,ACTIVE,"05/02/2006 PRIMARY",5/2/2006
BENNETT,"BENNETT, WILLIAM DOUGLAS","101 CANTON CT","CHAPEL HILL",NC,27516,101,"",CANTON,"",CT,"","","CHAPEL HILL",NC,27516,54,MALE,CARRBORO,"56TH HOUSE","NORTH CARRBORO","CHAPEL HILL",DEMOCRATIC,WHITE,ACTIVE,"05/02/2006 PRIMARY",5/2/2006
BENZ,"BENZ, MAUDY LOUISE","204 PURPLE LEAF PL",CARRBORO,NC,27510,204,"","PURPLE LEAF","",PL,"","",CARRBORO,NC,27510,56,FEMALE,CARRBORO,"56TH HOUSE","TOWN HALL","CHAPEL HILL",DEMOCRATIC,WHITE,ACTIVE,"05/02/2006 PRIMARY",5/2/2006
BERG,"BERG, WINIFRED MAE","122 CIRCADIAN WAY","CHAPEL HILL",NC,27516,122,"",CIRCADIAN,"",WAY,"","","CHAPEL HILL",NC,27516,82,FEMALE,CARRBORO,"56TH HOUSE","NORTH CARRBORO","CHAPEL HILL",DEMOCRATIC,WHITE,ACTIVE,"05/02/2006 PRIMARY",5/2/2006
BERGER,"BERGER, ELLIOTT TODD","216 LAKE MANOR RD","CHAPEL HILL",NC,27516,216,"","LAKE MANOR","",RD,"","","CHAPEL HILL",NC,27516,55,MALE,CARRBORO,"50TH HOUSE","HOGAN FARMS","CHAPEL HILL",DEMOCRATIC,WHITE,ACTIVE,"05/02/2006 PRIMARY",5/2/2006
BERGSTRAND,"BERGSTRAND, ROBERT WALTER","100 TEAL PL   #C","CHAPEL HILL",NC,27516,100,"",TEAL,"",PL,"",C,"CHAPEL HILL",NC,27516,86,MALE,CARRBORO,"54TH HOUSE",DAMASCUS,"CHAPEL HILL",DEMOCRATIC,WHITE,ACTIVE,"05/02/2006 PRIMARY",5/2/2006
BERNER,"BERNER, ANDREW WILLIAM","205 ROBERT HUNT DR",CARRBORO,NC,27510,205,"","ROBERT HUNT","",DR,"","",CARRBORO,NC,27510,41,MALE,CARRBORO,"56TH HOUSE","NORTH CARRBORO","CHAPEL HILL",DEMOCRATIC,WHITE,ACTIVE,"05/02/2006 PRIMARY",5/2/2006
BERNER,"BERNER, MAUREEN MICHELLE","205 ROBERT HUNT DR",CARRBORO,NC,27510,205,"","ROBERT HUNT","",DR,"","",CARRBORO,NC,27510,40,FEMALE,CARRBORO,"56TH HOUSE","NORTH CARRBORO","CHAPEL HILL",DEMOCRATIC,WHITE,ACTIVE,"05/02/2006 PRIMARY",5/2/2006
BERNSTEIN,"BERNSTEIN, GARY MARSHALL","107 MULBERRY ST   #A",CARRBORO,NC,27510,107,"",MULBERRY,"",ST,"",A,CARRBORO,NC,27510,34,MALE,CARRBORO,"56TH HOUSE","TOWN HALL","CHAPEL HILL",DEMOCRATIC,WHITE,ACTIVE,"05/02/2006 PRIMARY",5/2/2006
BEROLZHEIMER,"BEROLZHEIMER, NATHAN","910 TALLYHO TRL","CHAPEL HILL",NC,27516,910,"",TALLYHO,"",TRL,"","","CHAPEL HILL",NC,27516,57,MALE,CARRBORO,"50TH HOUSE","HOGAN FARMS","CHAPEL HILL",DEMOCRATIC,WHITE,ACTIVE,"05/02/2006 PRIMARY",5/2/2006
BERSON,"BERSON, NANCY LEE","105 MILLROCK CT",CARRBORO,NC,27510,105,"",MILLROCK,"",CT,"","",CARRBORO,NC,27510,54,FEMALE,CARRBORO,"56TH HOUSE","NORTH CARRBORO","CHAPEL HILL",DEMOCRATIC,WHITE,ACTIVE,"05/02/2006 PRIMARY",5/2/2006
BEWERSE,"BEWERSE, BARBARA ANNE","201 HWY 54 BYPASS #111",CARRBORO,NC,27510,201,"","NC HWY 54","",BYP,"",111,CARRBORO,NC,27510,52,FEMALE,CARRBORO,"56TH HOUSE","LIONS CLUB","CHAPEL HILL",DEMOCRATIC,WHITE,ACTIVE,"05/02/2006 PRIMARY",5/2/2006
BEYNON,"BEYNON, JAMES","600 W POPLAR AVE   #349",CARRBORO,NC,27510,600,W,POPLAR,"",AVE,"",349,CARRBORO,NC,27510,85,MALE,CARRBORO,"56TH HOUSE","LIONS CLUB","CHAPEL HILL",DEMOCRATIC,WHITE,ACTIVE,"05/02/2006 PRIMARY",5/2/2006
BIERMAN,"BIERMAN, NANCY ANN","205 WILD OAK LN",CARRBORO,NC,27510,205,"","WILD OAK","",LN,"","",CARRBORO,NC,27510,50,FEMALE,CARRBORO,"56TH HOUSE","NORTH CARRBORO","CHAPEL HILL",DEMOCRATIC,WHITE,ACTIVE,"05/02/2006 PRIMARY",5/2/2006
BILLMAN,"BILLMAN, KOREEN HERALD","104 NC HWY 54 BYPASS #R-335",CARRBORO,NC,27510,2211,"",PATHWAY,"",DR,"","","CHAPEL HILL",NC,27516,42,FEMALE,CARRBORO,"56TH HOUSE","NORTH CARRBORO","CHAPEL HILL",DEMOCRATIC,WHITE,ACTIVE,"05/02/2006 PRIMARY",5/2/2006
BIRCHER,"BIRCHER, RICHARD","208 MAPLE AVE",CARRBORO,NC,27510,208,"",MAPLE,"",AVE,"","",CARRBORO,NC,27510,60,MALE,CARRBORO,"56TH HOUSE","TOWN HALL","CHAPEL HILL",DEMOCRATIC,WHITE,ACTIVE,"05/02/2006 PRIMARY",5/2/2006
BIRCKHEAD,"BIRCKHEAD, PETER","206 MANOR RIDGE DR",CARRBORO,NC,27510,206,"","MANOR RIDGE","",DR,"","",CARRBORO,NC,27510,45,MALE,CARRBORO,"54TH HOUSE",DAMASCUS,"CHAPEL HILL",DEMOCRATIC,WHITE,ACTIVE,"05/02/2006 PRIMARY",5/2/2006
BIRCKHEAD,"BIRCKHEAD, TAMAR REBECCA","206 MANOR RIDGE DR   #37",CARRBORO,NC,27510,206,"","MANOR RIDGE","",DR,"",37,CARRBORO,NC,27510,41,FEMALE,CARRBORO,"54TH HOUSE",DAMASCUS,"CHAPEL HILL",DEMOCRATIC,WHITE,ACTIVE,"05/02/2006 PRIMARY",5/2/2006
BIRKHOLZ,"BIRKHOLZ, JOHN W","105 E POPLAR AVE",CARRBORO,NC,27510,105,E,POPLAR,"",AVE,"","",CARRBORO,NC,27510,41,MALE,CARRBORO,"56TH HOUSE","TOWN HALL","CHAPEL HILL",DEMOCRATIC,WHITE,ACTIVE,"05/02/2006 PRIMARY",5/2/2006
BITON,"BITON, ANNA LEOS-URBEL","108 W CARR ST   #A",CARRBORO,NC,27510,108,W,CARR,"",ST,"",A,CARRBORO,NC,27510,27,FEMALE,CARRBORO,"56TH HOUSE",OWASA,"CHAPEL HILL",DEMOCRATIC,WHITE,ACTIVE,"05/02/2006 PRIMARY",5/2/2006
BITON,"BITON, LEIRAN","108 W CARR ST   #A",CARRBORO,NC,27510,108,W,CARR,"",ST,"",A,CARRBORO,NC,27510,28,MALE,CARRBORO,"56TH HOUSE",OWASA,"CHAPEL HILL",DEMOCRATIC,WHITE,ACTIVE,"05/02/2006 PRIMARY",5/2/2006
BLACKWELL,"BLACKWELL, JEANETTE BREWER","105 DOWNING CT","CHAPEL HILL",NC,27516,105,"",DOWNING,"",CT,"","","CHAPEL HILL",NC,27516,58,FEMALE,CARRBORO,"56TH HOUSE","NORTH CARRBORO","CHAPEL HILL",DEMOCRATIC,"BLACK or AFRICAN AMERICAN",ACTIVE,"05/02/2006 PRIMARY",5/2/2006
BLACKWELL,"BLACKWELL, RUSSELL LEE","105 DOWNING CT","CHAPEL HILL",NC,27516,105,"",DOWNING,"",CT,"","","CHAPEL HILL",NC,27516,60,MALE,CARRBORO,"56TH HOUSE","NORTH CARRBORO","CHAPEL HILL",DEMOCRATIC,"BLACK or AFRICAN AMERICAN",ACTIVE,"05/02/2006 PRIMARY",5/2/2006
BLAISDELL,"BLAISDELL, BENJAMIN SAMUEL","100 MULBERRY ST",CARRBORO,NC,27510,100,"",MULBERRY,"",ST,"","",CARRBORO,NC,27510,37,MALE,CARRBORO,"56TH HOUSE","TOWN HALL","CHAPEL HILL",DEMOCRATIC,WHITE,ACTIVE,"05/02/2006 PRIMARY",5/2/2006
BLAKELEY,"BLAKELEY, GINGER S","107 CIRCADIAN WAY","CHAPEL HILL",NC,27516,107,"",CIRCADIAN,"",WAY,"","","CHAPEL HILL",NC,27516,59,FEMALE,CARRBORO,"56TH HOUSE","NORTH CARRBORO","CHAPEL HILL",DEMOCRATIC,WHITE,ACTIVE,"05/02/2006 PRIMARY",5/2/2006
BLAU,"BLAU, DANIEL MICAH","1130 TALLYHO TRL","CHAPEL HILL",NC,27516,1130,"",TALLYHO,"",TRL,"","","CHAPEL HILL",NC,27516,25,MALE,CARRBORO,"50TH HOUSE","HOGAN FARMS","CHAPEL HILL",DEMOCRATIC,WHITE,ACTIVE,"05/02/2006 PRIMARY",5/2/2006
BLAU,"BLAU, PATRICIA SHERMAN","1130 TALLYHO TRL","CHAPEL HILL",NC,27516,1130,"",TALLYHO,"",TRL,"","","CHAPEL HILL",NC,27516,55,FEMALE,CARRBORO,"50TH HOUSE","HOGAN FARMS","CHAPEL HILL",DEMOCRATIC,WHITE,ACTIVE,"05/02/2006 PRIMARY",5/2/2006
BLAU,"BLAU, WILLIAM STEPHEN","1130 TALLYHO TRL","CHAPEL HILL",NC,27516,1130,"",TALLYHO,"",TRL,"","","CHAPEL HILL",NC,27516,56,MALE,CARRBORO,"50TH HOUSE","HOGAN FARMS","CHAPEL HILL",DEMOCRATIC,WHITE,ACTIVE,"05/02/2006 PRIMARY",5/2/2006
BONNEVILLE,"BONNEVILLE, BRAD J","210 MAPLE AVE   #B",CARRBORO,NC,27510,210,"",MAPLE,"",AVE,"",B,CARRBORO,NC,27510,35,MALE,CARRBORO,"56TH HOUSE","TOWN HALL","CHAPEL HILL",DEMOCRATIC,WHITE,ACTIVE,"05/02/2006 PRIMARY",5/2/2006
BOWERS,"BOWERS, MATTHEW B","110 WALDEN DR",CARRBORO,NC,27510,110,"",WALDEN,"",DR,"","",CARRBORO,NC,27510,35,MALE,CARRBORO,"56TH HOUSE",OWASA,"CHAPEL HILL",DEMOCRATIC,WHITE,ACTIVE,"05/02/2006 PRIMARY",5/2/2006
BOYER,"BOYER, THOMAS WARNER","PO BOX 302",CARRBORO,NC,27510,103,"",EVANS,"",CT,"","",CARRBORO,NC,27510,55,MALE,CARRBORO,"56TH HOUSE","TOWN HALL","CHAPEL HILL",DEMOCRATIC,WHITE,ACTIVE,"05/02/2006 PRIMARY",5/2/2006
BOYER,"BOYER, VICKI VARS","PO BOX 302",CARRBORO,NC,27510,103,"",EVANS,"",CT,"","",CARRBORO,NC,27510,54,FEMALE,CARRBORO,"56TH HOUSE","TOWN HALL","CHAPEL HILL",DEMOCRATIC,WHITE,ACTIVE,"05/02/2006 PRIMARY",5/2/2006
BOYLE,"BOYLE, PHILLIP","106 WEATHERVANE DR",CARRBORO,NC,27510,106,"",WEATHERVANE,"",DR,"","",CARRBORO,NC,27510,53,MALE,CARRBORO,"56TH HOUSE","TOWN HALL","CHAPEL HILL",DEMOCRATIC,UNDESIGNATED,ACTIVE,"05/02/2006 PRIMARY",5/2/2006
BRACHE,"BRACHE, SUSANA ELIZABETH","124 FIDELITY ST   #42",CARRBORO,NC,27510,124,"",FIDELITY,"",ST,"",42,CARRBORO,NC,27510,51,FEMALE,CARRBORO,"56TH HOUSE","LIONS CLUB","CHAPEL HILL",DEMOCRATIC,WHITE,ACTIVE,"05/02/2006 PRIMARY",5/2/2006
BRADLEY,"BRADLEY, LORRIE ELIZABETH","606 N GREENSBORO ST   #C-4",CARRBORO,NC,27510,606,N,GREENSBORO,"",ST,"",C-4,CARRBORO,NC,27510,28,FEMALE,CARRBORO,"56TH HOUSE","TOWN HALL","CHAPEL HILL",DEMOCRATIC,WHITE,ACTIVE,"05/02/2006 PRIMARY",5/2/2006
BRANDMEYER,"BRANDMEYER, JOELLEN","203 CATES FARM RD","CHAPEL HILL",NC,27516,203,"","CATES FARM","",RD,"","","CHAPEL HILL",NC,27516,51,FEMALE,CARRBORO,"56TH HOUSE","NORTH CARRBORO","CHAPEL HILL",DEMOCRATIC,WHITE,ACTIVE,"05/02/2006 PRIMARY",5/2/2006
BRANDON,"BRANDON, ALAN G","124 OAK ST",CARRBORO,NC,27510,124,"",OAK,"",ST,"","",CARRBORO,NC,27510,83,MALE,CARRBORO,"56TH HOUSE",CARRBORO,"CHAPEL HILL",DEMOCRATIC,WHITE,ACTIVE,"05/02/2006 PRIMARY",5/2/2006
BRANDON,"BRANDON, NORMA H","124 OAK ST",CARRBORO,NC,27510,124,"",OAK,"",ST,"","",CARRBORO,NC,27510,81,FEMALE,CARRBORO,"56TH HOUSE",CARRBORO,"CHAPEL HILL",DEMOCRATIC,WHITE,ACTIVE,"05/02/2006 PRIMARY",5/2/2006
BRANNON,"BRANNON, ANGELA ROSE","126 BEECHWOOD DR",CARRBORO,NC,27510,126,"",BEECHWOOD,"",DR,"","",CARRBORO,NC,27510,27,FEMALE,CARRBORO,"56TH HOUSE",OWASA,"CHAPEL HILL",DEMOCRATIC,WHITE,ACTIVE,"05/02/2006 PRIMARY",5/2/2006
BRATSCH,"BRATSCH, MARY ELIZABETH","131 VIBURNUM WAY",CARRBORO,NC,27510,131,"",VIBURNUM,"",WAY,"","",CARRBORO,NC,27510,28,FEMALE,CARRBORO,"56TH HOUSE","TOWN HALL","CHAPEL HILL",DEMOCRATIC,WHITE,ACTIVE,"05/02/2006 PRIMARY",5/2/2006
BRAUER,"BRAUER, STEVEN SCOTT","412 WATERSIDE DR",CARRBORO,NC,27510,412,"",WATERSIDE,"",DR,"","",CARRBORO,NC,27510,46,MALE,CARRBORO,"56TH HOUSE","NORTH CARRBORO","CHAPEL HILL",DEMOCRATIC,WHITE,ACTIVE,"05/02/2006 PRIMARY",5/2/2006
BRIGGS,"BRIGGS, CAROLYN","116 PRINCE ST",CARRBORO,NC,27510,116,"",PRINCE,"",ST,"","",CARRBORO,NC,27510,59,FEMALE,CARRBORO,"56TH HOUSE",OWASA,"CHAPEL HILL",DEMOCRATIC,"BLACK or AFRICAN AMERICAN",ACTIVE,"05/02/2006 PRIMARY",5/2/2006
BRIM,"BRIM, WAYNE MCCLINTON","102 JAMES ST",CARRBORO,NC,27510,102,"",JAMES,"",ST,"","",CARRBORO,NC,27510,57,MALE,CARRBORO,"56TH HOUSE",CARRBORO,"CHAPEL HILL",DEMOCRATIC,"BLACK or AFRICAN AMERICAN",ACTIVE,"05/02/2006 PRIMARY",5/2/2006
BRINKHOUS,"BRINKHOUS, HEATHER LOUISE","309 BLUERIDGE RD",CARRBORO,NC,27510,309,"",BLUERIDGE,"",RD,"","",CARRBORO,NC,27510,34,FEMALE,CARRBORO,"56TH HOUSE","NORTH CARRBORO","CHAPEL HILL",DEMOCRATIC,WHITE,ACTIVE,"05/02/2006 PRIMARY",5/2/2006
BRINSON,"BRINSON, JESSICA LYNNE","400 DAVIE RD   #67",CARRBORO,NC,27510,400,"",DAVIE,"",RD,"",67,CARRBORO,NC,27510,28,FEMALE,CARRBORO,"56TH HOUSE","LIONS CLUB","CHAPEL HILL",DEMOCRATIC,WHITE,ACTIVE,"05/02/2006 PRIMARY",5/2/2006
BRISTER,"BRISTER, BARBARA","411 WATERSIDE DR",CARRBORO,NC,27510,411,"",WATERSIDE,"",DR,"","",CARRBORO,NC,27510,58,FEMALE,CARRBORO,"56TH HOUSE","NORTH CARRBORO","CHAPEL HILL",DEMOCRATIC,WHITE,ACTIVE,"05/02/2006 PRIMARY",5/2/2006
BRODISH,"BRODISH, PAUL HENRY","111 CREEKVIEW CIR",CARRBORO,NC,27510,111,"",CREEKVIEW,"",CIR,"","",CARRBORO,NC,27510,43,MALE,CARRBORO,"56TH HOUSE","NORTH CARRBORO","CHAPEL HILL",DEMOCRATIC,WHITE,ACTIVE,"05/02/2006 PRIMARY",5/2/2006
BROOK,"BROOK, CHRISTOPHER ANDERSON","200 ELM ST",CARRBORO,NC,27510,200,"",ELM,"",ST,"","",CARRBORO,NC,27510,27,MALE,CARRBORO,"56TH HOUSE","TOWN HALL","CHAPEL HILL",DEMOCRATIC,WHITE,ACTIVE,"05/02/2006 PRIMARY",5/2/2006
BROOKE,"BROOKE, CAROL LEE","102 ROCKY PT",CARRBORO,NC,27510,102,"",ROCKY,"",PT,"","",CARRBORO,NC,27510,41,FEMALE,CARRBORO,"56TH HOUSE",CARRBORO,"CHAPEL HILL",DEMOCRATIC,WHITE,ACTIVE,"05/02/2006 PRIMARY",5/2/2006
BROOKS,"BROOKS, KENT ROSS","222 OLD FAYETTEVILLE RD   #M104",CARRBORO,NC,27510,222,"","OLD FAYETTEVILLE","",RD,"",M104,CARRBORO,NC,27510,40,MALE,CARRBORO,"56TH HOUSE","LIONS CLUB","CHAPEL HILL",DEMOCRATIC,"BLACK or AFRICAN AMERICAN",ACTIVE,"05/02/2006 PRIMARY",5/2/2006
BROOKS,"BROOKS, LAURA E","127 LAKE HOGAN FARM RD","CHAPEL HILL",NC,27516,127,"","LAKE HOGAN FARM","",RD,"","","CHAPEL HILL",NC,27516,43,FEMALE,CARRBORO,"50TH HOUSE","HOGAN FARMS","CHAPEL HILL",DEMOCRATIC,WHITE,ACTIVE,"05/02/2006 PRIMARY",5/2/2006
BROOKS,"BROOKS, LUCILLE EDWARD","600 W POPLAR AVE   #327",CARRBORO,NC,27510,600,W,POPLAR,"",AVE,"",327,CARRBORO,NC,27510,77,FEMALE,CARRBORO,"56TH HOUSE","LIONS CLUB","CHAPEL HILL",DEMOCRATIC,"BLACK or AFRICAN AMERICAN",ACTIVE,"05/02/2006 PRIMARY",5/2/2006
BROOKS,"BROOKS, MARION JONES","101-B EUGENE ST",CARRBORO,NC,27510,101,"",EUGENE,"",ST,"","",CARRBORO,NC,27510,73,FEMALE,CARRBORO,"56TH HOUSE","TOWN HALL","CHAPEL HILL",DEMOCRATIC,"BLACK or AFRICAN AMERICAN",ACTIVE,"05/02/2006 PRIMARY",5/2/2006
BROUN,"BROUN, JOAL HALL","107 CREEKVIEW CIR",CARRBORO,NC,27510,107,"",CREEKVIEW,"",CIR,"","",CARRBORO,NC,27510,46,FEMALE,CARRBORO,"56TH HOUSE","NORTH CARRBORO","CHAPEL HILL",DEMOCRATIC,"BLACK or AFRICAN AMERICAN",ACTIVE,"05/02/2006 PRIMARY",5/2/2006
BROUN,"BROUN, JONATHAN EDWARD","107 CREEKVIEW CIR",CARRBORO,NC,27510,107,"",CREEKVIEW,"",CIR,"","",CARRBORO,NC,27510,42,MALE,CARRBORO,"56TH HOUSE","NORTH CARRBORO","CHAPEL HILL",DEMOCRATIC,WHITE,ACTIVE,"05/02/2006 PRIMARY",5/2/2006
BROWER,"BROWER, DAVID JOHN II","102 WILLIAMS ST",CARRBORO,NC,27510,102,"",WILLIAMS,"",ST,"","",CARRBORO,NC,27510,40,MALE,CARRBORO,"56TH HOUSE","TOWN HALL","CHAPEL HILL",DEMOCRATIC,WHITE,ACTIVE,"05/02/2006 PRIMARY",5/2/2006
BROWN,"BROWN, ELIZABETH MARIA MARKATOS","310 BLUERIDGE RD",CARRBORO,NC,27510,310,"",BLUERIDGE,"",RD,"","",CARRBORO,NC,27510,31,FEMALE,CARRBORO,"56TH HOUSE","NORTH CARRBORO","CHAPEL HILL",DEMOCRATIC,WHITE,ACTIVE,"05/02/2006 PRIMARY",5/2/2006
BROWN,"BROWN, JEFFREY AARON","501 JONES FERRY RD   #W11",CARRBORO,NC,27510,501,"","JONES FERRY","",RD,"",W11,CARRBORO,NC,27510,31,MALE,CARRBORO,"56TH HOUSE",OWASA,"CHAPEL HILL",DEMOCRATIC,"BLACK or AFRICAN AMERICAN",ACTIVE,"05/02/2006 PRIMARY",5/2/2006
BROWN,"BROWN, MARTHA BROADUS","606 ROBERT HUNT DR",CARRBORO,NC,27510,606,"","ROBERT HUNT","",DR,"","",CARRBORO,NC,27510,59,FEMALE,CARRBORO,"56TH HOUSE","NORTH CARRBORO","CHAPEL HILL",DEMOCRATIC,WHITE,ACTIVE,"05/02/2006 PRIMARY",5/2/2006
BRYAN,"BRYAN, SUSAN E","2003 CAMDEN LN","CHAPEL HILL",NC,27516,2003,"",CAMDEN,"",LN,"","","CHAPEL HILL",NC,27516,53,FEMALE,CARRBORO,"50TH HOUSE","HOGAN FARMS","CHAPEL HILL",DEMOCRATIC,WHITE,ACTIVE,"05/02/2006 PRIMARY",5/2/2006
BRYANT,"BRYANT, JANICE ELAINE","1905 PATHWAY DR","CHAPEL HILL",NC,27516,1905,"",PATHWAY,"",DR,"","","CHAPEL HILL",NC,27516,43,FEMALE,CARRBORO,"56TH HOUSE","NORTH CARRBORO","CHAPEL HILL",DEMOCRATIC,WHITE,ACTIVE,"05/02/2006 PRIMARY",5/2/2006
BRZOZOWSKI,"BRZOZOWSKI, BONNIE SUE","201 WESTBROOK DR   #F7",CARRBORO,NC,27510,201,"",WESTBROOK,"",DR,"",F7,CARRBORO,NC,27510,26,FEMALE,CARRBORO,"56TH HOUSE",OWASA,"CHAPEL HILL",DEMOCRATIC,WHITE,ACTIVE,"05/02/2006 PRIMARY",5/2/2006
BUCKLEY,"BUCKLEY, HENDEY SUZANNE","112 NC HWY 54 BYP   #I-5",CARRBORO,NC,27510,112,"","NC HWY 54","",BYP,"",I-5,CARRBORO,NC,27510,26,FEMALE,CARRBORO,"56TH HOUSE","LIONS CLUB","CHAPEL HILL",DEMOCRATIC,WHITE,ACTIVE,"05/02/2006 PRIMARY",5/2/2006
BUCKLEY,"BUCKLEY, RAE LEWRAINE","118 ESTES DRIVE EXT",CARRBORO,NC,27510,118,"","ESTES DRIVE","",EXT,"","",CARRBORO,NC,27510,32,FEMALE,CARRBORO,"56TH HOUSE","TOWN HALL","CHAPEL HILL",DEMOCRATIC,WHITE,ACTIVE,"05/02/2006 PRIMARY",5/2/2006
BUCY,"BUCY, CYNTHIA LYNN","802 HILLSBOROUGH RD   #C","CHAPEL HILL",NC,27516,802,"",HILLSBOROUGH,"",RD,"",C,"CHAPEL HILL",NC,27516,46,FEMALE,CARRBORO,"56TH HOUSE","NORTH CARRBORO","CHAPEL HILL",DEMOCRATIC,WHITE,ACTIVE,"05/02/2006 PRIMARY",5/2/2006
BURGARD,"BURGARD, SHEILA LOUGHRAN","215 CATES FARM RD","CHAPEL HILL",NC,27516,215,"","CATES FARM","",RD,"","","CHAPEL HILL",NC,27516,45,FEMALE,CARRBORO,"56TH HOUSE","NORTH CARRBORO","CHAPEL HILL",DEMOCRATIC,WHITE,ACTIVE,"05/02/2006 PRIMARY",5/2/2006
BURIAN,"BURIAN, PETER HART","307 BLUERIDGE RD",CARRBORO,NC,27510,307,"",BLUERIDGE,"",RD,"","",CARRBORO,NC,27510,63,MALE,CARRBORO,"56TH HOUSE","NORTH CARRBORO","CHAPEL HILL",DEMOCRATIC,WHITE,ACTIVE,"05/02/2006 PRIMARY",5/2/2006
BURNETTE,"BURNETTE, ALVATER A","102 HILL ST",CARRBORO,NC,27510,102,"",HILL,"",ST,"","",CARRBORO,NC,27510,70,FEMALE,CARRBORO,"56TH HOUSE","TOWN HALL","CHAPEL HILL",DEMOCRATIC,"BLACK or AFRICAN AMERICAN",ACTIVE,"05/02/2006 PRIMARY",5/2/2006
BURNETTE,"BURNETTE, BELINDA ROSE","210 PRINCE ST",CARRBORO,NC,27510,210,"",PRINCE,"",ST,"","",CARRBORO,NC,27510,44,FEMALE,CARRBORO,"56TH HOUSE",OWASA,"CHAPEL HILL",DEMOCRATIC,"BLACK or AFRICAN AMERICAN",ACTIVE,"05/02/2006 PRIMARY",5/2/2006
BURNETTE,"BURNETTE, DEBORAH A","105 FOWLER ST   #B",CARRBORO,NC,27510,105,"",FOWLER,"",ST,"",B,CARRBORO,NC,27510,36,FEMALE,CARRBORO,"56TH HOUSE","TOWN HALL","CHAPEL HILL",DEMOCRATIC,WHITE,ACTIVE,"05/02/2006 PRIMARY",5/2/2006
BURNETTE,"BURNETTE, JAMES PAUL","102 HILL ST",CARRBORO,NC,27510,102,"",HILL,"",ST,"","",CARRBORO,NC,27510,69,MALE,CARRBORO,"56TH HOUSE","TOWN HALL","CHAPEL HILL",DEMOCRATIC,"BLACK or AFRICAN AMERICAN",ACTIVE,"05/02/2006 PRIMARY",5/2/2006
BURNETTE,"BURNETTE, JAMES PERVIS","105 FOWLER ST   #B",CARRBORO,NC,27510,105,"",FOWLER,"",ST,"",B,CARRBORO,NC,27510,41,MALE,CARRBORO,"56TH HOUSE","TOWN HALL","CHAPEL HILL",DEMOCRATIC,"BLACK or AFRICAN AMERICAN",ACTIVE,"05/02/2006 PRIMARY",5/2/2006
BURNETTE,"BURNETTE, LINDA MARIE","PO BOX 681",CARRBORO,NC,27510,201,"","NC HWY 54","",BYP,"",101,CARRBORO,NC,27510,61,FEMALE,CARRBORO,"56TH HOUSE","LIONS CLUB","CHAPEL HILL",DEMOCRATIC,"BLACK or AFRICAN AMERICAN",ACTIVE,"05/02/2006 PRIMARY",5/2/2006
BURNETTE,"BURNETTE, WILLIE BEATRICE","108 GLOSSON CIR",CARRBORO,NC,27510,108,"",GLOSSON,"",CIR,"","",CARRBORO,NC,27510,75,FEMALE,CARRBORO,"56TH HOUSE","LIONS CLUB","CHAPEL HILL",DEMOCRATIC,"BLACK or AFRICAN AMERICAN",ACTIVE,"05/02/2006 PRIMARY",5/2/2006
BURNS,"BURNS, ELIZABETH JANE","406 S GREENSBORO ST",CARRBORO,NC,27510,406,S,GREENSBORO,"",ST,"","",CARRBORO,NC,27510,58,FEMALE,CARRBORO,"56TH HOUSE",OWASA,"CHAPEL HILL",DEMOCRATIC,WHITE,ACTIVE,"05/02/2006 PRIMARY",5/2/2006
BURNS,"BURNS, FREDERICK WILLIAM","406 S GREENSBORO ST",CARRBORO,NC,27510,406,S,GREENSBORO,"",ST,"","",CARRBORO,NC,27510,59,MALE,CARRBORO,"56TH HOUSE",OWASA,"CHAPEL HILL",DEMOCRATIC,WHITE,ACTIVE,"05/02/2006 PRIMARY",5/2/2006
BURNS,"BURNS, KATHRYN JANE","404 OAK AVE",CARRBORO,NC,27510,404,"",OAK,"",AVE,"","",CARRBORO,NC,27510,48,FEMALE,CARRBORO,"56TH HOUSE",CARRBORO,"CHAPEL HILL",DEMOCRATIC,WHITE,ACTIVE,"05/02/2006 PRIMARY",5/2/2006
BURNS,"BURNS, KIMBERLIE ANN","103 HARVEST CT",CARRBORO,NC,27510,103,"",HARVEST,"",CT,"","",CARRBORO,NC,27510,46,FEMALE,CARRBORO,"56TH HOUSE","TOWN HALL","CHAPEL HILL",DEMOCRATIC,WHITE,ACTIVE,"05/02/2006 PRIMARY",5/2/2006
BURRELL,"BURRELL, NEIL DAVID","420 S GREENSBORO ST",CARRBORO,NC,27510,420,S,GREENSBORO,"",ST,"","",CARRBORO,NC,27510,30,MALE,CARRBORO,"56TH HOUSE",OWASA,"CHAPEL HILL",DEMOCRATIC,WHITE,ACTIVE,"05/02/2006 PRIMARY",5/2/2006
BUSH,"BUSH, DEBORAH","107 SUNSET CREEK CIR","CHAPEL HILL",NC,27516,107,"","SUNSET CREEK","",CIR,"","","CHAPEL HILL",NC,27516,56,FEMALE,CARRBORO,"56TH HOUSE","NORTH CARRBORO","CHAPEL HILL",DEMOCRATIC,WHITE,ACTIVE,"05/02/2006 PRIMARY",5/2/2006
BUSH,"BUSH, LEONARD ERIC","107 SUNSET CREEK CIR","CHAPEL HILL",NC,27516,107,"","SUNSET CREEK","",CIR,"","","CHAPEL HILL",NC,27516,62,MALE,CARRBORO,"56TH HOUSE","NORTH CARRBORO","CHAPEL HILL",DEMOCRATIC,WHITE,ACTIVE,"05/02/2006 PRIMARY",5/2/2006
BUTLER,"BUTLER, CAROLINE KOONCE","122 OAK ST",CARRBORO,NC,27510,122,"",OAK,"",ST,"","",CARRBORO,NC,27510,58,FEMALE,CARRBORO,"56TH HOUSE",CARRBORO,"CHAPEL HILL",DEMOCRATIC,WHITE,ACTIVE,"05/02/2006 PRIMARY",5/2/2006
BUTLER,"BUTLER, JOHN HENRY","201 GARY RD",CARRBORO,NC,27510,201,"",GARY,"",RD,"","",CARRBORO,NC,27510,60,MALE,CARRBORO,"56TH HOUSE","LIONS CLUB","CHAPEL HILL",DEMOCRATIC,WHITE,ACTIVE,"05/02/2006 PRIMARY",5/2/2006
BUTLER,"BUTLER, PAMELA T","201 GARY RD",CARRBORO,NC,27510,201,"",GARY,"",RD,"","",CARRBORO,NC,27510,47,FEMALE,CARRBORO,"56TH HOUSE","LIONS CLUB","CHAPEL HILL",DEMOCRATIC,WHITE,ACTIVE,"05/02/2006 PRIMARY",5/2/2006
BUTTERS,"BUTTERS, JONATHAN SIMMONS","108 WINSOME LN","CHAPEL HILL",NC,27516,108,"",WINSOME,"",LN,"","","CHAPEL HILL",NC,27516,53,MALE,CARRBORO,"56TH HOUSE",CARRBORO,"CHAPEL HILL",DEMOCRATIC,WHITE,ACTIVE,"05/02/2006 PRIMARY",5/2/2006
BYASSEE,"BYASSEE, JEAN L","157 VIBURNUM WAY",CARRBORO,NC,27510,107,E,POPLAR,"",AVE,"","",CARRBORO,NC,27510,59,FEMALE,CARRBORO,"56TH HOUSE","TOWN HALL","CHAPEL HILL",DEMOCRATIC,WHITE,ACTIVE,"05/02/2006 PRIMARY",5/2/2006
BYNUM,"BYNUM, CARRIE DAVIS","201 KING ST",CARRBORO,NC,27510,201,"",KING,"",ST,"","",CARRBORO,NC,27510,72,FEMALE,CARRBORO,"56TH HOUSE",OWASA,"CHAPEL HILL",DEMOCRATIC,"BLACK or AFRICAN AMERICAN",ACTIVE,"05/02/2006 PRIMARY",5/2/2006
CAIGNON,"CAIGNON, DENISE JEANETTE","124 CIRCADIAN WAY","CHAPEL HILL",NC,27516,124,"",CIRCADIAN,"",WAY,"","","CHAPEL HILL",NC,27516,52,FEMALE,CARRBORO,"56TH HOUSE","NORTH CARRBORO","CHAPEL HILL",DEMOCRATIC,WHITE,ACTIVE,"05/02/2006 PRIMARY",5/2/2006
CALDERHEAD,"CALDERHEAD, DAVID MOFFITT","101 JASMINE CT",CARRBORO,NC,27510,101,"",JASMINE,"",CT,"","",CARRBORO,NC,27510,48,MALE,CARRBORO,"56TH HOUSE","NORTH CARRBORO","CHAPEL HILL",DEMOCRATIC,WHITE,ACTIVE,"05/02/2006 PRIMARY",5/2/2006
CALDWELL,"CALDWELL, CASEY HYATT","606 N GREENSBORO ST   #D1",CARRBORO,NC,27510,606,N,GREENSBORO,"",ST,"",D1,CARRBORO,NC,27510,25,MALE,CARRBORO,"56TH HOUSE","TOWN HALL","CHAPEL HILL",DEMOCRATIC,WHITE,ACTIVE,"05/02/2006 PRIMARY",5/2/2006
CALHOUN,"CALHOUN, THEODORE  JR","107 BRUTON DR","CHAPEL HILL",NC,27516,107,"",BRUTON,"",DR,"","","CHAPEL HILL",NC,27516,42,MALE,CARRBORO,"56TH HOUSE","NORTH CARRBORO","CHAPEL HILL",DEMOCRATIC,"BLACK or AFRICAN AMERICAN",ACTIVE,"05/02/2006 PRIMARY",5/2/2006
CAMERON,"CAMERON, ALLEN P","200 COBBLESTONE DR","CHAPEL HILL",NC,27516,200,"",COBBLESTONE,"",DR,"","","CHAPEL HILL",NC,27516,47,MALE,CARRBORO,"56TH HOUSE","NORTH CARRBORO","CHAPEL HILL",DEMOCRATIC,WHITE,ACTIVE,"05/02/2006 PRIMARY",5/2/2006
CAMINITI,"CAMINITI, MELISSA JO","105 CALUMET CT",CARRBORO,NC,27510,105,"",CALUMET,"",CT,"","",CARRBORO,NC,27510,33,FEMALE,CARRBORO,"56TH HOUSE","NORTH CARRBORO","CHAPEL HILL",DEMOCRATIC,WHITE,ACTIVE,"05/02/2006 PRIMARY",5/2/2006
CANADA,"CANADA, RACHEL ANNE","505 OAK AVE",CARRBORO,NC,27510,505,"",OAK,"",AVE,"","",CARRBORO,NC,27510,35,FEMALE,CARRBORO,"56TH HOUSE",CARRBORO,"CHAPEL HILL",DEMOCRATIC,WHITE,ACTIVE,"05/02/2006 PRIMARY",5/2/2006
CANNON,"CANNON, MARGARET MCCLEARY","115 HIGH ST",CARRBORO,NC,27510,115,"",HIGH,"",ST,"","",CARRBORO,NC,27510,37,FEMALE,CARRBORO,"56TH HOUSE",CARRBORO,"CHAPEL HILL",DEMOCRATIC,WHITE,ACTIVE,"05/02/2006 PRIMARY",5/2/2006
CAPPARELLA,"CAPPARELLA, VIRGINIA S","119 FIDELITY ST   #F1",CARRBORO,NC,27510,119,"",FIDELITY,"",ST,"",F1,CARRBORO,NC,27510,76,FEMALE,CARRBORO,"56TH HOUSE","LIONS CLUB","CHAPEL HILL",DEMOCRATIC,WHITE,ACTIVE,"05/02/2006 PRIMARY",5/2/2006
CAPPELL,"CAPPELL, KATHRYN MARIE","100 ROCK HAVEN RD   #P203",CARRBORO,NC,27510,100,"","ROCK HAVEN","",RD,"",P203,CARRBORO,NC,27510,24,FEMALE,CARRBORO,"54TH HOUSE",DAMASCUS,"CHAPEL HILL",DEMOCRATIC,WHITE,ACTIVE,"05/02/2006 PRIMARY",5/2/2006
CARLSON,"CARLSON, ALBERT PAUL","306 RAINBOW DR",CARRBORO,NC,27510,306,"",RAINBOW,"",DR,"","",CARRBORO,NC,27510,70,MALE,CARRBORO,"56TH HOUSE",CARRBORO,"CHAPEL HILL",DEMOCRATIC,WHITE,ACTIVE,"05/02/2006 PRIMARY",5/2/2006
CARLSON,"CARLSON, CHRISTINE NEWOK","306 RAINBOW DR",CARRBORO,NC,27510,306,"",RAINBOW,"",DR,"","",CARRBORO,NC,27510,65,FEMALE,CARRBORO,"56TH HOUSE",CARRBORO,"CHAPEL HILL",DEMOCRATIC,WHITE,ACTIVE,"05/02/2006 PRIMARY",5/2/2006
CARLSON,"CARLSON, JOHN RICHARD","102 MORNINGSIDE DR",CARRBORO,NC,27510,102,"",MORNINGSIDE,"",DR,"","",CARRBORO,NC,27510,39,MALE,CARRBORO,"56TH HOUSE","NORTH CARRBORO","CHAPEL HILL",DEMOCRATIC,WHITE,ACTIVE,"05/02/2006 PRIMARY",5/2/2006
CARLSTON,"CARLSTON, ERIN G","238 STABLE RD",CARRBORO,NC,27510,238,"",STABLE,"",RD,"","",CARRBORO,NC,27510,44,FEMALE,CARRBORO,"56TH HOUSE","TOWN HALL","CHAPEL HILL",DEMOCRATIC,WHITE,ACTIVE,"05/02/2006 PRIMARY",5/2/2006
CARMICHAEL,"CARMICHAEL, CLAY ANNE","100 HILLSBOROUGH RD",CARRBORO,NC,27510,100,"",HILLSBOROUGH,"",RD,"","",CARRBORO,NC,27510,51,FEMALE,CARRBORO,"56TH HOUSE","TOWN HALL","CHAPEL HILL",DEMOCRATIC,WHITE,ACTIVE,"05/02/2006 PRIMARY",5/2/2006
CARNAHAN,"CARNAHAN, JAMES ANSLEY","122 OAK ST",CARRBORO,NC,27510,122,"",OAK,"",ST,"","",CARRBORO,NC,27510,61,MALE,CARRBORO,"56TH HOUSE",CARRBORO,"CHAPEL HILL",DEMOCRATIC,WHITE,ACTIVE,"05/02/2006 PRIMARY",5/2/2006
CARR,"CARR, CAROL S","102 WILD OAK LN",CARRBORO,NC,27510,102,"","WILD OAK","",LN,"","",CARRBORO,NC,27510,63,FEMALE,CARRBORO,"56TH HOUSE","NORTH CARRBORO","CHAPEL HILL",DEMOCRATIC,WHITE,ACTIVE,"05/02/2006 PRIMARY",5/2/2006
CARR,"CARR, DAVID W","102 WILD OAK LN",CARRBORO,NC,27510,102,"","WILD OAK","",LN,"","",CARRBORO,NC,27510,62,MALE,CARRBORO,"56TH HOUSE","NORTH CARRBORO","CHAPEL HILL",DEMOCRATIC,WHITE,ACTIVE,"05/02/2006 PRIMARY",5/2/2006
CARROZZA,"CARROZZA, MICHAEL JOHN","601 JONES FERRY RD   #G8",CARRBORO,NC,27510,601,"","JONES FERRY","",RD,"",G8,CARRBORO,NC,27510,40,MALE,CARRBORO,"56TH HOUSE",OWASA,"CHAPEL HILL",DEMOCRATIC,WHITE,ACTIVE,"05/02/2006 PRIMARY",5/2/2006
CARSON,"CARSON, ROBERTA KAY","309 SWEET BAY PL",CARRBORO,NC,27510,309,"","SWEET BAY","",PL,"","",CARRBORO,NC,27510,64,FEMALE,CARRBORO,"56TH HOUSE","TOWN HALL","CHAPEL HILL",DEMOCRATIC,WHITE,ACTIVE,"05/02/2006 PRIMARY",5/2/2006
CARTER,"CARTER, DEBORAH D","1542 PATHWAY DR",CARRBORO,NC,27510,1542,"",PATHWAY,"",DR,"","",CARRBORO,NC,27510,51,FEMALE,CARRBORO,"56TH HOUSE","NORTH CARRBORO","CHAPEL HILL",DEMOCRATIC,"BLACK or AFRICAN AMERICAN",ACTIVE,"05/02/2006 PRIMARY",5/2/2006
CARTER,"CARTER, ELIZABETH MASON","203 KING ST",CARRBORO,NC,27510,203,"",KING,"",ST,"","",CARRBORO,NC,27510,56,FEMALE,CARRBORO,"56TH HOUSE",OWASA,"CHAPEL HILL",DEMOCRATIC,"BLACK or AFRICAN AMERICAN",ACTIVE,"05/02/2006 PRIMARY",5/2/2006
CARTER,"CARTER, ERIN LOUISE","104 BREWER LN   #C6",CARRBORO,NC,27510,104,"",BREWER,"",LN,"",C6,CARRBORO,NC,27510,21,FEMALE,CARRBORO,"56TH HOUSE","TOWN HALL","CHAPEL HILL",DEMOCRATIC,WHITE,ACTIVE,"05/02/2006 PRIMARY",5/2/2006
CARTER,"CARTER, LOGAN ALEXIS","209 SIMPSON ST",CARRBORO,NC,27510,209,"",SIMPSON,"",ST,"","",CARRBORO,NC,27510,41,MALE,CARRBORO,"56TH HOUSE",CARRBORO,"CHAPEL HILL",DEMOCRATIC,WHITE,ACTIVE,"05/02/2006 PRIMARY",5/2/2006
CARTER,"CARTER, LORI ELIZABETH","209 SIMPSON ST",CARRBORO,NC,27510,209,"",SIMPSON,"",ST,"","",CARRBORO,NC,27510,36,FEMALE,CARRBORO,"56TH HOUSE",CARRBORO,"CHAPEL HILL",DEMOCRATIC,WHITE,ACTIVE,"05/02/2006 PRIMARY",5/2/2006
CARTER,"CARTER, WILLIAM  JR","111 PRINCE ST",CARRBORO,NC,27510,111,"",PRINCE,"",ST,"","",CARRBORO,NC,27510,58,MALE,CARRBORO,"56TH HOUSE",OWASA,"CHAPEL HILL",DEMOCRATIC,"BLACK or AFRICAN AMERICAN",ACTIVE,"05/02/2006 PRIMARY",5/2/2006
CATES,"CATES, BETTY T","103 COBBLESTONE PL","CHAPEL HILL",NC,27516,103,"",COBBLESTONE,"",PL,"","","CHAPEL HILL",NC,27516,58,FEMALE,CARRBORO,"56TH HOUSE","NORTH CARRBORO","CHAPEL HILL",DEMOCRATIC,WHITE,ACTIVE,"05/02/2006 PRIMARY",5/2/2006
CHAMPAGNE,"CHAMPAGNE, ARTHUR E","205 WILD OAK LN",CARRBORO,NC,27510,205,"","WILD OAK","",LN,"","",CARRBORO,NC,27510,50,MALE,CARRBORO,"56TH HOUSE","NORTH CARRBORO","CHAPEL HILL",DEMOCRATIC,WHITE,ACTIVE,"05/02/2006 PRIMARY",5/2/2006
CHANCER,"CHANCER, PATRICIA CRIMMINS","303 SPRING VALLEY RD",CARRBORO,NC,27510,303,"","SPRING VALLEY","",RD,"","",CARRBORO,NC,27510,61,FEMALE,CARRBORO,"56TH HOUSE","NORTH CARRBORO","CHAPEL HILL",DEMOCRATIC,WHITE,ACTIVE,"05/02/2006 PRIMARY",5/2/2006
CHANDLER,"CHANDLER, HELEN E","1011 BUGLE CT","CHAPEL HILL",NC,27516,1011,"",BUGLE,"",CT,"","","CHAPEL HILL",NC,27516,47,FEMALE,CARRBORO,"50TH HOUSE","HOGAN FARMS","CHAPEL HILL",DEMOCRATIC,WHITE,ACTIVE,"05/02/2006 PRIMARY",5/2/2006
CHARD,"CHARD, WALTER JAMES","605 JONES FERRY RD   #LL5",CARRBORO,NC,27510,605,"","JONES FERRY","",RD,"",LL5,CARRBORO,NC,27510,29,MALE,CARRBORO,"56TH HOUSE",OWASA,"CHAPEL HILL",DEMOCRATIC,WHITE,ACTIVE,"05/02/2006 PRIMARY",5/2/2006
CHARLES,"CHARLES, HAL CECIL","718 OLD FAYETTEVILLE RD","CHAPEL HILL",NC,27516,718,"","OLD FAYETTEVILLE","",RD,"","","CHAPEL HILL",NC,27516,57,MALE,CARRBORO,"56TH HOUSE",CARRBORO,"CHAPEL HILL",DEMOCRATIC,WHITE,ACTIVE,"05/02/2006 PRIMARY",5/2/2006
CHARLES,"CHARLES, MARY WILROY","718 OLD FAYETTEVILLE RD","CHAPEL HILL",NC,27516,718,"","OLD FAYETTEVILLE","",RD,"","","CHAPEL HILL",NC,27516,56,FEMALE,CARRBORO,"56TH HOUSE",CARRBORO,"CHAPEL HILL",DEMOCRATIC,WHITE,ACTIVE,"05/02/2006 PRIMARY",5/2/2006
CHATTERJEE,"CHATTERJEE, AVIK","300 NC HWY 54 BYP   #A-3",CARRBORO,NC,27510,300,"","NC HWY 54","",BYP,"",A-3,CARRBORO,NC,27510,26,MALE,CARRBORO,"56TH HOUSE",OWASA,"CHAPEL HILL",DEMOCRATIC,ASIAN,ACTIVE,"05/02/2006 PRIMARY",5/2/2006
CHEATHAM,"CHEATHAM, CHRISTINA","401 LINDSAY ST",CARRBORO,NC,27510,401,"",LINDSAY,"",ST,"","",CARRBORO,NC,27510,36,FEMALE,CARRBORO,"56TH HOUSE",CARRBORO,"CHAPEL HILL",DEMOCRATIC,WHITE,ACTIVE,"05/02/2006 PRIMARY",5/2/2006
CHEEK,"CHEEK, DANIEL KEITH","107 WILD OAK LN",CARRBORO,NC,27510,107,"","WILD OAK","",LN,"","",CARRBORO,NC,27510,52,MALE,CARRBORO,"56TH HOUSE","NORTH CARRBORO","CHAPEL HILL",DEMOCRATIC,WHITE,ACTIVE,"05/02/2006 PRIMARY",5/2/2006
CHEEK,"CHEEK, JILL L","107 WILD OAK LN",CARRBORO,NC,27510,107,"","WILD OAK","",LN,"","",CARRBORO,NC,27510,52,FEMALE,CARRBORO,"56TH HOUSE","NORTH CARRBORO","CHAPEL HILL",DEMOCRATIC,WHITE,ACTIVE,"05/02/2006 PRIMARY",5/2/2006
CHEEK,"CHEEK, LEONARD T","106 LILAC DR",CARRBORO,NC,27510,106,"",LILAC,"",DR,"","",CARRBORO,NC,27510,73,MALE,CARRBORO,"56TH HOUSE","LIONS CLUB","CHAPEL HILL",DEMOCRATIC,WHITE,ACTIVE,"05/02/2006 PRIMARY",5/2/2006
CHELMINSKI,"CHELMINSKI, ANN NEWMAN","116 WATTERS RD",CARRBORO,NC,27510,116,"",WATTERS,"",RD,"","",CARRBORO,NC,27510,43,FEMALE,CARRBORO,"56TH HOUSE","TOWN HALL","CHAPEL HILL",DEMOCRATIC,WHITE,ACTIVE,"05/02/2006 PRIMARY",5/2/2006
CHEN,"CHEN, HSI-YEN","106 OLD PITTSBORO RD   #B",CARRBORO,NC,27510,106,"","OLD PITTSBORO","",RD,"",B,CARRBORO,NC,27510,31,MALE,CARRBORO,"56TH HOUSE",OWASA,"CHAPEL HILL",DEMOCRATIC,OTHER,ACTIVE,"05/02/2006 PRIMARY",5/2/2006
CHIESA,"CHIESA, CATHRYN WHITE","100 HANFORD RD","CHAPEL HILL",NC,27516,100,"",HANFORD,"",RD,"","","CHAPEL HILL",NC,27516,56,FEMALE,CARRBORO,"56TH HOUSE","NORTH CARRBORO","CHAPEL HILL",DEMOCRATIC,WHITE,ACTIVE,"05/02/2006 PRIMARY",5/2/2006
CHILTON,"CHILTON, MARK HAYES","203 ASHE ST",CARRBORO,NC,27510,203,"",ASHE,"",ST,"","",CARRBORO,NC,27510,36,MALE,CARRBORO,"56TH HOUSE","TOWN HALL","CHAPEL HILL",DEMOCRATIC,WHITE,ACTIVE,"05/02/2006 PRIMARY",5/2/2006
CHITWOOD,"CHITWOOD, MICHAEL ANTHONY","1003 TALLYHO TRL","CHAPEL HILL",NC,27516,1003,"",TALLYHO,"",TRL,"","","CHAPEL HILL",NC,27516,49,MALE,CARRBORO,"50TH HOUSE","HOGAN FARMS","CHAPEL HILL",DEMOCRATIC,WHITE,ACTIVE,"05/02/2006 PRIMARY",5/2/2006
CIANCIOLO,"CIANCIOLO, SANDRA LEE","105 MISTY PINES PL",CARRBORO,NC,27510,105,"","MISTY PINES","",PL,"","",CARRBORO,NC,27510,48,FEMALE,CARRBORO,"54TH HOUSE",DAMASCUS,"CHAPEL HILL",DEMOCRATIC,WHITE,ACTIVE,"05/02/2006 PRIMARY",5/2/2006
CLARK,"CLARK, DOLORES H","109 JONES FERRY RD",CARRBORO,NC,27510,109,"","JONES FERRY","",RD,"","",CARRBORO,NC,27510,73,FEMALE,CARRBORO,"56TH HOUSE",OWASA,"CHAPEL HILL",DEMOCRATIC,"BLACK or AFRICAN AMERICAN",ACTIVE,"05/02/2006 PRIMARY",5/2/2006
CLARK,"CLARK, HETTIE MAE","118 STARLITE DR",CARRBORO,NC,27510,118,"",STARLITE,"",DR,"","",CARRBORO,NC,27510,84,FEMALE,CARRBORO,"56TH HOUSE","TOWN HALL","CHAPEL HILL",DEMOCRATIC,"BLACK or AFRICAN AMERICAN",ACTIVE,"05/02/2006 PRIMARY",5/2/2006
CLARK,"CLARK, JEFFREY WILLIAM","109 YEARGEN PL","CHAPEL HILL",NC,27516,109,"",YEARGEN,"",PL,"","","CHAPEL HILL",NC,27516,45,MALE,CARRBORO,"56TH HOUSE","NORTH CARRBORO","CHAPEL HILL",DEMOCRATIC,WHITE,ACTIVE,"05/02/2006 PRIMARY",5/2/2006
CLARK,"CLARK, LORIE L","111 JONES FERRY RD",CARRBORO,NC,27510,111,"","JONES FERRY","",RD,"","",CARRBORO,NC,27510,48,FEMALE,CARRBORO,"56TH HOUSE",OWASA,"CHAPEL HILL",DEMOCRATIC,"BLACK or AFRICAN AMERICAN",ACTIVE,"05/02/2006 PRIMARY",5/2/2006
CLAY,"CLAY, GORDON EDWARD III","604 BOLIN CREEK DR",CARRBORO,NC,27510,604,"","BOLIN CREEK","",DR,"","",CARRBORO,NC,27510,52,MALE,CARRBORO,"56TH HOUSE","NORTH CARRBORO","CHAPEL HILL",DEMOCRATIC,WHITE,ACTIVE,"05/02/2006 PRIMARY",5/2/2006
CLAYTON,"CLAYTON, LAUREL JANE","115 PINE ST   #I",CARRBORO,NC,27510,115,"",PINE,"",ST,"",I,CARRBORO,NC,27510,26,FEMALE,CARRBORO,"56TH HOUSE",CARRBORO,"CHAPEL HILL",DEMOCRATIC,WHITE,ACTIVE,"05/02/2006 PRIMARY",5/2/2006
COBLE,"COBLE, REBECCA SHAW","301 CAROL ST",CARRBORO,NC,27510,301,"",CAROL,"",ST,"","",CARRBORO,NC,27510,61,FEMALE,CARRBORO,"56TH HOUSE",CARRBORO,"CHAPEL HILL",DEMOCRATIC,WHITE,ACTIVE,"05/02/2006 PRIMARY",5/2/2006
COHEN,"COHEN, ANDREW BRUCE","301 OAK AVE",CARRBORO,NC,27510,301,"",OAK,"",AVE,"","",CARRBORO,NC,27510,44,MALE,CARRBORO,"56TH HOUSE","TOWN HALL","CHAPEL HILL",DEMOCRATIC,WHITE,ACTIVE,"05/02/2006 PRIMARY",5/2/2006
COHEN,"COHEN, PEARL K","600 W POPLAR AVE #235",CARRBORO,NC,27510,600,W,POPLAR,"",AVE,"",235,CARRBORO,NC,27510,87,FEMALE,CARRBORO,"56TH HOUSE","LIONS CLUB","CHAPEL HILL",DEMOCRATIC,WHITE,ACTIVE,"05/02/2006 PRIMARY",5/2/2006
COHN,"COHN, NANCY S","303 AUTUMN DR","CHAPEL HILL",NC,27516,303,"",AUTUMN,"",DR,"","","CHAPEL HILL",NC,27516,47,FEMALE,CARRBORO,"56TH HOUSE","NORTH CARRBORO","CHAPEL HILL",DEMOCRATIC,WHITE,ACTIVE,"05/02/2006 PRIMARY",5/2/2006
COHN,"COHN, RICHARD DANIEL","303 AUTUMN DR","CHAPEL HILL",NC,27516,303,"",AUTUMN,"",DR,"","","CHAPEL HILL",NC,27516,49,MALE,CARRBORO,"56TH HOUSE","NORTH CARRBORO","CHAPEL HILL",DEMOCRATIC,WHITE,ACTIVE,"05/02/2006 PRIMARY",5/2/2006
COLE,"COLE, THOMAS B","105 MISTY PINES PL",CARRBORO,NC,27510,105,"","MISTY PINES","",PL,"","",CARRBORO,NC,27510,51,MALE,CARRBORO,"54TH HOUSE",DAMASCUS,"CHAPEL HILL",DEMOCRATIC,WHITE,ACTIVE,"05/02/2006 PRIMARY",5/2/2006
COLEMAN,"COLEMAN, DANIEL ALAN","106 HANFORD RD","CHAPEL HILL",NC,27516,106,"",HANFORD,"",RD,"","","CHAPEL HILL",NC,27516,55,MALE,CARRBORO,"56TH HOUSE","NORTH CARRBORO","CHAPEL HILL",DEMOCRATIC,WHITE,ACTIVE,"05/02/2006 PRIMARY",5/2/2006
COLLINS,"COLLINS, DAVID GRAHAM","100 KEITH RD",CARRBORO,NC,27510,100,"",KEITH,"",RD,"","",CARRBORO,NC,27510,49,MALE,CARRBORO,"56TH HOUSE","LIONS CLUB","CHAPEL HILL",DEMOCRATIC,WHITE,ACTIVE,"05/02/2006 PRIMARY",5/2/2006
COLLINS,"COLLINS, RAYMOND LEE","123 CIRCADIAN WAY","CHAPEL HILL",NC,27516,123,"",CIRCADIAN,"",WAY,"","","CHAPEL HILL",NC,27516,78,MALE,CARRBORO,"56TH HOUSE","NORTH CARRBORO","CHAPEL HILL",DEMOCRATIC,"AMERICAN INDIAN or ALASKA NATIVE",ACTIVE,"05/02/2006 PRIMARY",5/2/2006
COLUMBO-MEARDON,"COLUMBO-MEARDON, ELEANOR","1008 BUGLE CT","CHAPEL HILL",NC,27516,1008,"",BUGLE,"",CT,"","","CHAPEL HILL",NC,27516,51,FEMALE,CARRBORO,"50TH HOUSE","HOGAN FARMS","CHAPEL HILL",DEMOCRATIC,WHITE,ACTIVE,"05/02/2006 PRIMARY",5/2/2006
CONDON,"CONDON, EMILIE F","PO BOX 1355",CARRBORO,NC,27510,407,"",LINDSAY,"",ST,"","",CARRBORO,NC,27510,59,FEMALE,CARRBORO,"56TH HOUSE",CARRBORO,"CHAPEL HILL",DEMOCRATIC,WHITE,ACTIVE,"05/02/2006 PRIMARY",5/2/2006
CONNERLEY,"CONNERLEY, JENNIFER LOCKARD","140 BPW CLUB RD   #B-10",CARRBORO,NC,27510,140,"","BPW CLUB","",RD,"",B-10,CARRBORO,NC,27510,32,FEMALE,CARRBORO,"54TH HOUSE",DAMASCUS,"CHAPEL HILL",DEMOCRATIC,WHITE,ACTIVE,"05/02/2006 PRIMARY",5/2/2006
CONOLY,"CONOLY, PHILIP ALLEN","105 HARVEST CT",CARRBORO,NC,27510,105,"",HARVEST,"",CT,"","",CARRBORO,NC,27510,45,MALE,CARRBORO,"56TH HOUSE","TOWN HALL","CHAPEL HILL",DEMOCRATIC,WHITE,ACTIVE,"05/02/2006 PRIMARY",5/2/2006
COOK,"COOK, ELIZABETH CAMDEN","205 W POPLAR AVE #C",CARRBORO,NC,27510,205,W,POPLAR,"",AVE,"",C,CARRBORO,NC,27510,40,FEMALE,CARRBORO,"56TH HOUSE","LIONS CLUB","CHAPEL HILL",DEMOCRATIC,WHITE,ACTIVE,"05/02/2006 PRIMARY",5/2/2006
COOK,"COOK, JOSEPH HILLSEY","300 BLUERIDGE RD",CARRBORO,NC,27510,300,"",BLUERIDGE,"",RD,"","",CARRBORO,NC,27510,32,MALE,CARRBORO,"56TH HOUSE","NORTH CARRBORO","CHAPEL HILL",DEMOCRATIC,WHITE,ACTIVE,"05/02/2006 PRIMARY",5/2/2006
COOLEY,"COOLEY, DAVID MATTHEWS","203 FOREST CT",CARRBORO,NC,27510,203,"",FOREST,"",CT,"","",CARRBORO,NC,27510,25,MALE,CARRBORO,"56TH HOUSE","NORTH CARRBORO","CHAPEL HILL",DEMOCRATIC,WHITE,ACTIVE,"05/02/2006 PRIMARY",5/2/2006
COOPER,"COOPER, MARY LOUISE","103 BRUTON DR","CHAPEL HILL",NC,27516,103,"",BRUTON,"",DR,"","","CHAPEL HILL",NC,27516,57,FEMALE,CARRBORO,"56TH HOUSE","NORTH CARRBORO","CHAPEL HILL",DEMOCRATIC,WHITE,ACTIVE,"05/02/2006 PRIMARY",5/2/2006
COREY,"COREY, DENISE SCHALLER","110 AMBER CT",CARRBORO,NC,27510,110,"",AMBER,"",CT,"","",CARRBORO,NC,27510,51,FEMALE,CARRBORO,"56TH HOUSE","NORTH CARRBORO","CHAPEL HILL",DEMOCRATIC,WHITE,ACTIVE,"05/02/2006 PRIMARY",5/2/2006
CORVINUS,"CORVINUS, DOROTHY A","105 SOUTH PEAK DR",CARRBORO,NC,27510,105,"","SOUTH PEAK","",DR,"","",CARRBORO,NC,27510,54,FEMALE,CARRBORO,"56TH HOUSE",OWASA,"CHAPEL HILL",DEMOCRATIC,WHITE,ACTIVE,"05/02/2006 PRIMARY",5/2/2006
COSTON,"COSTON, NANCY JO","130 SOUTH FIELDS CIR","CHAPEL HILL",NC,27516,130,"","SOUTH FIELDS","",CIR,"","","CHAPEL HILL",NC,27516,52,FEMALE,CARRBORO,"50TH HOUSE","HOGAN FARMS","CHAPEL HILL",DEMOCRATIC,WHITE,ACTIVE,"05/02/2006 PRIMARY",5/2/2006
COTTON,"COTTON, CLIFTON LEE","301 BROAD ST",CARRBORO,NC,27510,301,"",BROAD,"",ST,"","",CARRBORO,NC,27510,57,MALE,CARRBORO,"56TH HOUSE","TOWN HALL","CHAPEL HILL",DEMOCRATIC,"BLACK or AFRICAN AMERICAN",ACTIVE,"05/02/2006 PRIMARY",5/2/2006
COTTON,"COTTON, EDRIC RECARDO","1801 N GREENSBORO ST",CARRBORO,NC,27510,1801,N,GREENSBORO,"",ST,"","",CARRBORO,NC,27510,55,MALE,CARRBORO,"56TH HOUSE",CARRBORO,"CHAPEL HILL",DEMOCRATIC,"BLACK or AFRICAN AMERICAN",ACTIVE,"05/02/2006 PRIMARY",5/2/2006
COUNCIL,"COUNCIL, CHRISTINE CARTER","210 MAPLE AVE   #B",CARRBORO,NC,27510,210,"",MAPLE,"",AVE,"",B,CARRBORO,NC,27510,41,FEMALE,CARRBORO,"56TH HOUSE","TOWN HALL","CHAPEL HILL",DEMOCRATIC,WHITE,ACTIVE,"05/02/2006 PRIMARY",5/2/2006
COUNCIL,"COUNCIL, HELENA BLACKNELL","106 GLOSSON CIR",CARRBORO,NC,27510,106,"",GLOSSON,"",CIR,"","",CARRBORO,NC,27510,75,FEMALE,CARRBORO,"56TH HOUSE","LIONS CLUB","CHAPEL HILL",DEMOCRATIC,"BLACK or AFRICAN AMERICAN",ACTIVE,"05/02/2006 PRIMARY",5/2/2006
COUNCIL,"COUNCIL, HELENA FAITH","106 GLOSSON CIR",CARRBORO,NC,27510,106,"",GLOSSON,"",CIR,"","",CARRBORO,NC,27510,40,FEMALE,CARRBORO,"56TH HOUSE","LIONS CLUB","CHAPEL HILL",DEMOCRATIC,"BLACK or AFRICAN AMERICAN",ACTIVE,"05/02/2006 PRIMARY",5/2/2006
COUNCIL,"COUNCIL, KATHERINE","200 ALABAMA AVE",CARRBORO,NC,27510,200,"",ALABAMA,"",AVE,"","",CARRBORO,NC,27510,78,FEMALE,CARRBORO,"56TH HOUSE","LIONS CLUB","CHAPEL HILL",DEMOCRATIC,"BLACK or AFRICAN AMERICAN",ACTIVE,"05/02/2006 PRIMARY",5/2/2006
COUNCIL,"COUNCIL, KELLI RENEE","106 GLOSSON CIR",CARRBORO,NC,27510,106,"",GLOSSON,"",CIR,"","",CARRBORO,NC,27510,37,FEMALE,CARRBORO,"56TH HOUSE","LIONS CLUB","CHAPEL HILL",DEMOCRATIC,"BLACK or AFRICAN AMERICAN",ACTIVE,"05/02/2006 PRIMARY",5/2/2006
COUNCIL,"COUNCIL, WILLIAM CONNIE","106 GLOSSON CIR",CARRBORO,NC,27510,106,"",GLOSSON,"",CIR,"","",CARRBORO,NC,27510,81,MALE,CARRBORO,"56TH HOUSE","LIONS CLUB","CHAPEL HILL",DEMOCRATIC,"BLACK or AFRICAN AMERICAN",ACTIVE,"05/02/2006 PRIMARY",5/2/2006
COURTRIGHT,"COURTRIGHT, CHRISTINE M","600 W POPLAR AVE #306",CARRBORO,NC,27510,600,W,POPLAR,"",AVE,"",306,CARRBORO,NC,27510,84,FEMALE,CARRBORO,"56TH HOUSE","LIONS CLUB","CHAPEL HILL",DEMOCRATIC,WHITE,ACTIVE,"05/02/2006 PRIMARY",5/2/2006
COVINGTON,"COVINGTON, SARAH LESLIE","105 FIDELITY ST   #B-28",CARRBORO,NC,27510,105,"",FIDELITY,"",ST,"",B-28,CARRBORO,NC,27510,32,FEMALE,CARRBORO,"56TH HOUSE","LIONS CLUB","CHAPEL HILL",DEMOCRATIC,WHITE,ACTIVE,"05/02/2006 PRIMARY",5/2/2006
COVINTON,"COVINTON, ROBERT YANLEY","503 E POPLAR AVE",CARRBORO,NC,27510,503,E,POPLAR,"",AVE,"","",CARRBORO,NC,27510,37,MALE,CARRBORO,"56TH HOUSE","TOWN HALL","CHAPEL HILL",DEMOCRATIC,WHITE,ACTIVE,"05/02/2006 PRIMARY",5/2/2006
COWAN,"COWAN, PHILLIP RAY","121 LANTERN WAY",CARRBORO,NC,27510,121,"",LANTERN,"",WAY,"","",CARRBORO,NC,27510,59,MALE,CARRBORO,"56TH HOUSE",OWASA,"CHAPEL HILL",DEMOCRATIC,WHITE,ACTIVE,"05/02/2006 PRIMARY",5/2/2006
COX,"COX, ADRIENNE DEICH","107 YEARGEN PL","CHAPEL HILL",NC,27516,107,"",YEARGEN,"",PL,"","","CHAPEL HILL",NC,27516,54,FEMALE,CARRBORO,"56TH HOUSE","NORTH CARRBORO","CHAPEL HILL",DEMOCRATIC,WHITE,ACTIVE,"05/02/2006 PRIMARY",5/2/2006
COX,"COX, BRIGID LEE","121 WESTVIEW DR   #22",CARRBORO,NC,27510,121,"",WESTVIEW,"",DR,"",22,CARRBORO,NC,27510,35,FEMALE,CARRBORO,"56TH HOUSE","LIONS CLUB","CHAPEL HILL",DEMOCRATIC,WHITE,ACTIVE,"05/02/2006 PRIMARY",5/2/2006
CRABILL,"CRABILL, DIANNE FLECHTNER","602 N GREENSBORO ST",CARRBORO,NC,27510,602,N,GREENSBORO,"",ST,"","",CARRBORO,NC,27510,67,FEMALE,CARRBORO,"56TH HOUSE","TOWN HALL","CHAPEL HILL",DEMOCRATIC,WHITE,ACTIVE,"05/02/2006 PRIMARY",5/2/2006
CRADDOCK,"CRADDOCK, RICHARD SCOTT","105 FIDELITY ST   #A-37",CARRBORO,NC,27510,105,"",FIDELITY,"",ST,"",A-37,CARRBORO,NC,27510,73,MALE,CARRBORO,"56TH HOUSE","LIONS CLUB","CHAPEL HILL",DEMOCRATIC,WHITE,ACTIVE,"05/02/2006 PRIMARY",5/2/2006
CRANDALL,"CRANDALL, DORIS M","600 W POPLAR AVE #212",CARRBORO,NC,27510,600,W,POPLAR,"",AVE,"",212,CARRBORO,NC,27510,85,FEMALE,CARRBORO,"56TH HOUSE","LIONS CLUB","CHAPEL HILL",DEMOCRATIC,WHITE,ACTIVE,"05/02/2006 PRIMARY",5/2/2006
CRANDELL,"CRANDELL, BETTY J","213 BLUERIDGE RD",CARRBORO,NC,27510,213,"",BLUERIDGE,"",RD,"","",CARRBORO,NC,27510,75,FEMALE,CARRBORO,"56TH HOUSE","NORTH CARRBORO","CHAPEL HILL",DEMOCRATIC,WHITE,ACTIVE,"05/02/2006 PRIMARY",5/2/2006
CRANDELL,"CRANDELL, CLIFTON EARL","213 BLUERIDGE RD",CARRBORO,NC,27510,213,"",BLUERIDGE,"",RD,"","",CARRBORO,NC,27510,80,MALE,CARRBORO,"56TH HOUSE","NORTH CARRBORO","CHAPEL HILL",DEMOCRATIC,WHITE,ACTIVE,"05/02/2006 PRIMARY",5/2/2006
CRANFORD,"CRANFORD, MARIAN ELAINE","101 LORRAINE ST",CARRBORO,NC,27510,101,"",LORRAINE,"",ST,"","",CARRBORO,NC,27510,59,FEMALE,CARRBORO,"56TH HOUSE",CARRBORO,"CHAPEL HILL",DEMOCRATIC,WHITE,ACTIVE,"05/02/2006 PRIMARY",5/2/2006
CRAVEY,"CRAVEY, ALTHA JANE","117 DILLARD ST",CARRBORO,NC,27510,117,"",DILLARD,"",ST,"","",CARRBORO,NC,27510,54,FEMALE,CARRBORO,"56TH HOUSE",CARRBORO,"CHAPEL HILL",DEMOCRATIC,WHITE,ACTIVE,"05/02/2006 PRIMARY",5/2/2006
CURRENT,"CURRENT, KAREN E","101 DOWNING CT","CHAPEL HILL",NC,27516,101,"",DOWNING,"",CT,"","","CHAPEL HILL",NC,27516,43,FEMALE,CARRBORO,"56TH HOUSE","NORTH CARRBORO","CHAPEL HILL",DEMOCRATIC,WHITE,ACTIVE,"05/02/2006 PRIMARY",5/2/2006
CURRIN,"CURRIN, ROBERT TYREE III","2005 WHITMORE CIR","CHAPEL HILL",NC,27516,2005,"",WHITMORE,"",CIR,"","","CHAPEL HILL",NC,27516,49,MALE,CARRBORO,"50TH HOUSE","HOGAN FARMS","CHAPEL HILL",DEMOCRATIC,WHITE,ACTIVE,"05/02/2006 PRIMARY",5/2/2006
CURTIS,"CURTIS, ELISABETH OSBORNE","112 CIRCADIAN WAY","CHAPEL HILL",NC,27516,112,"",CIRCADIAN,"",WAY,"","","CHAPEL HILL",NC,27516,68,FEMALE,CARRBORO,"56TH HOUSE","NORTH CARRBORO","CHAPEL HILL",DEMOCRATIC,WHITE,ACTIVE,"05/02/2006 PRIMARY",5/2/2006
CURTIS,"CURTIS, JENNIFER ANN","102 PINE ST",CARRBORO,NC,27510,102,"",PINE,"",ST,"","",CARRBORO,NC,27510,44,FEMALE,CARRBORO,"56TH HOUSE",CARRBORO,"CHAPEL HILL",DEMOCRATIC,WHITE,ACTIVE,"05/02/2006 PRIMARY",5/2/2006
CUSHMAN,"CUSHMAN, BETH A","210 MAPLE AVE",CARRBORO,NC,27510,210,"",MAPLE,"",AVE,"","",CARRBORO,NC,27510,59,FEMALE,CARRBORO,"56TH HOUSE","TOWN HALL","CHAPEL HILL",DEMOCRATIC,WHITE,ACTIVE,"05/02/2006 PRIMARY",5/2/2006
DAMER,"DAMER, ERIKA ELISSA ZIMMERMA","100 HILLCREST AVE   #C",CARRBORO,NC,27510,100,"",HILLCREST,"",AVE,"",C,CARRBORO,NC,27510,27,FEMALE,CARRBORO,"56TH HOUSE","TOWN HALL","CHAPEL HILL",DEMOCRATIC,WHITE,ACTIVE,"05/02/2006 PRIMARY",5/2/2006
DANIEL,"DANIEL, EVELYN HOPE","100 CATHY RD",CARRBORO,NC,27510,100,"",CATHY,"",RD,"","",CARRBORO,NC,27510,73,FEMALE,CARRBORO,"56TH HOUSE","LIONS CLUB","CHAPEL HILL",DEMOCRATIC,WHITE,ACTIVE,"05/02/2006 PRIMARY",5/2/2006
DANIEL,"DANIEL, GEORGE WARREN","100 CATHY RD",CARRBORO,NC,27510,100,"",CATHY,"",RD,"","",CARRBORO,NC,27510,53,MALE,CARRBORO,"56TH HOUSE","LIONS CLUB","CHAPEL HILL",DEMOCRATIC,WHITE,ACTIVE,"05/02/2006 PRIMARY",5/2/2006
DANIELS,"DANIELS, KAREN ELIZABETH","267 SWEET BAY PL",CARRBORO,NC,27510,267,"","SWEET BAY","",PL,"","",CARRBORO,NC,27510,34,FEMALE,CARRBORO,"56TH HOUSE","TOWN HALL","CHAPEL HILL",DEMOCRATIC,WHITE,ACTIVE,"05/02/2006 PRIMARY",5/2/2006
DARO,"DARO, VINCI E  F","119 FIDELITY ST   #C4",CARRBORO,NC,27510,119,"",FIDELITY,"",ST,"",C4,CARRBORO,NC,27510,34,FEMALE,CARRBORO,"56TH HOUSE","LIONS CLUB","CHAPEL HILL",DEMOCRATIC,WHITE,ACTIVE,"05/02/2006 PRIMARY",5/2/2006
DATSO,"DATSO, TSULTRIM HAWK","105 CIRCADIAN WAY","CHAPEL HILL",NC,27516,105,"",CIRCADIAN,"",WAY,"","","CHAPEL HILL",NC,27516,54,FEMALE,CARRBORO,"56TH HOUSE","NORTH CARRBORO","CHAPEL HILL",DEMOCRATIC,WHITE,ACTIVE,"05/02/2006 PRIMARY",5/2/2006
DAVIDOFF,"DAVIDOFF, KYLA RACHEL BARRAS","112 NC HWY 54 BYP   #D6",CARRBORO,NC,27510,112,"","NC HWY 54","",BYP,"",D6,CARRBORO,NC,27510,22,FEMALE,CARRBORO,"56TH HOUSE","LIONS CLUB","CHAPEL HILL",DEMOCRATIC,WHITE,ACTIVE,"05/02/2006 PRIMARY",5/2/2006
DAVIS,"DAVIS, JOHN RICHARD","119 ESTES DRIVE EXT",CARRBORO,NC,27510,119,"","ESTES DRIVE","",EXT,"","",CARRBORO,NC,27510,63,MALE,CARRBORO,"56TH HOUSE","TOWN HALL","CHAPEL HILL",DEMOCRATIC,WHITE,ACTIVE,"05/02/2006 PRIMARY",5/2/2006
DAVIS,"DAVIS, NATHANIEL","104 JAMES ST",CARRBORO,NC,27510,104,"",JAMES,"",ST,"","",CARRBORO,NC,27510,57,MALE,CARRBORO,"56TH HOUSE",CARRBORO,"CHAPEL HILL",DEMOCRATIC,"BLACK or AFRICAN AMERICAN",ACTIVE,"05/02/2006 PRIMARY",5/2/2006
DAVIS,"DAVIS, PEGGY FARRINGTON","104 JAMES ST",CARRBORO,NC,27510,104,"",JAMES,"",ST,"","",CARRBORO,NC,27510,52,FEMALE,CARRBORO,"56TH HOUSE",CARRBORO,"CHAPEL HILL",DEMOCRATIC,"BLACK or AFRICAN AMERICAN",ACTIVE,"05/02/2006 PRIMARY",5/2/2006
DAVIS,"DAVIS, QUEEN OLIVER","107 BEL ARBOR LN",CARRBORO,NC,27510,107,"","BEL ARBOR","",LN,"","",CARRBORO,NC,27510,51,MALE,CARRBORO,"56TH HOUSE",CARRBORO,"CHAPEL HILL",DEMOCRATIC,"BLACK or AFRICAN AMERICAN",ACTIVE,"05/02/2006 PRIMARY",5/2/2006
DAVIS,"DAVIS, SHARON WEAVER","107 BEL ARBOR LN",CARRBORO,NC,27510,107,"","BEL ARBOR","",LN,"","",CARRBORO,NC,27510,50,FEMALE,CARRBORO,"56TH HOUSE",CARRBORO,"CHAPEL HILL",DEMOCRATIC,"BLACK or AFRICAN AMERICAN",ACTIVE,"05/02/2006 PRIMARY",5/2/2006
DAY,"DAY, NANCY ALEXANDER","301 PLEASANT DR",CARRBORO,NC,27510,301,"",PLEASANT,"",DR,"","",CARRBORO,NC,27510,44,FEMALE,CARRBORO,"56TH HOUSE","TOWN HALL","CHAPEL HILL",DEMOCRATIC,WHITE,ACTIVE,"05/02/2006 PRIMARY",5/2/2006
DAY,"DAY, PATRICK RAY","100 GARY RD",CARRBORO,NC,27510,100,"",GARY,"",RD,"","",CARRBORO,NC,27510,49,MALE,CARRBORO,"56TH HOUSE","LIONS CLUB","CHAPEL HILL",DEMOCRATIC,WHITE,ACTIVE,"05/02/2006 PRIMARY",5/2/2006
DAY,"DAY, RUSSELL SCOTT","301 PLEASANT DR",CARRBORO,NC,27510,301,"",PLEASANT,"",DR,"","",CARRBORO,NC,27510,54,MALE,CARRBORO,"56TH HOUSE","TOWN HALL","CHAPEL HILL",DEMOCRATIC,WHITE,ACTIVE,"05/02/2006 PRIMARY",5/2/2006
"DE NAZELLE","DE NAZELLE, AUDREY J","303 GARY RD",CARRBORO,NC,27510,303,"",GARY,"",RD,"","",CARRBORO,NC,27510,34,FEMALE,CARRBORO,"56TH HOUSE","LIONS CLUB","CHAPEL HILL",DEMOCRATIC,WHITE,ACTIVE,"05/02/2006 PRIMARY",5/2/2006
DEAR,"DEAR, STEPHEN JOSEPH","207 WYNDHAM DR","CHAPEL HILL",NC,27516,207,"",WYNDHAM,"",DR,"","","CHAPEL HILL",NC,27516,43,MALE,CARRBORO,"56TH HOUSE","NORTH CARRBORO","CHAPEL HILL",DEMOCRATIC,WHITE,ACTIVE,"05/02/2006 PRIMARY",5/2/2006
"DECAMP PALMER","DECAMP PALMER, JULIE ANN","121 CIRCADIAN WAY","CHAPEL HILL",NC,27516,121,"",CIRCADIAN,"",WAY,"","","CHAPEL HILL",NC,27516,35,FEMALE,CARRBORO,"56TH HOUSE","NORTH CARRBORO","CHAPEL HILL",DEMOCRATIC,WHITE,ACTIVE,"05/02/2006 PRIMARY",5/2/2006
DEMING,"DEMING, DAVID A","100 MARY ST",CARRBORO,NC,27510,100,"",MARY,"",ST,"","",CARRBORO,NC,27510,51,MALE,CARRBORO,"56TH HOUSE",CARRBORO,"CHAPEL HILL",DEMOCRATIC,WHITE,ACTIVE,"05/02/2006 PRIMARY",5/2/2006
DERBY,"DERBY, WILLIAM C","134 SHADOW RIDGE PL","CHAPEL HILL",NC,27516,134,"","SHADOW RIDGE","",PL,"","","CHAPEL HILL",NC,27516,50,MALE,CARRBORO,"50TH HOUSE","HOGAN FARMS","CHAPEL HILL",DEMOCRATIC,WHITE,ACTIVE,"05/02/2006 PRIMARY",5/2/2006
DEVINE,"DEVINE, CATHERINE JANE","506 OAK AVE",CARRBORO,NC,27510,506,"",OAK,"",AVE,"","",CARRBORO,NC,27510,55,FEMALE,CARRBORO,"56TH HOUSE",CARRBORO,"CHAPEL HILL",DEMOCRATIC,WHITE,ACTIVE,"05/02/2006 PRIMARY",5/2/2006
DEWEY,"DEWEY, BARBARA B","200 LORRAINE ST",CARRBORO,NC,27510,200,"",LORRAINE,"",ST,"","",CARRBORO,NC,27510,65,FEMALE,CARRBORO,"56TH HOUSE",CARRBORO,"CHAPEL HILL",DEMOCRATIC,WHITE,ACTIVE,"05/02/2006 PRIMARY",5/2/2006
DEWEY,"DEWEY, DOUGLASS FRANKLIN","200 LORRAINE ST",CARRBORO,NC,27510,200,"",LORRAINE,"",ST,"","",CARRBORO,NC,27510,65,MALE,CARRBORO,"56TH HOUSE",CARRBORO,"CHAPEL HILL",DEMOCRATIC,WHITE,ACTIVE,"05/02/2006 PRIMARY",5/2/2006
DEWEY,"DEWEY, JOHN ANTOINE DAER","200 LORRAINE ST",CARRBORO,NC,27510,200,"",LORRAINE,"",ST,"","",CARRBORO,NC,27510,38,MALE,CARRBORO,"56TH HOUSE",CARRBORO,"CHAPEL HILL",DEMOCRATIC,WHITE,ACTIVE,"05/02/2006 PRIMARY",5/2/2006
DEZERN,"DEZERN, ANN TEMPLETON","600 W POPLAR AVE   #307",CARRBORO,NC,27510,600,W,POPLAR,"",AVE,"",307,CARRBORO,NC,27510,72,FEMALE,CARRBORO,"56TH HOUSE","LIONS CLUB","CHAPEL HILL",DEMOCRATIC,WHITE,ACTIVE,"05/02/2006 PRIMARY",5/2/2006
DIAMOND,"DIAMOND, JAN","8404 STERLING BRIDGE RD","CHAPEL HILL",NC,27516,8404,"","STERLING BRIDGE","",RD,"","","CHAPEL HILL",NC,27516,51,FEMALE,CARRBORO,"50TH HOUSE","HOGAN FARMS","CHAPEL HILL",DEMOCRATIC,WHITE,ACTIVE,"05/02/2006 PRIMARY",5/2/2006
DICKSON,"DICKSON, ROBERT ARTHUR","116 CIRCADIAN WAY","CHAPEL HILL",NC,27516,116,"",CIRCADIAN,"",WAY,"","","CHAPEL HILL",NC,27516,56,MALE,CARRBORO,"56TH HOUSE","NORTH CARRBORO","CHAPEL HILL",DEMOCRATIC,WHITE,ACTIVE,"05/02/2006 PRIMARY",5/2/2006
DODD,"DODD, RANDALL C","108 CIRCADIAN WAY","CHAPEL HILL",NC,27516,108,"",CIRCADIAN,"",WAY,"","","CHAPEL HILL",NC,27516,48,MALE,CARRBORO,"56TH HOUSE","NORTH CARRBORO","CHAPEL HILL",DEMOCRATIC,WHITE,ACTIVE,"05/02/2006 PRIMARY",5/2/2006
DOMBY,"DOMBY, LISA MARIE","621 W MAIN ST",CARRBORO,NC,27510,621,W,MAIN,"",ST,"","",CARRBORO,NC,27510,44,FEMALE,CARRBORO,"56TH HOUSE","LIONS CLUB","CHAPEL HILL",DEMOCRATIC,WHITE,ACTIVE,"05/02/2006 PRIMARY",5/2/2006
DOROSIN,"DOROSIN, MARK E","113 CREEKVIEW CIR",CARRBORO,NC,27510,113,"",CREEKVIEW,"",CIR,"","",CARRBORO,NC,27510,42,MALE,CARRBORO,"56TH HOUSE","NORTH CARRBORO","CHAPEL HILL",DEMOCRATIC,WHITE,ACTIVE,"05/02/2006 PRIMARY",5/2/2006
DORRANCE,"DORRANCE, JESSICA LYNN","101 LILAC DR",CARRBORO,NC,27510,101,"",LILAC,"",DR,"","",CARRBORO,NC,27510,30,FEMALE,CARRBORO,"56TH HOUSE","LIONS CLUB","CHAPEL HILL",DEMOCRATIC,WHITE,ACTIVE,"05/02/2006 PRIMARY",5/2/2006
DOUGHERTY,"DOUGHERTY, DAVID GRANVILLE","222 OLD FAYETTEVILLE RD   #208",CARRBORO,NC,27510,222,"","OLD FAYETTEVILLE","",RD,"",208,CARRBORO,NC,27510,65,MALE,CARRBORO,"56TH HOUSE","LIONS CLUB","CHAPEL HILL",DEMOCRATIC,WHITE,ACTIVE,"05/02/2006 PRIMARY",5/2/2006
DOUGHERTY,"DOUGHERTY, SHERRY BAXTER","302 TRIPP FARM RD","CHAPEL HILL",NC,27516,302,"","TRIPP FARM","",RD,"","","CHAPEL HILL",NC,27516,59,FEMALE,CARRBORO,"56TH HOUSE","NORTH CARRBORO","CHAPEL HILL",DEMOCRATIC,WHITE,ACTIVE,"05/02/2006 PRIMARY",5/2/2006
DOUGLAS,"DOUGLAS, PEGGY ANN MORGAN","104 DOWNING CT","CHAPEL HILL",NC,27516,104,"",DOWNING,"",CT,"","","CHAPEL HILL",NC,27516,60,FEMALE,CARRBORO,"56TH HOUSE","NORTH CARRBORO","CHAPEL HILL",DEMOCRATIC,WHITE,ACTIVE,"05/02/2006 PRIMARY",5/2/2006
DOUTHARD,"DOUTHARD, NORRIS  JR","200 CREST ST   #A-10",CARRBORO,NC,27510,200,"",CREST,"",ST,"",A-10,CARRBORO,NC,27510,72,MALE,CARRBORO,"56TH HOUSE","TOWN HALL","CHAPEL HILL",DEMOCRATIC,"BLACK or AFRICAN AMERICAN",ACTIVE,"05/02/2006 PRIMARY",5/2/2006
DOWLING,"DOWLING, ROBERT MICHAEL","1536 PATHWAY DR",CARRBORO,NC,27510,1536,"",PATHWAY,"",DR,"","",CARRBORO,NC,27510,52,MALE,CARRBORO,"56TH HOUSE","NORTH CARRBORO","CHAPEL HILL",DEMOCRATIC,WHITE,ACTIVE,"05/02/2006 PRIMARY",5/2/2006
DREW,"DREW, GEORGINA RUTH","102 CREST ST   #B",CARRBORO,NC,27510,102,"",CREST,"",ST,"",B,CARRBORO,NC,27510,30,FEMALE,CARRBORO,"56TH HOUSE","TOWN HALL","CHAPEL HILL",DEMOCRATIC,WHITE,ACTIVE,"05/02/2006 PRIMARY",5/2/2006
DROUIN,"DROUIN, SERGE SCOTT","105 FIDELITY ST   #A-1",CARRBORO,NC,27510,105,"",FIDELITY,"",ST,"",A-1,CARRBORO,NC,27510,31,MALE,CARRBORO,"56TH HOUSE","LIONS CLUB","CHAPEL HILL",DEMOCRATIC,WHITE,ACTIVE,"05/02/2006 PRIMARY",5/2/2006
DRUCKER,"DRUCKER, JOSHUA MARTIN","101 THOMAS LN   #A-1",CARRBORO,NC,27510,101,"",THOMAS,"",LN,"",A-1,CARRBORO,NC,27510,31,MALE,CARRBORO,"56TH HOUSE","TOWN HALL","CHAPEL HILL",DEMOCRATIC,WHITE,ACTIVE,"05/02/2006 PRIMARY",5/2/2006
DUBBS,"DUBBS, LINDSAY L","112 SPRING VALLEY RD",CARRBORO,NC,27510,112,"","SPRING VALLEY","",RD,"","",CARRBORO,NC,27510,29,FEMALE,CARRBORO,"56TH HOUSE","NORTH CARRBORO","CHAPEL HILL",DEMOCRATIC,WHITE,ACTIVE,"05/02/2006 PRIMARY",5/2/2006
DUBE,"DUBE, ELLIOTT THOMAS","1100 N GREENSBORO ST",CARRBORO,NC,27510,1100,N,GREENSBORO,"",ST,"","",CARRBORO,NC,27510,24,MALE,CARRBORO,"56TH HOUSE","TOWN HALL","CHAPEL HILL",DEMOCRATIC,WHITE,ACTIVE,"05/02/2006 PRIMARY",5/2/2006
DUGGAN,"DUGGAN, JEANNE PARK","506 BOLIN CREEK DR",CARRBORO,NC,27510,506,"","BOLIN CREEK","",DR,"","",CARRBORO,NC,27510,81,FEMALE,CARRBORO,"56TH HOUSE","NORTH CARRBORO","CHAPEL HILL",DEMOCRATIC,WHITE,ACTIVE,"05/02/2006 PRIMARY",5/2/2006
DURHAM,"DURHAM, SHELTON REID","624 JONES FERRY RD",CARRBORO,NC,27510,624,"","JONES FERRY","",RD,"","",CARRBORO,NC,27510,60,MALE,CARRBORO,"56TH HOUSE","LIONS CLUB","CHAPEL HILL",DEMOCRATIC,WHITE,ACTIVE,"05/02/2006 PRIMARY",5/2/2006
EASLER,"EASLER, WILBUR DEAN","103 PHIPPS ST",CARRBORO,NC,27510,103,"",PHIPPS,"",ST,"","",CARRBORO,NC,27510,83,MALE,CARRBORO,"56TH HOUSE",CARRBORO,"CHAPEL HILL",DEMOCRATIC,WHITE,ACTIVE,"05/02/2006 PRIMARY",5/2/2006
EBLE,"EBLE, CONNIE CLARE","118 LORILANE DR",CARRBORO,NC,27510,118,"",LORILANE,"",DR,"","",CARRBORO,NC,27510,64,FEMALE,CARRBORO,"56TH HOUSE",OWASA,"CHAPEL HILL",DEMOCRATIC,WHITE,ACTIVE,"05/02/2006 PRIMARY",5/2/2006
ECONOPOULY,"ECONOPOULY, RIVA I","101 LINDSAY ST",CARRBORO,NC,27510,101,"",LINDSAY,"",ST,"","",CARRBORO,NC,27510,74,FEMALE,CARRBORO,"56TH HOUSE","TOWN HALL","CHAPEL HILL",DEMOCRATIC,WHITE,ACTIVE,"05/02/2006 PRIMARY",5/2/2006
EDWARDS,"EDWARDS, JULIA ANNETTE","109 SPRING VALLEY RD",CARRBORO,NC,27510,109,"","SPRING VALLEY","",RD,"","",CARRBORO,NC,27510,40,FEMALE,CARRBORO,"56TH HOUSE","NORTH CARRBORO","CHAPEL HILL",DEMOCRATIC,WHITE,ACTIVE,"05/02/2006 PRIMARY",5/2/2006
EDWARDS,"EDWARDS, LUCY N","205 LAUREL AVE",CARRBORO,NC,27510,205,"",LAUREL,"",AVE,"","",CARRBORO,NC,27510,62,FEMALE,CARRBORO,"56TH HOUSE",OWASA,"CHAPEL HILL",DEMOCRATIC,"BLACK or AFRICAN AMERICAN",ACTIVE,"05/02/2006 PRIMARY",5/2/2006
EDWARDS,"EDWARDS, ROBERT","205 LAUREL AVE",CARRBORO,NC,27510,205,"",LAUREL,"",AVE,"","",CARRBORO,NC,27510,62,MALE,CARRBORO,"56TH HOUSE",OWASA,"CHAPEL HILL",DEMOCRATIC,"BLACK or AFRICAN AMERICAN",ACTIVE,"05/02/2006 PRIMARY",5/2/2006
EDWARDS,"EDWARDS, RUSSELL","108 BERT ST",CARRBORO,NC,27510,108,"",BERT,"",ST,"","",CARRBORO,NC,27510,86,MALE,CARRBORO,"56TH HOUSE","LIONS CLUB","CHAPEL HILL",DEMOCRATIC,"BLACK or AFRICAN AMERICAN",ACTIVE,"05/02/2006 PRIMARY",5/2/2006
EDWARDS,"EDWARDS, SANDRA V","605 OAK AVE   #H4",CARRBORO,NC,27510,605,"",OAK,"",AVE,"",H4,CARRBORO,NC,27510,44,FEMALE,CARRBORO,"56TH HOUSE","TOWN HALL","CHAPEL HILL",DEMOCRATIC,"BLACK or AFRICAN AMERICAN",ACTIVE,"05/02/2006 PRIMARY",5/2/2006
EDWARDS,"EDWARDS, SHIRLEY ELAINE","110 STARLITE DR",CARRBORO,NC,27510,110,"",STARLITE,"",DR,"","",CARRBORO,NC,27510,62,FEMALE,CARRBORO,"56TH HOUSE","TOWN HALL","CHAPEL HILL",DEMOCRATIC,"BLACK or AFRICAN AMERICAN",ACTIVE,"05/02/2006 PRIMARY",5/2/2006
EDWARDS,"EDWARDS, TKEA IANNA","605 OAK AVE   #H4",CARRBORO,NC,27510,605,"",OAK,"",AVE,"",H4,CARRBORO,NC,27510,19,FEMALE,CARRBORO,"56TH HOUSE","TOWN HALL","CHAPEL HILL",DEMOCRATIC,"BLACK or AFRICAN AMERICAN",ACTIVE,"05/02/2006 PRIMARY",5/2/2006
EFIRD,"EFIRD, CARRIE ANN","301 BLUERIDGE RD",CARRBORO,NC,27510,301,"",BLUERIDGE,"",RD,"","",CARRBORO,NC,27510,54,FEMALE,CARRBORO,"56TH HOUSE","NORTH CARRBORO","CHAPEL HILL",DEMOCRATIC,WHITE,ACTIVE,"05/02/2006 PRIMARY",5/2/2006
EFIRD,"EFIRD, SALLY","119 HIGH ST",CARRBORO,NC,27510,119,"",HIGH,"",ST,"","",CARRBORO,NC,27510,59,FEMALE,CARRBORO,"56TH HOUSE",CARRBORO,"CHAPEL HILL",DEMOCRATIC,WHITE,ACTIVE,"05/02/2006 PRIMARY",5/2/2006
EFIRD,"EFIRD, WILLIAM DENNIS","301 BLUERIDGE RD",CARRBORO,NC,27510,301,"",BLUERIDGE,"",RD,"","",CARRBORO,NC,27510,55,MALE,CARRBORO,"56TH HOUSE","NORTH CARRBORO","CHAPEL HILL",DEMOCRATIC,WHITE,ACTIVE,"05/02/2006 PRIMARY",5/2/2006
EICHNER,"EICHNER, MAXINE NATALIE","100 MICHAELS WAY","CHAPEL HILL",NC,27516,100,"",MICHAELS,"",WAY,"","","CHAPEL HILL",NC,27516,44,FEMALE,CARRBORO,"56TH HOUSE","NORTH CARRBORO","CHAPEL HILL",DEMOCRATIC,WHITE,ACTIVE,"05/02/2006 PRIMARY",5/2/2006
EISDORFER,"EISDORFER, ERICA JANE","100 MARY ST",CARRBORO,NC,27510,100,"",MARY,"",ST,"","",CARRBORO,NC,27510,49,FEMALE,CARRBORO,"56TH HOUSE",CARRBORO,"CHAPEL HILL",DEMOCRATIC,WHITE,ACTIVE,"05/02/2006 PRIMARY",5/2/2006
ELDERBROOM,"ELDERBROOM, BRIAN DENNIS","106 WATTERS RD",CARRBORO,NC,27510,106,"",WATTERS,"",RD,"","",CARRBORO,NC,27510,28,MALE,CARRBORO,"56TH HOUSE","TOWN HALL","CHAPEL HILL",DEMOCRATIC,WHITE,ACTIVE,"05/02/2006 PRIMARY",5/2/2006
ELDRED,"ELDRED, EDWARD","112 HIGH ST",CARRBORO,NC,27510,112,"",HIGH,"",ST,"","",CARRBORO,NC,27510,34,MALE,CARRBORO,"56TH HOUSE",CARRBORO,"CHAPEL HILL",DEMOCRATIC,WHITE,ACTIVE,"05/02/2006 PRIMARY",5/2/2006
ELDRED,"ELDRED, TRACY LYN","112 HIGH ST",CARRBORO,NC,27510,112,"",HIGH,"",ST,"","",CARRBORO,NC,27510,36,FEMALE,CARRBORO,"56TH HOUSE",CARRBORO,"CHAPEL HILL",DEMOCRATIC,WHITE,ACTIVE,"05/02/2006 PRIMARY",5/2/2006
ELLESTAD,"ELLESTAD, CHRISTINE","101 BUCK TAYLOR TRL","CHAPEL HILL",NC,27516,101,"","BUCK TAYLOR","",TRL,"","","CHAPEL HILL",NC,27516,54,FEMALE,CARRBORO,"56TH HOUSE","NORTH CARRBORO","CHAPEL HILL",DEMOCRATIC,UNDESIGNATED,ACTIVE,"05/02/2006 PRIMARY",5/2/2006
ELLESTAD,"ELLESTAD, THOMAS GILBERT","101 BUCK TAYLOR TRL","CHAPEL HILL",NC,27516,101,"","BUCK TAYLOR","",TRL,"","","CHAPEL HILL",NC,27516,57,MALE,CARRBORO,"56TH HOUSE","NORTH CARRBORO","CHAPEL HILL",DEMOCRATIC,WHITE,ACTIVE,"05/02/2006 PRIMARY",5/2/2006
ELLIOTT,"ELLIOTT, KASSIA DIANE","600 BOLIN CREEK DR",CARRBORO,NC,27510,600,"","BOLIN CREEK","",DR,"","",CARRBORO,NC,27510,54,FEMALE,CARRBORO,"56TH HOUSE","NORTH CARRBORO","CHAPEL HILL",DEMOCRATIC,WHITE,ACTIVE,"05/02/2006 PRIMARY",5/2/2006
ELLIOTT,"ELLIOTT, KATHERINE STEELE","506 ROBERT HUNT DR",CARRBORO,NC,27510,506,"","ROBERT HUNT","",DR,"","",CARRBORO,NC,27510,22,FEMALE,CARRBORO,"56TH HOUSE","NORTH CARRBORO","CHAPEL HILL",DEMOCRATIC,WHITE,ACTIVE,"05/02/2006 PRIMARY",5/2/2006
ELLIOTT,"ELLIOTT, MARGARET STYRON","506 ROBERT HUNT DR",CARRBORO,NC,27510,506,"","ROBERT HUNT","",DR,"","",CARRBORO,NC,27510,20,FEMALE,CARRBORO,"56TH HOUSE","NORTH CARRBORO","CHAPEL HILL",DEMOCRATIC,WHITE,ACTIVE,"05/02/2006 PRIMARY",5/2/2006
ELLIS,"ELLIS, JAMES EDWARD","102 CANTON CT","CHAPEL HILL",NC,27516,102,"",CANTON,"",CT,"","","CHAPEL HILL",NC,27516,53,MALE,CARRBORO,"56TH HOUSE","NORTH CARRBORO","CHAPEL HILL",DEMOCRATIC,WHITE,ACTIVE,"05/02/2006 PRIMARY",5/2/2006
ELLIS,"ELLIS, R. ELLEN THOMAS","502 W POPLAR AVE #D2",CARRBORO,NC,27510,502,W,POPLAR,"",AVE,"",D2,CARRBORO,NC,27510,49,FEMALE,CARRBORO,"56TH HOUSE","LIONS CLUB","CHAPEL HILL",DEMOCRATIC,WHITE,ACTIVE,"05/02/2006 PRIMARY",5/2/2006
ELVINGTON,"ELVINGTON, LISA CLAIRE","407 LAKE HOGAN FARM RD","CHAPEL HILL",NC,27516,407,"","LAKE HOGAN FARM","",RD,"","","CHAPEL HILL",NC,27516,45,FEMALE,CARRBORO,"50TH HOUSE","HOGAN FARMS","CHAPEL HILL",DEMOCRATIC,WHITE,ACTIVE,"05/02/2006 PRIMARY",5/2/2006
EMERY,"EMERY, JAMES EDWARD","106 MARY ST",CARRBORO,NC,27510,106,"",MARY,"",ST,"","",CARRBORO,NC,27510,45,MALE,CARRBORO,"56TH HOUSE",CARRBORO,"CHAPEL HILL",DEMOCRATIC,WHITE,ACTIVE,"05/02/2006 PRIMARY",5/2/2006
ENGEL,"ENGEL, JONATHAN HAROLD","8120 N HOUND CT","CHAPEL HILL",NC,27516,8120,N,HOUND,"",CT,"","","CHAPEL HILL",NC,27516,48,MALE,CARRBORO,"50TH HOUSE","HOGAN FARMS","CHAPEL HILL",DEMOCRATIC,WHITE,ACTIVE,"05/02/2006 PRIMARY",5/2/2006
ENTERS,"ENTERS, ROBERT B JR","23 FIDELITY CT",CARRBORO,NC,27510,23,"",FIDELITY,"",CT,"","",CARRBORO,NC,27510,48,MALE,CARRBORO,"56TH HOUSE","LIONS CLUB","CHAPEL HILL",DEMOCRATIC,WHITE,ACTIVE,"05/02/2006 PRIMARY",5/2/2006
ERICKSON,"ERICKSON, CHOLENA","200 PLEASANT DR",CARRBORO,NC,27510,200,"",PLEASANT,"",DR,"","",CARRBORO,NC,27510,55,FEMALE,CARRBORO,"56TH HOUSE","TOWN HALL","CHAPEL HILL",DEMOCRATIC,WHITE,ACTIVE,"05/02/2006 PRIMARY",5/2/2006
ESTERLING,"ESTERLING, DONALD MICHAEL","201 STABLE RD",CARRBORO,NC,27510,201,"",STABLE,"",RD,"","",CARRBORO,NC,27510,64,MALE,CARRBORO,"56TH HOUSE","TOWN HALL","CHAPEL HILL",DEMOCRATIC,WHITE,ACTIVE,"05/02/2006 PRIMARY",5/2/2006
ESTERLING,"ESTERLING, LINDA GREENBLATT","201 STABLE RD",CARRBORO,NC,27510,201,"",STABLE,"",RD,"","",CARRBORO,NC,27510,55,FEMALE,CARRBORO,"56TH HOUSE","TOWN HALL","CHAPEL HILL",DEMOCRATIC,WHITE,ACTIVE,"05/02/2006 PRIMARY",5/2/2006
EUBANKS,"EUBANKS, CELESTER TODD","909 N GREENSBORO ST   #D",CARRBORO,NC,27510,909,N,GREENSBORO,"",ST,"",D,CARRBORO,NC,27510,38,MALE,CARRBORO,"56TH HOUSE",CARRBORO,"CHAPEL HILL",DEMOCRATIC,"BLACK or AFRICAN AMERICAN",ACTIVE,"05/02/2006 PRIMARY",5/2/2006
EUBANKS,"EUBANKS, TREVAUGHN BROWN","909-D N GREENSBORO ST",CARRBORO,NC,27510,909,N,GREENSBORO,"",ST,"","",CARRBORO,NC,27510,41,FEMALE,CARRBORO,"56TH HOUSE",CARRBORO,"CHAPEL HILL",DEMOCRATIC,"BLACK or AFRICAN AMERICAN",ACTIVE,"05/02/2006 PRIMARY",5/2/2006
EVANS,"EVANS, CAROLYN","114 STARLITE DR",CARRBORO,NC,27510,114,"",STARLITE,"",DR,"","",CARRBORO,NC,27510,61,FEMALE,CARRBORO,"56TH HOUSE","TOWN HALL","CHAPEL HILL",DEMOCRATIC,"BLACK or AFRICAN AMERICAN",ACTIVE,"05/02/2006 PRIMARY",5/2/2006
EVANS,"EVANS, ELIZABETH MARTHA","701 N GREENSBORO ST   #B",CARRBORO,NC,27510,701,N,GREENSBORO,"",ST,"",B,CARRBORO,NC,27510,62,FEMALE,CARRBORO,"56TH HOUSE",CARRBORO,"CHAPEL HILL",DEMOCRATIC,WHITE,ACTIVE,"05/02/2006 PRIMARY",5/2/2006
EVANS,"EVANS, INGER MARIE","109 SOUTH FIELDS CIR","CHAPEL HILL",NC,27516,109,"","SOUTH FIELDS","",CIR,"","","CHAPEL HILL",NC,27516,79,FEMALE,CARRBORO,"50TH HOUSE","HOGAN FARMS","CHAPEL HILL",DEMOCRATIC,WHITE,ACTIVE,"05/02/2006 PRIMARY",5/2/2006
EVERSON,"EVERSON, KATHARINE SANDRA","109 COBBLESTONE DR","CHAPEL HILL",NC,27516,109,"",COBBLESTONE,"",DR,"","","CHAPEL HILL",NC,27516,57,FEMALE,CARRBORO,"56TH HOUSE","NORTH CARRBORO","CHAPEL HILL",DEMOCRATIC,WHITE,ACTIVE,"05/02/2006 PRIMARY",5/2/2006
EVERSON,"EVERSON, MARK DOUGLAS","109 COBBLESTONE DR","CHAPEL HILL",NC,27516,109,"",COBBLESTONE,"",DR,"","","CHAPEL HILL",NC,27516,58,MALE,CARRBORO,"56TH HOUSE","NORTH CARRBORO","CHAPEL HILL",DEMOCRATIC,WHITE,ACTIVE,"05/02/2006 PRIMARY",5/2/2006
EXUM,"EXUM, JAMES GOODEN III","109 OLD PITTSBORO RD",CARRBORO,NC,27510,109,"","OLD PITTSBORO","",RD,"","",CARRBORO,NC,27510,42,MALE,CARRBORO,"56TH HOUSE",OWASA,"CHAPEL HILL",DEMOCRATIC,WHITE,ACTIVE,"05/02/2006 PRIMARY",5/2/2006
EXUM,"EXUM, TERRI WARD","109 OLD PITTSBORO RD",CARRBORO,NC,27510,109,"","OLD PITTSBORO","",RD,"","",CARRBORO,NC,27510,48,FEMALE,CARRBORO,"56TH HOUSE",OWASA,"CHAPEL HILL",DEMOCRATIC,WHITE,ACTIVE,"05/02/2006 PRIMARY",5/2/2006
EZZELL,"EZZELL, MATTHEW BREWER","121 WESTVIEW DR   #22",CARRBORO,NC,27510,121,"",WESTVIEW,"",DR,"",22,CARRBORO,NC,27510,30,MALE,CARRBORO,"56TH HOUSE","LIONS CLUB","CHAPEL HILL",DEMOCRATIC,WHITE,ACTIVE,"05/02/2006 PRIMARY",5/2/2006
FAINT,"FAINT, BLAISE BYRON","501 JONES FERRY RD   #Y-5",CARRBORO,NC,27510,501,"","JONES FERRY","",RD,"",Y-5,CARRBORO,NC,27510,41,MALE,CARRBORO,"56TH HOUSE",OWASA,"CHAPEL HILL",DEMOCRATIC,WHITE,ACTIVE,"05/02/2006 PRIMARY",5/2/2006
FALK,"FALK, JEANETTE STRASSER","275 SWEET BAY PL",CARRBORO,NC,27510,275,"","SWEET BAY","",PL,"","",CARRBORO,NC,27510,68,FEMALE,CARRBORO,"56TH HOUSE","TOWN HALL","CHAPEL HILL",DEMOCRATIC,WHITE,ACTIVE,"05/02/2006 PRIMARY",5/2/2006
FALK,"FALK, SARBAGA","104 PLEASANT DR   #A",CARRBORO,NC,27510,104,"",PLEASANT,"",DR,"",A,CARRBORO,NC,27510,62,FEMALE,CARRBORO,"56TH HOUSE","TOWN HALL","CHAPEL HILL",DEMOCRATIC,WHITE,ACTIVE,"05/02/2006 PRIMARY",5/2/2006
FANNING,"FANNING, ALAN SCOTT","103 WOODS WALK CT",CARRBORO,NC,27510,103,"","WOODS WALK","",CT,"","",CARRBORO,NC,27510,43,MALE,CARRBORO,"56TH HOUSE",CARRBORO,"CHAPEL HILL",DEMOCRATIC,WHITE,ACTIVE,"05/02/2006 PRIMARY",5/2/2006
FARMER,"FARMER, STEPHEN MANLEY","110 CREEKVIEW CIR",CARRBORO,NC,27510,110,"",CREEKVIEW,"",CIR,"","",CARRBORO,NC,27510,45,MALE,CARRBORO,"56TH HOUSE","NORTH CARRBORO","CHAPEL HILL",DEMOCRATIC,WHITE,ACTIVE,"05/02/2006 PRIMARY",5/2/2006
FARRAR,"FARRAR, CARROL J","600 W POPLAR AVE   #148",CARRBORO,NC,27510,600,W,POPLAR,"",AVE,"",148,CARRBORO,NC,27510,66,FEMALE,CARRBORO,"56TH HOUSE","LIONS CLUB","CHAPEL HILL",DEMOCRATIC,"BLACK or AFRICAN AMERICAN",ACTIVE,"05/02/2006 PRIMARY",5/2/2006
FARRAR,"FARRAR, FAYE ATWATER","102 PRINCE ST",CARRBORO,NC,27510,102,"",PRINCE,"",ST,"","",CARRBORO,NC,27510,70,FEMALE,CARRBORO,"56TH HOUSE",OWASA,"CHAPEL HILL",DEMOCRATIC,"BLACK or AFRICAN AMERICAN",ACTIVE,"05/02/2006 PRIMARY",5/2/2006
FARRELL,"FARRELL, LACY CLIFTON","400 LORRAINE ST",CARRBORO,NC,27510,400,"",LORRAINE,"",ST,"","",CARRBORO,NC,27510,61,MALE,CARRBORO,"56TH HOUSE",CARRBORO,"CHAPEL HILL",DEMOCRATIC,WHITE,ACTIVE,"05/02/2006 PRIMARY",5/2/2006
FARRELL,"FARRELL, LORRAINE K PERILLO","400 LORRAINE ST",CARRBORO,NC,27510,400,"",LORRAINE,"",ST,"","",CARRBORO,NC,27510,49,FEMALE,CARRBORO,"56TH HOUSE",CARRBORO,"CHAPEL HILL",DEMOCRATIC,WHITE,ACTIVE,"05/02/2006 PRIMARY",5/2/2006
FARRIS,"FARRIS, ANDREW LEE","201 NC HWY 54 BYP   #604",CARRBORO,NC,27510,201,"","NC HWY 54","",BYP,"",604,CARRBORO,NC,27510,27,MALE,CARRBORO,"56TH HOUSE","LIONS CLUB","CHAPEL HILL",DEMOCRATIC,WHITE,ACTIVE,"05/02/2006 PRIMARY",5/2/2006
FARROW,"FARROW, DORIS W","605 OAK AVE   #C-2",CARRBORO,NC,27510,605,"",OAK,"",AVE,"",C-2,CARRBORO,NC,27510,54,FEMALE,CARRBORO,"56TH HOUSE","TOWN HALL","CHAPEL HILL",DEMOCRATIC,"BLACK or AFRICAN AMERICAN",ACTIVE,"05/02/2006 PRIMARY",5/2/2006
FARRUG,"FARRUG, EUGENE DANIEL","105 FIDELITY ST   #B1",CARRBORO,NC,27510,105,"",FIDELITY,"",ST,"",B1,CARRBORO,NC,27510,31,MALE,CARRBORO,"56TH HOUSE","LIONS CLUB","CHAPEL HILL",DEMOCRATIC,WHITE,ACTIVE,"05/02/2006 PRIMARY",5/2/2006
FEFFER,"FEFFER, EDITH B","115 CIRCADIAN WAY","CHAPEL HILL",NC,27516,115,"",CIRCADIAN,"",WAY,"","","CHAPEL HILL",NC,27516,84,FEMALE,CARRBORO,"56TH HOUSE","NORTH CARRBORO","CHAPEL HILL",DEMOCRATIC,WHITE,ACTIVE,"05/02/2006 PRIMARY",5/2/2006
FELDACKER,"FELDACKER, CARYL BETH","110 LANTERN WAY",CARRBORO,NC,27510,110,"",LANTERN,"",WAY,"","",CARRBORO,NC,27510,33,FEMALE,CARRBORO,"56TH HOUSE",OWASA,"CHAPEL HILL",DEMOCRATIC,WHITE,ACTIVE,"05/02/2006 PRIMARY",5/2/2006
FENHAGEN,"FENHAGEN, MELINDA CAITLIN","102 MORNINGSIDE DR",CARRBORO,NC,27510,102,"",MORNINGSIDE,"",DR,"","",CARRBORO,NC,27510,38,FEMALE,CARRBORO,"56TH HOUSE","NORTH CARRBORO","CHAPEL HILL",DEMOCRATIC,WHITE,ACTIVE,"05/02/2006 PRIMARY",5/2/2006
FERNANDEZ,"FERNANDEZ, MARIA E","8105 LAIR CT","CHAPEL HILL",NC,27516,8105,"",LAIR,"",CT,"","","CHAPEL HILL",NC,27516,61,FEMALE,CARRBORO,"50TH HOUSE","HOGAN FARMS","CHAPEL HILL",DEMOCRATIC,OTHER,ACTIVE,"05/02/2006 PRIMARY",5/2/2006
FETTERS,"FETTERS, TAMARA L","104 PLEASANT DR",CARRBORO,NC,27510,104,"",PLEASANT,"",DR,"","",CARRBORO,NC,27510,43,FEMALE,CARRBORO,"56TH HOUSE","TOWN HALL","CHAPEL HILL",DEMOCRATIC,WHITE,ACTIVE,"05/02/2006 PRIMARY",5/2/2006
FIELDS,"FIELDS, MARGARET KNIGHT","105 OAK ST",CARRBORO,NC,27510,105,"",OAK,"",ST,"","",CARRBORO,NC,27510,37,FEMALE,CARRBORO,"56TH HOUSE",CARRBORO,"CHAPEL HILL",DEMOCRATIC,WHITE,ACTIVE,"05/02/2006 PRIMARY",5/2/2006
FIGUEROA,"FIGUEROA, HELEN A","101 SUDBURY LN","CHAPEL HILL",NC,27516,101,"",SUDBURY,"",LN,"","","CHAPEL HILL",NC,27516,61,FEMALE,CARRBORO,"56TH HOUSE","NORTH CARRBORO","CHAPEL HILL",DEMOCRATIC,OTHER,ACTIVE,"05/02/2006 PRIMARY",5/2/2006
FIGUEROA,"FIGUEROA, MIGUEL A","101 SUDBURY LN","CHAPEL HILL",NC,27516,101,"",SUDBURY,"",LN,"","","CHAPEL HILL",NC,27516,63,MALE,CARRBORO,"56TH HOUSE","NORTH CARRBORO","CHAPEL HILL",DEMOCRATIC,OTHER,ACTIVE,"05/02/2006 PRIMARY",5/2/2006
FISHER,"FISHER, THOMAS WADE HAMPTON","104 ROCKY PT",CARRBORO,NC,27510,104,"",ROCKY,"",PT,"","",CARRBORO,NC,27510,61,MALE,CARRBORO,"56TH HOUSE",CARRBORO,"CHAPEL HILL",DEMOCRATIC,WHITE,ACTIVE,"05/02/2006 PRIMARY",5/2/2006
FLORA,"FLORA, ELIZABETH ANNE","109 EUGENE ST",CARRBORO,NC,27510,109,"",EUGENE,"",ST,"","",CARRBORO,NC,27510,50,FEMALE,CARRBORO,"56TH HOUSE","TOWN HALL","CHAPEL HILL",DEMOCRATIC,WHITE,ACTIVE,"05/02/2006 PRIMARY",5/2/2006
FOIL,"FOIL, HOMER GILLON","8104 N HOUND CT","CHAPEL HILL",NC,27516,8104,N,HOUND,"",CT,"","","CHAPEL HILL",NC,27516,58,MALE,CARRBORO,"50TH HOUSE","HOGAN FARMS","CHAPEL HILL",DEMOCRATIC,WHITE,ACTIVE,"05/02/2006 PRIMARY",5/2/2006
FONVILLE,"FONVILLE, WILLIAM ALFONZO","600 W POPLAR AVE #142",CARRBORO,NC,27510,600,W,POPLAR,"",AVE,"",142,CARRBORO,NC,27510,77,MALE,CARRBORO,"56TH HOUSE","LIONS CLUB","CHAPEL HILL",DEMOCRATIC,"BLACK or AFRICAN AMERICAN",ACTIVE,"05/02/2006 PRIMARY",5/2/2006
FORBES,"FORBES, KAROLYN BETH","109 RED SUNSET PL",CARRBORO,NC,27510,109,"","RED SUNSET","",PL,"","",CARRBORO,NC,27510,34,FEMALE,CARRBORO,"56TH HOUSE","TOWN HALL","CHAPEL HILL",DEMOCRATIC,WHITE,ACTIVE,"05/02/2006 PRIMARY",5/2/2006
FORBES,"FORBES, TIMOTHY WOOD","1011 BUGLE CT","CHAPEL HILL",NC,27516,1011,"",BUGLE,"",CT,"","","CHAPEL HILL",NC,27516,49,MALE,CARRBORO,"50TH HOUSE","HOGAN FARMS","CHAPEL HILL",DEMOCRATIC,WHITE,ACTIVE,"05/02/2006 PRIMARY",5/2/2006
FOUSHEE,"FOUSHEE, BRAXTON","100 WILLIAMS ST",CARRBORO,NC,27510,100,"",WILLIAMS,"",ST,"","",CARRBORO,NC,27510,67,MALE,CARRBORO,"56TH HOUSE","TOWN HALL","CHAPEL HILL",DEMOCRATIC,"BLACK or AFRICAN AMERICAN",ACTIVE,"05/02/2006 PRIMARY",5/2/2006
FRANK,"FRANK, CHRISTOPHER JON","101 EVANS CT",CARRBORO,NC,27510,101,"",EVANS,"",CT,"","",CARRBORO,NC,27510,55,MALE,CARRBORO,"56TH HOUSE","TOWN HALL","CHAPEL HILL",DEMOCRATIC,WHITE,ACTIVE,"05/02/2006 PRIMARY",5/2/2006
FRANK,"FRANK, GEOFFREY A","508 BOLIN CREEK DR",CARRBORO,NC,27510,508,"","BOLIN CREEK","",DR,"","",CARRBORO,NC,27510,59,MALE,CARRBORO,"56TH HOUSE","NORTH CARRBORO","CHAPEL HILL",DEMOCRATIC,WHITE,ACTIVE,"05/02/2006 PRIMARY",5/2/2006
FRANK,"FRANK, LINDA V","508 BOLIN CREEK DR",CARRBORO,NC,27510,508,"","BOLIN CREEK","",DR,"","",CARRBORO,NC,27510,58,FEMALE,CARRBORO,"56TH HOUSE","NORTH CARRBORO","CHAPEL HILL",DEMOCRATIC,WHITE,ACTIVE,"05/02/2006 PRIMARY",5/2/2006
FRASER,"FRASER, MARK WILLIAM","1901 N HAWICK CT","CHAPEL HILL",NC,27516,1901,N,HAWICK,"",CT,"","","CHAPEL HILL",NC,27516,61,MALE,CARRBORO,"50TH HOUSE","HOGAN FARMS","CHAPEL HILL",DEMOCRATIC,WHITE,ACTIVE,"05/02/2006 PRIMARY",5/2/2006
FREUND,"FREUND, RICHARD ALAN","201 OLEANDER RD",CARRBORO,NC,27510,201,"",OLEANDER,"",RD,"","",CARRBORO,NC,27510,51,MALE,CARRBORO,"56TH HOUSE","LIONS CLUB","CHAPEL HILL",DEMOCRATIC,WHITE,ACTIVE,"05/02/2006 PRIMARY",5/2/2006
FRIED,"FRIED, DANIEL B","102 ROCKY PT",CARRBORO,NC,27510,102,"",ROCKY,"",PT,"","",CARRBORO,NC,27510,44,MALE,CARRBORO,"56TH HOUSE",CARRBORO,"CHAPEL HILL",DEMOCRATIC,WHITE,ACTIVE,"05/02/2006 PRIMARY",5/2/2006
FRIMMEL,"FRIMMEL, MARIANNE JAY","1611 PATHWAY DR",CARRBORO,NC,27510,1611,"",PATHWAY,"",DR,"","",CARRBORO,NC,27510,49,FEMALE,CARRBORO,"56TH HOUSE","NORTH CARRBORO","CHAPEL HILL",DEMOCRATIC,WHITE,ACTIVE,"05/02/2006 PRIMARY",5/2/2006
FULLER,"FULLER, KAREN DAWSON","404 JONES FERRY RD   #E-17",CARRBORO,NC,27510,404,"","JONES FERRY","",RD,"",E-17,CARRBORO,NC,27510,55,FEMALE,CARRBORO,"56TH HOUSE","LIONS CLUB","CHAPEL HILL",DEMOCRATIC,WHITE,ACTIVE,"05/02/2006 PRIMARY",5/2/2006
FULLER,"FULLER, LEAH BROCKSMITH","105 PINE HILL DR",CARRBORO,NC,27510,105,"","PINE HILL","",DR,"","",CARRBORO,NC,27510,33,FEMALE,CARRBORO,"56TH HOUSE",CARRBORO,"CHAPEL HILL",DEMOCRATIC,WHITE,ACTIVE,"05/02/2006 PRIMARY",5/2/2006
FURMAN,"FURMAN, ARLENE MARCEL","203 OAK AVE",CARRBORO,NC,27510,203,"",OAK,"",AVE,"","",CARRBORO,NC,27510,49,FEMALE,CARRBORO,"56TH HOUSE","TOWN HALL","CHAPEL HILL",DEMOCRATIC,WHITE,ACTIVE,"05/02/2006 PRIMARY",5/2/2006
GALLAGHER,"GALLAGHER, DEBORAH R","109 AMBER CT",CARRBORO,NC,27510,109,"",AMBER,"",CT,"","",CARRBORO,NC,27510,50,FEMALE,CARRBORO,"56TH HOUSE","NORTH CARRBORO","CHAPEL HILL",DEMOCRATIC,WHITE,ACTIVE,"05/02/2006 PRIMARY",5/2/2006
GALLAGHER,"GALLAGHER, JOHN W","109 AMBER CT",CARRBORO,NC,27510,109,"",AMBER,"",CT,"","",CARRBORO,NC,27510,47,MALE,CARRBORO,"56TH HOUSE","NORTH CARRBORO","CHAPEL HILL",DEMOCRATIC,WHITE,ACTIVE,"05/02/2006 PRIMARY",5/2/2006
GALLAGHER,"GALLAGHER, RONALD P","2404 PATHWAY DR","CHAPEL HILL",NC,27516,2404,"",PATHWAY,"",DR,"","","CHAPEL HILL",NC,27516,55,MALE,CARRBORO,"56TH HOUSE","NORTH CARRBORO","CHAPEL HILL",DEMOCRATIC,WHITE,ACTIVE,"05/02/2006 PRIMARY",5/2/2006
GALLO,"GALLO, LAURA C","3002 STAFFIELD LN","CHAPEL HILL",NC,27516,3002,"",STAFFIELD,"",LN,"","","CHAPEL HILL",NC,27516,52,FEMALE,CARRBORO,"50TH HOUSE","HOGAN FARMS","CHAPEL HILL",DEMOCRATIC,WHITE,ACTIVE,"05/02/2006 PRIMARY",5/2/2006
GALLO,"GALLO, LORENZO A JR","3002 STAFFIELD LN","CHAPEL HILL",NC,27516,3002,"",STAFFIELD,"",LN,"","","CHAPEL HILL",NC,27516,56,MALE,CARRBORO,"50TH HOUSE","HOGAN FARMS","CHAPEL HILL",DEMOCRATIC,WHITE,ACTIVE,"05/02/2006 PRIMARY",5/2/2006
GARAVAGLIA,"GARAVAGLIA, PATRICIA EHA","436 S GREENSBORO ST",CARRBORO,NC,27510,436,S,GREENSBORO,"",ST,"","",CARRBORO,NC,27510,55,FEMALE,CARRBORO,"56TH HOUSE",OWASA,"CHAPEL HILL",DEMOCRATIC,WHITE,ACTIVE,"05/02/2006 PRIMARY",5/2/2006
GARDNER,"GARDNER, ROBYN HERIFORD","1604 N GREENSBORO ST",CARRBORO,NC,27510,1604,N,GREENSBORO,"",ST,"","",CARRBORO,NC,27510,53,FEMALE,CARRBORO,"56TH HOUSE","NORTH CARRBORO","CHAPEL HILL",DEMOCRATIC,WHITE,ACTIVE,"05/02/2006 PRIMARY",5/2/2006
GASDASKA,"GASDASKA, JOHN RICHARD","213 STRATFORD DR","CHAPEL HILL",NC,27516,213,"",STRATFORD,"",DR,"","","CHAPEL HILL",NC,27516,47,MALE,CARRBORO,"56TH HOUSE","NORTH CARRBORO","CHAPEL HILL",DEMOCRATIC,WHITE,ACTIVE,"05/02/2006 PRIMARY",5/2/2006
GATES,"GATES, BENNIE W","601 HILLSBOROUGH RD",CARRBORO,NC,27510,601,"",HILLSBOROUGH,"",RD,"","",CARRBORO,NC,27510,71,FEMALE,CARRBORO,"56TH HOUSE",CARRBORO,"CHAPEL HILL",DEMOCRATIC,WHITE,ACTIVE,"05/02/2006 PRIMARY",5/2/2006
GATTIS,"GATTIS, MARIE BURNETTE","500 S GREENSBORO ST #41",CARRBORO,NC,27510,500,S,GREENSBORO,"",ST,"",41,CARRBORO,NC,27510,71,FEMALE,CARRBORO,"56TH HOUSE",OWASA,"CHAPEL HILL",DEMOCRATIC,"BLACK or AFRICAN AMERICAN",ACTIVE,"05/02/2006 PRIMARY",5/2/2006
GELBLUM,"GELBLUM, LAURA PERLOFF","502-C OAK AVE",CARRBORO,NC,27510,502,"",OAK,"",AVE,"","",CARRBORO,NC,27510,48,FEMALE,CARRBORO,"56TH HOUSE",CARRBORO,"CHAPEL HILL",DEMOCRATIC,WHITE,ACTIVE,"05/02/2006 PRIMARY",5/2/2006
GENEROUS,"GENEROUS, WILLIAM THOMAS JR","206 WILD OAK LN",CARRBORO,NC,27510,206,"","WILD OAK","",LN,"","",CARRBORO,NC,27510,68,MALE,CARRBORO,"56TH HOUSE","NORTH CARRBORO","CHAPEL HILL",DEMOCRATIC,WHITE,ACTIVE,"05/02/2006 PRIMARY",5/2/2006
GERAGHTY,"GERAGHTY, THOMAS MICHAEL","601 JONES FERRY RD   #B-8",CARRBORO,NC,27510,601,"","JONES FERRY","",RD,"",B-8,CARRBORO,NC,27510,38,MALE,CARRBORO,"56TH HOUSE",OWASA,"CHAPEL HILL",DEMOCRATIC,WHITE,ACTIVE,"05/02/2006 PRIMARY",5/2/2006
GIDUZ,"GIDUZ, ELIZABETH HALLECK","107 ELLSWORTH PL","CHAPEL HILL",NC,27516,107,"",ELLSWORTH,"",PL,"","","CHAPEL HILL",NC,27516,47,FEMALE,CARRBORO,"56TH HOUSE","NORTH CARRBORO","CHAPEL HILL",DEMOCRATIC,WHITE,ACTIVE,"05/02/2006 PRIMARY",5/2/2006
GIDUZ,"GIDUZ, THOMAS TRACY","107 ELLSWORTH PL","CHAPEL HILL",NC,27516,107,"",ELLSWORTH,"",PL,"","","CHAPEL HILL",NC,27516,50,MALE,CARRBORO,"56TH HOUSE","NORTH CARRBORO","CHAPEL HILL",DEMOCRATIC,WHITE,ACTIVE,"05/02/2006 PRIMARY",5/2/2006
GIERSBROOK,"GIERSBROOK, JEFFREY SCOTT","1600 CLAYMORE RD","CHAPEL HILL",NC,27516,1600,"",CLAYMORE,"",RD,"","","CHAPEL HILL",NC,27516,47,MALE,CARRBORO,"50TH HOUSE","HOGAN FARMS","CHAPEL HILL",DEMOCRATIC,WHITE,ACTIVE,"05/02/2006 PRIMARY",5/2/2006
GILES,"GILES, GARY DURFEE","106 MILLROCK CT",CARRBORO,NC,27510,106,"",MILLROCK,"",CT,"","",CARRBORO,NC,27510,67,MALE,CARRBORO,"56TH HOUSE","NORTH CARRBORO","CHAPEL HILL",DEMOCRATIC,WHITE,ACTIVE,"05/02/2006 PRIMARY",5/2/2006
GILES,"GILES, MARTHA ELLIOTT","106 MILLROCK CT",CARRBORO,NC,27510,106,"",MILLROCK,"",CT,"","",CARRBORO,NC,27510,66,FEMALE,CARRBORO,"56TH HOUSE","NORTH CARRBORO","CHAPEL HILL",DEMOCRATIC,WHITE,ACTIVE,"05/02/2006 PRIMARY",5/2/2006
GILLESPIE,"GILLESPIE, MARGARET GAIL","111A OLD PITTSBORO RD",CARRBORO,NC,27510,111,"","OLD PITTSBORO","",RD,"","",CARRBORO,NC,27510,60,FEMALE,CARRBORO,"56TH HOUSE",OWASA,"CHAPEL HILL",DEMOCRATIC,WHITE,ACTIVE,"05/02/2006 PRIMARY",5/2/2006
GINGRICH,"GINGRICH, PATRICIA M","200 CAROL ST",CARRBORO,NC,27510,200,"",CAROL,"",ST,"","",CARRBORO,NC,27510,51,FEMALE,CARRBORO,"56TH HOUSE",CARRBORO,"CHAPEL HILL",DEMOCRATIC,WHITE,ACTIVE,"05/02/2006 PRIMARY",5/2/2006
GINGRICH,"GINGRICH, ROBERT KEVIN","200 CAROL ST",CARRBORO,NC,27510,200,"",CAROL,"",ST,"","",CARRBORO,NC,27510,48,MALE,CARRBORO,"56TH HOUSE",CARRBORO,"CHAPEL HILL",DEMOCRATIC,WHITE,ACTIVE,"05/02/2006 PRIMARY",5/2/2006
GINSBERG,"GINSBERG, DEBORAH BETTS","106 W CARR ST   #2",CARRBORO,NC,27510,106,W,CARR,"",ST,"",2,CARRBORO,NC,27510,53,FEMALE,CARRBORO,"56TH HOUSE",OWASA,"CHAPEL HILL",DEMOCRATIC,WHITE,ACTIVE,"05/02/2006 PRIMARY",5/2/2006
GIRARD,"GIRARD, JASMINE MICHELLE","105 FIDELITY ST   #A23",CARRBORO,NC,27510,105,"",FIDELITY,"",ST,"",A23,CARRBORO,NC,27510,36,FEMALE,CARRBORO,"56TH HOUSE","LIONS CLUB","CHAPEL HILL",DEMOCRATIC,WHITE,ACTIVE,"05/02/2006 PRIMARY",5/2/2006
GIST,"GIST, JACQUELYN MICHELLE","206 MAPLE AVE",CARRBORO,NC,27510,206,"",MAPLE,"",AVE,"","",CARRBORO,NC,27510,52,FEMALE,CARRBORO,"56TH HOUSE","TOWN HALL","CHAPEL HILL",DEMOCRATIC,WHITE,ACTIVE,"05/02/2006 PRIMARY",5/2/2006
GLASS,"GLASS, CHRISTINE ELIZABETH","303 WESTVIEW DR   #B",CARRBORO,NC,27510,303,"",WESTVIEW,"",DR,"",B,CARRBORO,NC,27510,32,FEMALE,CARRBORO,"56TH HOUSE","LIONS CLUB","CHAPEL HILL",DEMOCRATIC,WHITE,ACTIVE,"05/02/2006 PRIMARY",5/2/2006
GLEASON,"GLEASON, KATHLEEN ANN","201 WESTBROOK DR   #A-5",CARRBORO,NC,27510,201,"",WESTBROOK,"",DR,"",A-5,CARRBORO,NC,27510,53,FEMALE,CARRBORO,"56TH HOUSE",OWASA,"CHAPEL HILL",DEMOCRATIC,WHITE,ACTIVE,"05/02/2006 PRIMARY",5/2/2006
GLOSSON,"GLOSSON, PAULA S","100 CAROL ST",CARRBORO,NC,27510,100,"",CAROL,"",ST,"","",CARRBORO,NC,27510,67,FEMALE,CARRBORO,"56TH HOUSE",CARRBORO,"CHAPEL HILL",DEMOCRATIC,WHITE,ACTIVE,"05/02/2006 PRIMARY",5/2/2006
GLOSSON,"GLOSSON, ROBERT CLIFORD","100 CAROL ST",CARRBORO,NC,27510,100,"",CAROL,"",ST,"","",CARRBORO,NC,27510,70,MALE,CARRBORO,"56TH HOUSE",CARRBORO,"CHAPEL HILL",DEMOCRATIC,WHITE,ACTIVE,"05/02/2006 PRIMARY",5/2/2006
GOLDEN,"GOLDEN, SHELLEY DIANE","1801 PATHWAY DR",CARRBORO,NC,27510,1801,"",PATHWAY,"",DR,"","",CARRBORO,NC,27510,34,FEMALE,CARRBORO,"56TH HOUSE","NORTH CARRBORO","CHAPEL HILL",DEMOCRATIC,WHITE,ACTIVE,"05/02/2006 PRIMARY",5/2/2006
GOLDENBERG,"GOLDENBERG, MATTHEW NELSON","111 LORILANE DR",CARRBORO,NC,27510,111,"",LORILANE,"",DR,"","",CARRBORO,NC,27510,29,MALE,CARRBORO,"56TH HOUSE",OWASA,"CHAPEL HILL",DEMOCRATIC,WHITE,ACTIVE,"05/02/2006 PRIMARY",5/2/2006
GOLDMAN,"GOLDMAN, DESIREE","307 BERRYHILL DR",CARRBORO,NC,27510,307,"",BERRYHILL,"",DR,"","",CARRBORO,NC,27510,45,FEMALE,CARRBORO,"56TH HOUSE",OWASA,"CHAPEL HILL",DEMOCRATIC,WHITE,ACTIVE,"05/02/2006 PRIMARY",5/2/2006
GOLDSTEIN,"GOLDSTEIN, HARVEY ALAN","257 SWEET BAY PL",CARRBORO,NC,27510,257,"","SWEET BAY","",PL,"","",CARRBORO,NC,27510,60,MALE,CARRBORO,"56TH HOUSE","TOWN HALL","CHAPEL HILL",DEMOCRATIC,WHITE,ACTIVE,"05/02/2006 PRIMARY",5/2/2006
GOLZI,"GOLZI, MARIA MADDALENA","105 HARVEST CT",CARRBORO,NC,27510,105,"",HARVEST,"",CT,"","",CARRBORO,NC,27510,44,FEMALE,CARRBORO,"56TH HOUSE","TOWN HALL","CHAPEL HILL",DEMOCRATIC,WHITE,ACTIVE,"05/02/2006 PRIMARY",5/2/2006
GORDON,"GORDON, EMILY","PO BOX 1552",CARRBORO,NC,27510,124,"",FIDELITY,"",ST,"",12,CARRBORO,NC,27510,71,FEMALE,CARRBORO,"56TH HOUSE","LIONS CLUB","CHAPEL HILL",DEMOCRATIC,WHITE,ACTIVE,"05/02/2006 PRIMARY",5/2/2006
GORDON,"GORDON, EVELYN MARIE","100 PINE HILL DR   #C",CARRBORO,NC,27510,100,"","PINE HILL","",DR,"",C,CARRBORO,NC,27510,40,FEMALE,CARRBORO,"56TH HOUSE",CARRBORO,"CHAPEL HILL",DEMOCRATIC,WHITE,ACTIVE,"05/02/2006 PRIMARY",5/2/2006
GOSS,"GOSS, CHARLES A","109 GARDEN GATE DR","CHAPEL HILL",NC,27516,109,"","GARDEN GATE","",DR,"","","CHAPEL HILL",NC,27516,44,MALE,CARRBORO,"56TH HOUSE","NORTH CARRBORO","CHAPEL HILL",DEMOCRATIC,WHITE,ACTIVE,"05/02/2006 PRIMARY",5/2/2006
GOSS,"GOSS, KAREN LW","109 GARDEN GATE DR","CHAPEL HILL",NC,27516,109,"","GARDEN GATE","",DR,"","","CHAPEL HILL",NC,27516,43,FEMALE,CARRBORO,"56TH HOUSE","NORTH CARRBORO","CHAPEL HILL",DEMOCRATIC,WHITE,ACTIVE,"05/02/2006 PRIMARY",5/2/2006
GOULD,"GOULD, EMILY JEANNE","104 W POPLAR AVE   #A",CARRBORO,NC,27510,104,W,POPLAR,"",AVE,"",A,CARRBORO,NC,27510,22,FEMALE,CARRBORO,"56TH HOUSE","LIONS CLUB","CHAPEL HILL",DEMOCRATIC,WHITE,ACTIVE,"05/02/2006 PRIMARY",5/2/2006
GRABOW,"GRABOW, MOLLY ANNE","131 VIBURNUM WAY",CARRBORO,NC,27510,131,"",VIBURNUM,"",WAY,"","",CARRBORO,NC,27510,27,FEMALE,CARRBORO,"56TH HOUSE","TOWN HALL","CHAPEL HILL",DEMOCRATIC,WHITE,ACTIVE,"05/02/2006 PRIMARY",5/2/2006
GRAHAM,"GRAHAM, THOMAS WENTWORTH","200 BRUTON DR","CHAPEL HILL",NC,27516,200,"",BRUTON,"",DR,"","","CHAPEL HILL",NC,27516,56,MALE,CARRBORO,"56TH HOUSE","NORTH CARRBORO","CHAPEL HILL",DEMOCRATIC,WHITE,ACTIVE,"05/02/2006 PRIMARY",5/2/2006
GRANDA,"GRANDA, BETSEY BRILL","112 CIRCADIAN WAY","CHAPEL HILL",NC,27516,112,"",CIRCADIAN,"",WAY,"","","CHAPEL HILL",NC,27516,74,FEMALE,CARRBORO,"56TH HOUSE","NORTH CARRBORO","CHAPEL HILL",DEMOCRATIC,WHITE,ACTIVE,"05/02/2006 PRIMARY",5/2/2006
GRATCH,"GRATCH, MARY","1014 BUGLE CT","CHAPEL HILL",NC,27516,1014,"",BUGLE,"",CT,"","","CHAPEL HILL",NC,27516,53,FEMALE,CARRBORO,"50TH HOUSE","HOGAN FARMS","CHAPEL HILL",DEMOCRATIC,WHITE,ACTIVE,"05/02/2006 PRIMARY",5/2/2006
GRAVES,"GRAVES, HILDER ALSTON","500 S GREENSBORO ST #47",CARRBORO,NC,27510,500,S,GREENSBORO,"",ST,"",47,CARRBORO,NC,27510,57,FEMALE,CARRBORO,"56TH HOUSE",OWASA,"CHAPEL HILL",DEMOCRATIC,"BLACK or AFRICAN AMERICAN",ACTIVE,"05/02/2006 PRIMARY",5/2/2006
GRAY,"GRAY, FRANKIE SELLARS","111 GLOSSON CIR",CARRBORO,NC,27510,111,"",GLOSSON,"",CIR,"","",CARRBORO,NC,27510,70,MALE,CARRBORO,"56TH HOUSE","LIONS CLUB","CHAPEL HILL",DEMOCRATIC,WHITE,ACTIVE,"05/02/2006 PRIMARY",5/2/2006
GRAY,"GRAY, JACKIE NEECE","107 HIGH ST",CARRBORO,NC,27510,107,"",HIGH,"",ST,"","",CARRBORO,NC,27510,59,FEMALE,CARRBORO,"56TH HOUSE",CARRBORO,"CHAPEL HILL",DEMOCRATIC,WHITE,ACTIVE,"05/02/2006 PRIMARY",5/2/2006
GREEN,"GREEN, HILARY NICOLE","101 NC HWY 54 BYP   #B5",CARRBORO,NC,27510,101,"","NC HWY 54","",BYP,"",B5,CARRBORO,NC,27510,29,FEMALE,CARRBORO,"56TH HOUSE","LIONS CLUB","CHAPEL HILL",DEMOCRATIC,"BLACK or AFRICAN AMERICAN",ACTIVE,"05/02/2006 PRIMARY",5/2/2006
GREEN,"GREEN, MARSHA ANDERSON","1306 HILLSBOROUGH RD","CHAPEL HILL",NC,27516,1306,"",HILLSBOROUGH,"",RD,"","","CHAPEL HILL",NC,27516,47,FEMALE,CARRBORO,"56TH HOUSE","NORTH CARRBORO","CHAPEL HILL",DEMOCRATIC,WHITE,ACTIVE,"05/02/2006 PRIMARY",5/2/2006
GREEN,"GREEN, NANCY LEE","141 SOUTH FIELDS CIR","CHAPEL HILL",NC,27516,141,"","SOUTH FIELDS","",CIR,"","","CHAPEL HILL",NC,27516,58,FEMALE,CARRBORO,"50TH HOUSE","HOGAN FARMS","CHAPEL HILL",DEMOCRATIC,WHITE,ACTIVE,"05/02/2006 PRIMARY",5/2/2006
GREENBERG,"GREENBERG, LINDA MALA","505 WATERSIDE DR",CARRBORO,NC,27510,505,"",WATERSIDE,"",DR,"","",CARRBORO,NC,27510,54,FEMALE,CARRBORO,"56TH HOUSE","NORTH CARRBORO","CHAPEL HILL",DEMOCRATIC,WHITE,ACTIVE,"05/02/2006 PRIMARY",5/2/2006
GREENLUND,"GREENLUND, ROBERT TERRANCE","PO BOX 331","CHAPEL HILL",NC,27514,403,"",BERRYHILL,"",DR,"","",CARRBORO,NC,27510,60,MALE,CARRBORO,"56TH HOUSE",OWASA,"CHAPEL HILL",DEMOCRATIC,WHITE,ACTIVE,"05/02/2006 PRIMARY",5/2/2006
GREGG,"GREGG, MARY CASEY","133 COLERIDGE CT",CARRBORO,NC,27510,133,"",COLERIDGE,"",CT,"","",CARRBORO,NC,27510,50,FEMALE,CARRBORO,"56TH HOUSE",OWASA,"CHAPEL HILL",DEMOCRATIC,WHITE,ACTIVE,"05/02/2006 PRIMARY",5/2/2006
GRIFFIN,"GRIFFIN, LINDSAY CUSHMAN","115 BARNES ST",CARRBORO,NC,27510,115,"",BARNES,"",ST,"","",CARRBORO,NC,27510,29,FEMALE,CARRBORO,"56TH HOUSE",OWASA,"CHAPEL HILL",DEMOCRATIC,WHITE,ACTIVE,"05/02/2006 PRIMARY",5/2/2006
GRIFFITHS,"GRIFFITHS, DAVID MARK","1403 N GREENSBORO ST",CARRBORO,NC,27510,1403,N,GREENSBORO,"",ST,"","",CARRBORO,NC,27510,69,MALE,CARRBORO,"56TH HOUSE",CARRBORO,"CHAPEL HILL",DEMOCRATIC,WHITE,ACTIVE,"05/02/2006 PRIMARY",5/2/2006
GRIMBALL,"GRIMBALL, BERKELEY  JR","506 OAK AVE",CARRBORO,NC,27510,506,"",OAK,"",AVE,"","",CARRBORO,NC,27510,55,MALE,CARRBORO,"56TH HOUSE",CARRBORO,"CHAPEL HILL",DEMOCRATIC,WHITE,ACTIVE,"05/02/2006 PRIMARY",5/2/2006
GROSS,"GROSS, JACK E","106 HOGAN GLEN CT","CHAPEL HILL",NC,27516,106,"","HOGAN GLEN","",CT,"","","CHAPEL HILL",NC,27516,72,MALE,CARRBORO,"50TH HOUSE","HOGAN FARMS","CHAPEL HILL",DEMOCRATIC,WHITE,ACTIVE,"05/02/2006 PRIMARY",5/2/2006
GRUBERG,"GRUBERG, SHARITA MOLLIE","104 BREWER LN   #B-4",CARRBORO,NC,27510,104,"",BREWER,"",LN,"",B-4,CARRBORO,NC,27510,21,FEMALE,CARRBORO,"56TH HOUSE","TOWN HALL","CHAPEL HILL",DEMOCRATIC,"TWO or MORE RACES",ACTIVE,"05/02/2006 PRIMARY",5/2/2006
GUIDRY,"GUIDRY, VIRGINIA THOMPSON","103 PLEASANT DR   #A",CARRBORO,NC,27510,103,"",PLEASANT,"",DR,"",A,CARRBORO,NC,27510,30,FEMALE,CARRBORO,"56TH HOUSE","TOWN HALL","CHAPEL HILL",DEMOCRATIC,WHITE,ACTIVE,"05/02/2006 PRIMARY",5/2/2006
GULICK,"GULICK, DONNA SPRING","104 PHIPPS ST",CARRBORO,NC,27510,104,"",PHIPPS,"",ST,"","",CARRBORO,NC,27510,61,FEMALE,CARRBORO,"56TH HOUSE",CARRBORO,"CHAPEL HILL",DEMOCRATIC,WHITE,ACTIVE,"05/02/2006 PRIMARY",5/2/2006
GULICK,"GULICK, JOHN DAVID","104 PHIPPS ST",CARRBORO,NC,27510,104,"",PHIPPS,"",ST,"","",CARRBORO,NC,27510,60,MALE,CARRBORO,"56TH HOUSE",CARRBORO,"CHAPEL HILL",DEMOCRATIC,WHITE,ACTIVE,"05/02/2006 PRIMARY",5/2/2006
HAAC,"HAAC, CLIFFORD OSCAR","102 MILLROCK CT",CARRBORO,NC,27510,102,"",MILLROCK,"",CT,"","",CARRBORO,NC,27510,58,MALE,CARRBORO,"56TH HOUSE","NORTH CARRBORO","CHAPEL HILL",DEMOCRATIC,WHITE,ACTIVE,"05/02/2006 PRIMARY",5/2/2006
HAAC,"HAAC, LINDA A","102 MILLROCK CT",CARRBORO,NC,27510,102,"",MILLROCK,"",CT,"","",CARRBORO,NC,27510,58,FEMALE,CARRBORO,"56TH HOUSE","NORTH CARRBORO","CHAPEL HILL",DEMOCRATIC,WHITE,ACTIVE,"05/02/2006 PRIMARY",5/2/2006
HACKNEY,"HACKNEY, BEULAH E","114 OAK ST",CARRBORO,NC,27510,114,"",OAK,"",ST,"","",CARRBORO,NC,27510,89,FEMALE,CARRBORO,"56TH HOUSE",CARRBORO,"CHAPEL HILL",DEMOCRATIC,WHITE,ACTIVE,"05/02/2006 PRIMARY",5/2/2006
HALKIOTIS,"HALKIOTIS, BARBARA ZOUKIS","206 BARINGTON HILLS RD","CHAPEL HILL",NC,27516,206,"","BARINGTON HILLS","",RD,"","","CHAPEL HILL",NC,27516,63,FEMALE,CARRBORO,"56TH HOUSE","NORTH CARRBORO","CHAPEL HILL",DEMOCRATIC,WHITE,ACTIVE,"05/02/2006 PRIMARY",5/2/2006
HALMAN,"HALMAN, WILLIAM PAUL","306 LAUREL AVE",CARRBORO,NC,27510,306,"",LAUREL,"",AVE,"","",CARRBORO,NC,27510,22,MALE,CARRBORO,"56TH HOUSE",OWASA,"CHAPEL HILL",DEMOCRATIC,WHITE,ACTIVE,"05/02/2006 PRIMARY",5/2/2006
HAMBORSKY,"HAMBORSKY, JANE ANNE","302 WESTBROOK DR",CARRBORO,NC,27510,302,"",WESTBROOK,"",DR,"","",CARRBORO,NC,27510,58,FEMALE,CARRBORO,"56TH HOUSE",OWASA,"CHAPEL HILL",DEMOCRATIC,WHITE,ACTIVE,"05/02/2006 PRIMARY",5/2/2006
HAMIL,"HAMIL, KATHERINE GRACE","117 CIRCADIAN WAY","CHAPEL HILL",NC,27516,117,"",CIRCADIAN,"",WAY,"","","CHAPEL HILL",NC,27516,44,FEMALE,CARRBORO,"56TH HOUSE","NORTH CARRBORO","CHAPEL HILL",DEMOCRATIC,WHITE,ACTIVE,"05/02/2006 PRIMARY",5/2/2006
HAMMERSLEY,"HAMMERSLEY, MICHAEL LEE","203 WEATHERVANE DR",CARRBORO,NC,27510,203,"",WEATHERVANE,"",DR,"","",CARRBORO,NC,27510,53,MALE,CARRBORO,"56TH HOUSE","TOWN HALL","CHAPEL HILL",DEMOCRATIC,WHITE,ACTIVE,"05/02/2006 PRIMARY",5/2/2006
HAMMERSLEY,"HAMMERSLEY, TERESA STANDLEY","203 WEATHERVANE DR",CARRBORO,NC,27510,203,"",WEATHERVANE,"",DR,"","",CARRBORO,NC,27510,53,FEMALE,CARRBORO,"56TH HOUSE","TOWN HALL","CHAPEL HILL",DEMOCRATIC,WHITE,ACTIVE,"05/02/2006 PRIMARY",5/2/2006
HAMMILL,"HAMMILL, FRANK R","2003 CAMDEN LN","CHAPEL HILL",NC,27516,2003,"",CAMDEN,"",LN,"","","CHAPEL HILL",NC,27516,81,MALE,CARRBORO,"50TH HOUSE","HOGAN FARMS","CHAPEL HILL",DEMOCRATIC,WHITE,ACTIVE,"05/02/2006 PRIMARY",5/2/2006
HANDLER,"HANDLER, LARA JANNEY","121 WESTVIEW DR   #46",CARRBORO,NC,27510,121,"",WESTVIEW,"",DR,"",46,CARRBORO,NC,27510,27,FEMALE,CARRBORO,"56TH HOUSE","LIONS CLUB","CHAPEL HILL",DEMOCRATIC,WHITE,ACTIVE,"05/02/2006 PRIMARY",5/2/2006
HARGRAVES,"HARGRAVES, CAMERON P","511 OAK AVE",CARRBORO,NC,27510,511,"",OAK,"",AVE,"","",CARRBORO,NC,27510,74,MALE,CARRBORO,"56TH HOUSE",CARRBORO,"CHAPEL HILL",DEMOCRATIC,"BLACK or AFRICAN AMERICAN",ACTIVE,"05/02/2006 PRIMARY",5/2/2006
HARGRAVES,"HARGRAVES, GLENDA O","122 HANNA ST",CARRBORO,NC,27510,122,"",HANNA,"",ST,"","",CARRBORO,NC,27510,74,FEMALE,CARRBORO,"56TH HOUSE","TOWN HALL","CHAPEL HILL",DEMOCRATIC,"BLACK or AFRICAN AMERICAN",ACTIVE,"05/02/2006 PRIMARY",5/2/2006
HARGRAVES,"HARGRAVES, KATYE H","511 OAK AVE",CARRBORO,NC,27510,511,"",OAK,"",AVE,"","",CARRBORO,NC,27510,75,FEMALE,CARRBORO,"56TH HOUSE",CARRBORO,"CHAPEL HILL",DEMOCRATIC,"BLACK or AFRICAN AMERICAN",ACTIVE,"05/02/2006 PRIMARY",5/2/2006
HARGRAVES,"HARGRAVES, KEELY SHERLYNE","511 OAK AVE",CARRBORO,NC,27510,511,"",OAK,"",AVE,"","",CARRBORO,NC,27510,40,FEMALE,CARRBORO,"56TH HOUSE",CARRBORO,"CHAPEL HILL",DEMOCRATIC,"BLACK or AFRICAN AMERICAN",ACTIVE,"05/02/2006 PRIMARY",5/2/2006
HARGRAVES,"HARGRAVES, KELVEN PEMBROOK","511 OAK AVE",CARRBORO,NC,27510,511,"",OAK,"",AVE,"","",CARRBORO,NC,27510,46,MALE,CARRBORO,"56TH HOUSE",CARRBORO,"CHAPEL HILL",DEMOCRATIC,"BLACK or AFRICAN AMERICAN",ACTIVE,"05/02/2006 PRIMARY",5/2/2006
HARGRAVES,"HARGRAVES, MOLLIE W","212 JAMES ST",CARRBORO,NC,27510,212,"",JAMES,"",ST,"","",CARRBORO,NC,27510,77,FEMALE,CARRBORO,"56TH HOUSE",CARRBORO,"CHAPEL HILL",DEMOCRATIC,"BLACK or AFRICAN AMERICAN",ACTIVE,"05/02/2006 PRIMARY",5/2/2006
HARMAN,"HARMAN, ROBERT DALE SR","100 W MAIN ST",CARRBORO,NC,27510,100,W,MAIN,"",ST,"","",CARRBORO,NC,27510,68,MALE,CARRBORO,"56TH HOUSE","TOWN HALL","CHAPEL HILL",DEMOCRATIC,WHITE,ACTIVE,"05/02/2006 PRIMARY",5/2/2006
HARMON,"HARMON, QUAKER ELIZABETH","203 ASHE ST",CARRBORO,NC,27510,203,"",ASHE,"",ST,"","",CARRBORO,NC,27510,38,FEMALE,CARRBORO,"56TH HOUSE","TOWN HALL","CHAPEL HILL",DEMOCRATIC,WHITE,ACTIVE,"05/02/2006 PRIMARY",5/2/2006
HARMONY,"HARMONY, NICOLE MICHELLE","108 W POPLAR AVE",CARRBORO,NC,27510,108,W,POPLAR,"",AVE,"","",CARRBORO,NC,27510,41,FEMALE,CARRBORO,"56TH HOUSE","LIONS CLUB","CHAPEL HILL",DEMOCRATIC,WHITE,ACTIVE,"05/02/2006 PRIMARY",5/2/2006
HARMONY,"HARMONY, TI TREE","108 W POPLAR AVE",CARRBORO,NC,27510,108,W,POPLAR,"",AVE,"","",CARRBORO,NC,27510,42,MALE,CARRBORO,"56TH HOUSE","LIONS CLUB","CHAPEL HILL",DEMOCRATIC,WHITE,ACTIVE,"05/02/2006 PRIMARY",5/2/2006
HARRIS,"HARRIS, CARROLL MARTIN","600 HILLSBOROUGH RD",CARRBORO,NC,27510,600,"",HILLSBOROUGH,"",RD,"","",CARRBORO,NC,27510,57,MALE,CARRBORO,"56TH HOUSE",CARRBORO,"CHAPEL HILL",DEMOCRATIC,"BLACK or AFRICAN AMERICAN",ACTIVE,"05/02/2006 PRIMARY",5/2/2006
HARRIS,"HARRIS, GENEVIVE JAMINE","PO BOX 9611","CHAPEL HILL",NC,27515,111,"",LANTERN,"",WAY,"","",CARRBORO,NC,27510,39,FEMALE,CARRBORO,"56TH HOUSE",OWASA,"CHAPEL HILL",DEMOCRATIC,"BLACK or AFRICAN AMERICAN",ACTIVE,"05/02/2006 PRIMARY",5/2/2006
HARRIS,"HARRIS, JOSEPHINE LEAK","600 HILLSBOROUGH RD",CARRBORO,NC,27510,600,"",HILLSBOROUGH,"",RD,"","",CARRBORO,NC,27510,56,FEMALE,CARRBORO,"56TH HOUSE",CARRBORO,"CHAPEL HILL",DEMOCRATIC,"BLACK or AFRICAN AMERICAN",ACTIVE,"05/02/2006 PRIMARY",5/2/2006
HARRISON,"HARRISON, AMIE CHRISTINIA","PO BOX 1602",CARRBORO,NC,27510,200,"",BRUTON,"",DR,"","","CHAPEL HILL",NC,27516,44,FEMALE,CARRBORO,"56TH HOUSE","NORTH CARRBORO","CHAPEL HILL",DEMOCRATIC,WHITE,ACTIVE,"05/02/2006 PRIMARY",5/2/2006
HARRISON,"HARRISON, PHILIPPA MCNEILL","PO BOX 83",CARRBORO,NC,27510,180,"","BPW CLUB","",RD,"",U14,CARRBORO,NC,27510,65,FEMALE,CARRBORO,"54TH HOUSE",DAMASCUS,"CHAPEL HILL",DEMOCRATIC,"BLACK or AFRICAN AMERICAN",ACTIVE,"05/02/2006 PRIMARY",5/2/2006
HARTELL,"HARTELL, ANN WHITMORE","257 SWEET BAY PL",CARRBORO,NC,27510,257,"","SWEET BAY","",PL,"","",CARRBORO,NC,27510,43,FEMALE,CARRBORO,"56TH HOUSE","TOWN HALL","CHAPEL HILL",DEMOCRATIC,WHITE,ACTIVE,"05/02/2006 PRIMARY",5/2/2006
HARTFORD,"HARTFORD, JAMIE LYNN","140 BPW CLUB RD   #A5",CARRBORO,NC,27510,140,"","BPW CLUB","",RD,"",A5,CARRBORO,NC,27510,24,FEMALE,CARRBORO,"54TH HOUSE",DAMASCUS,"CHAPEL HILL",DEMOCRATIC,WHITE,ACTIVE,"05/02/2006 PRIMARY",5/2/2006
HARTMAN,"HARTMAN, JOSIE","104 OLD PITTSBORO RD",CARRBORO,NC,27510,104,"","OLD PITTSBORO","",RD,"","",CARRBORO,NC,27510,40,FEMALE,CARRBORO,"56TH HOUSE",OWASA,"CHAPEL HILL",DEMOCRATIC,WHITE,ACTIVE,"05/02/2006 PRIMARY",5/2/2006
HARTNETT,"HARTNETT, ELIZABETH GRACE","121 WESTVIEW DR   #35",CARRBORO,NC,27510,121,"",WESTVIEW,"",DR,"",35,CARRBORO,NC,27510,25,FEMALE,CARRBORO,"56TH HOUSE","LIONS CLUB","CHAPEL HILL",DEMOCRATIC,WHITE,ACTIVE,"05/02/2006 PRIMARY",5/2/2006
HASKINS,"HASKINS, CLAUDIA BENEDICT","123 WEATHERHILL PT",CARRBORO,NC,27510,123,"",WEATHERHILL,"",PT,"","",CARRBORO,NC,27510,63,FEMALE,CARRBORO,"56TH HOUSE",OWASA,"CHAPEL HILL",DEMOCRATIC,WHITE,ACTIVE,"05/02/2006 PRIMARY",5/2/2006
HATHORN,"HATHORN, ROBIN MONTGOMERY","1532 PATHWAY DR",CARRBORO,NC,27510,1532,"",PATHWAY,"",DR,"","",CARRBORO,NC,27510,40,FEMALE,CARRBORO,"56TH HOUSE","NORTH CARRBORO","CHAPEL HILL",DEMOCRATIC,WHITE,ACTIVE,"05/02/2006 PRIMARY",5/2/2006
HAUSER,"HAUSER, REBECCA YOMTOV","600 W POPLAR AVE #350",CARRBORO,NC,27510,600,W,POPLAR,"",AVE,"",350,CARRBORO,NC,27510,82,FEMALE,CARRBORO,"56TH HOUSE","LIONS CLUB","CHAPEL HILL",DEMOCRATIC,WHITE,ACTIVE,"05/02/2006 PRIMARY",5/2/2006
HAVEN-ODONNELL,"HAVEN-ODONNELL, RANDEE PAMELA","106 FAIRFIELD CT","CHAPEL HILL",NC,27516,106,"",FAIRFIELD,"",CT,"","","CHAPEL HILL",NC,27516,56,FEMALE,CARRBORO,"56TH HOUSE","NORTH CARRBORO","CHAPEL HILL",DEMOCRATIC,WHITE,ACTIVE,"05/02/2006 PRIMARY",5/2/2006
HAY,"HAY, JENNIFER ALLEN","107 PINE ST",CARRBORO,NC,27510,107,"",PINE,"",ST,"","",CARRBORO,NC,27510,44,FEMALE,CARRBORO,"56TH HOUSE",CARRBORO,"CHAPEL HILL",DEMOCRATIC,WHITE,ACTIVE,"05/02/2006 PRIMARY",5/2/2006
HAYES,"HAYES, BARRIE ELIZABETH","304 FOREST CT",CARRBORO,NC,27510,304,"",FOREST,"",CT,"","",CARRBORO,NC,27510,46,FEMALE,CARRBORO,"56TH HOUSE","NORTH CARRBORO","CHAPEL HILL",DEMOCRATIC,WHITE,ACTIVE,"05/02/2006 PRIMARY",5/2/2006
HAYES,"HAYES, JACQUELINE M","111 ROBERTS ST",CARRBORO,NC,27510,111,"",ROBERTS,"",ST,"","",CARRBORO,NC,27510,52,FEMALE,CARRBORO,"56TH HOUSE","TOWN HALL","CHAPEL HILL",DEMOCRATIC,WHITE,ACTIVE,"05/02/2006 PRIMARY",5/2/2006
HAYES,"HAYES, MAUREEN CLAIRE","131 CIRCADIAN WAY","CHAPEL HILL",NC,27516,131,"",CIRCADIAN,"",WAY,"","","CHAPEL HILL",NC,27516,50,FEMALE,CARRBORO,"56TH HOUSE","NORTH CARRBORO","CHAPEL HILL",DEMOCRATIC,WHITE,ACTIVE,"05/02/2006 PRIMARY",5/2/2006
HEADEN,"HEADEN, DELCINIA DELORES","103 SUDBURY LN","CHAPEL HILL",NC,27516,103,"",SUDBURY,"",LN,"","","CHAPEL HILL",NC,27516,53,FEMALE,CARRBORO,"56TH HOUSE","NORTH CARRBORO","CHAPEL HILL",DEMOCRATIC,"BLACK or AFRICAN AMERICAN",ACTIVE,"05/02/2006 PRIMARY",5/2/2006
HEARON,"HEARON, NANCY BUCK","105 LINDSAY ST",CARRBORO,NC,27510,105,"",LINDSAY,"",ST,"","",CARRBORO,NC,27510,59,FEMALE,CARRBORO,"56TH HOUSE","TOWN HALL","CHAPEL HILL",DEMOCRATIC,WHITE,ACTIVE,"05/02/2006 PRIMARY",5/2/2006
HEINE,"HEINE, MARK DIETER","300 ROCKGARDEN DR","CHAPEL HILL",NC,27516,300,"",ROCKGARDEN,"",DR,"","","CHAPEL HILL",NC,27516,49,MALE,CARRBORO,"56TH HOUSE","NORTH CARRBORO","CHAPEL HILL",DEMOCRATIC,WHITE,ACTIVE,"05/02/2006 PRIMARY",5/2/2006
HEISLER-MACKINNON,"HEISLER-MACKINNON, JENNIFER ANN","105 COBBLESTONE DR","CHAPEL HILL",NC,27516,105,"",COBBLESTONE,"",DR,"","","CHAPEL HILL",NC,27516,35,FEMALE,CARRBORO,"56TH HOUSE","NORTH CARRBORO","CHAPEL HILL",DEMOCRATIC,WHITE,ACTIVE,"05/02/2006 PRIMARY",5/2/2006
HELFRICH,"HELFRICH, PAUL EUGENE","106 LINDSAY ST",CARRBORO,NC,27510,106,"",LINDSAY,"",ST,"","",CARRBORO,NC,27510,61,MALE,CARRBORO,"56TH HOUSE","TOWN HALL","CHAPEL HILL",DEMOCRATIC,WHITE,ACTIVE,"05/02/2006 PRIMARY",5/2/2006
HELLER,"HELLER, RACHEL BETH","100 ROCK SPRING CT",CARRBORO,NC,27510,100,"","ROCK SPRING","",CT,"","",CARRBORO,NC,27510,45,FEMALE,CARRBORO,"56TH HOUSE","NORTH CARRBORO","CHAPEL HILL",DEMOCRATIC,WHITE,ACTIVE,"05/02/2006 PRIMARY",5/2/2006
HENDERSON,"HENDERSON, FRANCES WRIGHT","223 STABLE RD",CARRBORO,NC,27510,223,"",STABLE,"",RD,"","",CARRBORO,NC,27510,49,FEMALE,CARRBORO,"56TH HOUSE","TOWN HALL","CHAPEL HILL",DEMOCRATIC,WHITE,ACTIVE,"05/02/2006 PRIMARY",5/2/2006
HENGEVELD,"HENGEVELD, FRED WILLIAM JR","1515 TALLYHO TRL","CHAPEL HILL",NC,27516,1515,"",TALLYHO,"",TRL,"","","CHAPEL HILL",NC,27516,78,MALE,CARRBORO,"50TH HOUSE","HOGAN FARMS","CHAPEL HILL",DEMOCRATIC,WHITE,ACTIVE,"05/02/2006 PRIMARY",5/2/2006
HENGEVELD,"HENGEVELD, KAY P","1515 TALLYHO TRL","CHAPEL HILL",NC,27516,1515,"",TALLYHO,"",TRL,"","","CHAPEL HILL",NC,27516,68,FEMALE,CARRBORO,"50TH HOUSE","HOGAN FARMS","CHAPEL HILL",DEMOCRATIC,WHITE,ACTIVE,"05/02/2006 PRIMARY",5/2/2006
HENRY,"HENRY, THOMAS DANIEL III","105 MULBERRY ST   #B",CARRBORO,NC,27510,105,"",MULBERRY,"",ST,"",B,CARRBORO,NC,27510,30,MALE,CARRBORO,"56TH HOUSE","TOWN HALL","CHAPEL HILL",DEMOCRATIC,WHITE,ACTIVE,"05/02/2006 PRIMARY",5/2/2006
HERMANN,"HERMANN, CLAIRE LENORE","201 ALABAMA AVE",CARRBORO,NC,27510,201,"",ALABAMA,"",AVE,"","",CARRBORO,NC,27510,26,FEMALE,CARRBORO,"56TH HOUSE","LIONS CLUB","CHAPEL HILL",DEMOCRATIC,WHITE,ACTIVE,"05/02/2006 PRIMARY",5/2/2006
HERRERA,"HERRERA, JOHN ALEXANDER","101 DOWNING CT","CHAPEL HILL",NC,27516,101,"",DOWNING,"",CT,"","","CHAPEL HILL",NC,27516,43,MALE,CARRBORO,"56TH HOUSE","NORTH CARRBORO","CHAPEL HILL",DEMOCRATIC,OTHER,ACTIVE,"05/02/2006 PRIMARY",5/2/2006
HERRICK,"HERRICK, JEFFREY DAVID","109 CENTER ST",CARRBORO,NC,27510,109,"",CENTER,"",ST,"","",CARRBORO,NC,27510,34,MALE,CARRBORO,"56TH HOUSE","TOWN HALL","CHAPEL HILL",DEMOCRATIC,WHITE,ACTIVE,"05/02/2006 PRIMARY",5/2/2006
HERTZBERG,"HERTZBERG, BARBARA SPECTOR","8413 INVERNESS WAY","CHAPEL HILL",NC,27516,8413,"",INVERNESS,"",WAY,"","","CHAPEL HILL",NC,27516,50,FEMALE,CARRBORO,"50TH HOUSE","HOGAN FARMS","CHAPEL HILL",DEMOCRATIC,WHITE,ACTIVE,"05/02/2006 PRIMARY",5/2/2006
HERTZBERG,"HERTZBERG, MICHAEL ANDREW","8413 INVERNESS WAY","CHAPEL HILL",NC,27516,8413,"",INVERNESS,"",WAY,"","","CHAPEL HILL",NC,27516,50,MALE,CARRBORO,"50TH HOUSE","HOGAN FARMS","CHAPEL HILL",DEMOCRATIC,WHITE,ACTIVE,"05/02/2006 PRIMARY",5/2/2006
HERTZOG,"HERTZOG, MARK WILLIAM","601 JONES FERRY RD   #N7",CARRBORO,NC,27510,601,"","JONES FERRY","",RD,"",N7,CARRBORO,NC,27510,47,MALE,CARRBORO,"56TH HOUSE",OWASA,"CHAPEL HILL",DEMOCRATIC,WHITE,ACTIVE,"05/02/2006 PRIMARY",5/2/2006
HEWSON,"HEWSON, SUSANNAH CLARKE","200 MORNINGSIDE DR",CARRBORO,NC,27510,200,"",MORNINGSIDE,"",DR,"","",CARRBORO,NC,27510,50,FEMALE,CARRBORO,"56TH HOUSE","NORTH CARRBORO","CHAPEL HILL",DEMOCRATIC,WHITE,ACTIVE,"05/02/2006 PRIMARY",5/2/2006
HIGH,"HIGH, MAURA ELIZABETH","307 BLUERIDGE RD",CARRBORO,NC,27510,307,"",BLUERIDGE,"",RD,"","",CARRBORO,NC,27510,60,FEMALE,CARRBORO,"56TH HOUSE","NORTH CARRBORO","CHAPEL HILL",DEMOCRATIC,WHITE,ACTIVE,"05/02/2006 PRIMARY",5/2/2006
HILLS,"HILLS, KAREN JANE","310 SUNSET CREEK CIR","CHAPEL HILL",NC,27516,310,"","SUNSET CREEK","",CIR,"","","CHAPEL HILL",NC,27516,46,FEMALE,CARRBORO,"56TH HOUSE","NORTH CARRBORO","CHAPEL HILL",DEMOCRATIC,WHITE,ACTIVE,"05/02/2006 PRIMARY",5/2/2006
HILTON,"HILTON, ALISON SUE ROSE","105 WATTERS RD",CARRBORO,NC,27510,105,"",WATTERS,"",RD,"","",CARRBORO,NC,27510,42,FEMALE,CARRBORO,"56TH HOUSE","TOWN HALL","CHAPEL HILL",DEMOCRATIC,WHITE,ACTIVE,"05/02/2006 PRIMARY",5/2/2006
HINSON,"HINSON, LAURA SUZANNE","506 N GREENSBORO ST   #34A",CARRBORO,NC,27510,506,N,GREENSBORO,"",ST,"",34A,CARRBORO,NC,27510,25,FEMALE,CARRBORO,"56TH HOUSE","TOWN HALL","CHAPEL HILL",DEMOCRATIC,WHITE,ACTIVE,"05/02/2006 PRIMARY",5/2/2006
HITT,"HITT, CHERRY ANNETTE","105 FIDELITY ST   #B5",CARRBORO,NC,27510,105,"",FIDELITY,"",ST,"",B5,CARRBORO,NC,27510,30,FEMALE,CARRBORO,"56TH HOUSE","LIONS CLUB","CHAPEL HILL",DEMOCRATIC,WHITE,ACTIVE,"05/02/2006 PRIMARY",5/2/2006
HOENIG,"HOENIG, LOIS C","309 LINDSAY ST",CARRBORO,NC,27510,309,"",LINDSAY,"",ST,"","",CARRBORO,NC,27510,77,FEMALE,CARRBORO,"56TH HOUSE",CARRBORO,"CHAPEL HILL",DEMOCRATIC,WHITE,ACTIVE,"05/02/2006 PRIMARY",5/2/2006
HOFFMAN,"HOFFMAN, DAMIAN MARION","504 WATERSIDE DR",CARRBORO,NC,27510,504,"",WATERSIDE,"",DR,"","",CARRBORO,NC,27510,52,MALE,CARRBORO,"56TH HOUSE","NORTH CARRBORO","CHAPEL HILL",DEMOCRATIC,WHITE,ACTIVE,"05/02/2006 PRIMARY",5/2/2006
HOLLERS,"HOLLERS, RUSSELL J III","711 W MAIN ST",CARRBORO,NC,27510,711,W,MAIN,"",ST,"","",CARRBORO,NC,27510,42,MALE,CARRBORO,"56TH HOUSE","LIONS CLUB","CHAPEL HILL",DEMOCRATIC,WHITE,ACTIVE,"05/02/2006 PRIMARY",5/2/2006
HOLLOWAY,"HOLLOWAY, SUSANNAH P","711 W MAIN ST",CARRBORO,NC,27510,711,W,MAIN,"",ST,"","",CARRBORO,NC,27510,42,FEMALE,CARRBORO,"56TH HOUSE","LIONS CLUB","CHAPEL HILL",DEMOCRATIC,WHITE,ACTIVE,"05/02/2006 PRIMARY",5/2/2006
HOLLOWELL,"HOLLOWELL, JAMES ELWOOD","1603 N GREENSBORO ST",CARRBORO,NC,27510,1603,N,GREENSBORO,"",ST,"","",CARRBORO,NC,27510,68,MALE,CARRBORO,"56TH HOUSE",CARRBORO,"CHAPEL HILL",DEMOCRATIC,WHITE,ACTIVE,"05/02/2006 PRIMARY",5/2/2006
HOLMAN,"HOLMAN, THELON NALETTE","PO BOX 214","CHAPEL HILL",NC,27514,103,"",GLOSSON,"",CIR,"","",CARRBORO,NC,27510,35,FEMALE,CARRBORO,"56TH HOUSE","LIONS CLUB","CHAPEL HILL",DEMOCRATIC,"BLACK or AFRICAN AMERICAN",ACTIVE,"05/02/2006 PRIMARY",5/2/2006
HONEA,"HONEA, SEAN STEVEN","102 LILAC DR",CARRBORO,NC,27510,102,"",LILAC,"",DR,"","",CARRBORO,NC,27510,29,MALE,CARRBORO,"56TH HOUSE","LIONS CLUB","CHAPEL HILL",DEMOCRATIC,"TWO or MORE RACES",ACTIVE,"05/02/2006 PRIMARY",5/2/2006
HONEYCUTT,"HONEYCUTT, JOEY ELIZABETH","441 OLD PITTSBORO RD   #C",CARRBORO,NC,27510,441,"","OLD PITTSBORO","",RD,"",C,CARRBORO,NC,27510,24,FEMALE,CARRBORO,"56TH HOUSE",OWASA,"CHAPEL HILL",DEMOCRATIC,WHITE,ACTIVE,"05/02/2006 PRIMARY",5/2/2006
HOOVER,"HOOVER, RACHEL TAYLOR","104 MICHAELS WAY","CHAPEL HILL",NC,27516,104,"",MICHAELS,"",WAY,"","","CHAPEL HILL",NC,27516,35,FEMALE,CARRBORO,"56TH HOUSE","NORTH CARRBORO","CHAPEL HILL",DEMOCRATIC,WHITE,ACTIVE,"05/02/2006 PRIMARY",5/2/2006
HOOVER,"HOOVER, ROY JAMES","701 W MAIN ST",CARRBORO,NC,27510,701,W,MAIN,"",ST,"","",CARRBORO,NC,27510,58,MALE,CARRBORO,"56TH HOUSE","LIONS CLUB","CHAPEL HILL",DEMOCRATIC,WHITE,ACTIVE,"05/02/2006 PRIMARY",5/2/2006
HOPKINS,"HOPKINS, ALEXANDRA LARA","140 BPW CLUB RD   #E23",CARRBORO,NC,27510,140,"","BPW CLUB","",RD,"",E23,CARRBORO,NC,27510,28,FEMALE,CARRBORO,"54TH HOUSE",DAMASCUS,"CHAPEL HILL",DEMOCRATIC,WHITE,ACTIVE,"05/02/2006 PRIMARY",5/2/2006
HORTON,"HORTON, ANNIE ROBERTA","204 PRINCE ST",CARRBORO,NC,27510,204,"",PRINCE,"",ST,"","",CARRBORO,NC,27510,74,FEMALE,CARRBORO,"56TH HOUSE",OWASA,"CHAPEL HILL",DEMOCRATIC,"BLACK or AFRICAN AMERICAN",ACTIVE,"05/02/2006 PRIMARY",5/2/2006
HORTON,"HORTON, RANDY THOMAS","1020 HILLSBOROUGH RD","CHAPEL HILL",NC,27516,1020,"",HILLSBOROUGH,"",RD,"","","CHAPEL HILL",NC,27516,50,MALE,CARRBORO,"56TH HOUSE","NORTH CARRBORO","CHAPEL HILL",DEMOCRATIC,WHITE,ACTIVE,"05/02/2006 PRIMARY",5/2/2006
HORTON,"HORTON, RONALD F","204 PRINCE ST",CARRBORO,NC,27510,204,"",PRINCE,"",ST,"","",CARRBORO,NC,27510,46,MALE,CARRBORO,"56TH HOUSE",OWASA,"CHAPEL HILL",DEMOCRATIC,"BLACK or AFRICAN AMERICAN",ACTIVE,"05/02/2006 PRIMARY",5/2/2006
HORWITZ,"HORWITZ, DEBORAH HIRSCH","100 LAKE RIDGE PL","CHAPEL HILL",NC,27516,100,"","LAKE RIDGE","",PL,"","","CHAPEL HILL",NC,27516,43,FEMALE,CARRBORO,"50TH HOUSE","HOGAN FARMS","CHAPEL HILL",DEMOCRATIC,WHITE,ACTIVE,"05/02/2006 PRIMARY",5/2/2006
HOSKING,"HOSKING, JERRY JEAN","206 MORNINGSIDE DR",CARRBORO,NC,27510,206,"",MORNINGSIDE,"",DR,"","",CARRBORO,NC,27510,51,FEMALE,CARRBORO,"56TH HOUSE","NORTH CARRBORO","CHAPEL HILL",DEMOCRATIC,WHITE,ACTIVE,"05/02/2006 PRIMARY",5/2/2006
HOWELL,"HOWELL, ZACHARY W","118 LANTERN WAY",CARRBORO,NC,27510,118,"",LANTERN,"",WAY,"","",CARRBORO,NC,27510,23,MALE,CARRBORO,"56TH HOUSE",OWASA,"CHAPEL HILL",DEMOCRATIC,WHITE,ACTIVE,"05/02/2006 PRIMARY",5/2/2006
HOYT,"HOYT, DONNA JEANNE","119 FIDELITY ST   #C3",CARRBORO,NC,27510,119,"",FIDELITY,"",ST,"",C3,CARRBORO,NC,27510,45,FEMALE,CARRBORO,"56TH HOUSE","LIONS CLUB","CHAPEL HILL",DEMOCRATIC,WHITE,ACTIVE,"05/02/2006 PRIMARY",5/2/2006
HOYT,"HOYT, LORRAINE HUMMEL","119 FIDELITY ST   #C-3",CARRBORO,NC,27510,119,"",FIDELITY,"",ST,"",C-3,CARRBORO,NC,27510,73,FEMALE,CARRBORO,"56TH HOUSE","LIONS CLUB","CHAPEL HILL",DEMOCRATIC,WHITE,ACTIVE,"05/02/2006 PRIMARY",5/2/2006
HUBBARD,"HUBBARD, EDITH A","PO BOX 16816","CHAPEL HILL",NC,27516,109,"",CEDARWOOD,"",LN,"","",CARRBORO,NC,27510,62,FEMALE,CARRBORO,"56TH HOUSE",OWASA,"CHAPEL HILL",DEMOCRATIC,"TWO or MORE RACES",ACTIVE,"05/02/2006 PRIMARY",5/2/2006
HUDSON,"HUDSON, CLAY W","PO BOX 1051",CARRBORO,NC,27510,104,"",WILLIAMS,"",ST,"","",CARRBORO,NC,27510,37,MALE,CARRBORO,"56TH HOUSE","TOWN HALL","CHAPEL HILL",DEMOCRATIC,WHITE,ACTIVE,"05/02/2006 PRIMARY",5/2/2006
HUMPHREY,"HUMPHREY, JERRY ALLEN JR","501 JONES FERRY RD   #P6",CARRBORO,NC,27510,501,"","JONES FERRY","",RD,"",P6,CARRBORO,NC,27510,49,MALE,CARRBORO,"56TH HOUSE",OWASA,"CHAPEL HILL",DEMOCRATIC,WHITE,ACTIVE,"05/02/2006 PRIMARY",5/2/2006
HUNTER,"HUNTER, CLARENCE HENRY","111 BEL ARBOR LN",CARRBORO,NC,27510,111,"","BEL ARBOR","",LN,"","",CARRBORO,NC,27510,81,MALE,CARRBORO,"56TH HOUSE",CARRBORO,"CHAPEL HILL",DEMOCRATIC,"BLACK or AFRICAN AMERICAN",ACTIVE,"05/02/2006 PRIMARY",5/2/2006
HUNTER,"HUNTER, MARY RANSOM","111 BEL ARBOR LN",CARRBORO,NC,27510,111,"","BEL ARBOR","",LN,"","",CARRBORO,NC,27510,79,FEMALE,CARRBORO,"56TH HOUSE",CARRBORO,"CHAPEL HILL",DEMOCRATIC,"BLACK or AFRICAN AMERICAN",ACTIVE,"05/02/2006 PRIMARY",5/2/2006
HUTCHISON,"HUTCHISON, CAROLYN ANNE","115 CREEKVIEW CIR",CARRBORO,NC,27510,115,"",CREEKVIEW,"",CIR,"","",CARRBORO,NC,27510,48,FEMALE,CARRBORO,"56TH HOUSE","NORTH CARRBORO","CHAPEL HILL",DEMOCRATIC,WHITE,ACTIVE,"05/02/2006 PRIMARY",5/2/2006
"HVISTENDAHL LEE","HVISTENDAHL LEE, ELLEN R","2403 PATHWAY DR","CHAPEL HILL",NC,27516,2403,"",PATHWAY,"",DR,"","","CHAPEL HILL",NC,27516,60,FEMALE,CARRBORO,"56TH HOUSE","NORTH CARRBORO","CHAPEL HILL",DEMOCRATIC,WHITE,ACTIVE,"05/02/2006 PRIMARY",5/2/2006
IRONSIDE,"IRONSIDE, ELIZABETH SEARCY","110 CHAUCER CT",CARRBORO,NC,27510,110,"",CHAUCER,"",CT,"","",CARRBORO,NC,27510,45,FEMALE,CARRBORO,"56TH HOUSE",OWASA,"CHAPEL HILL",DEMOCRATIC,WHITE,ACTIVE,"05/02/2006 PRIMARY",5/2/2006
IVINS,"IVINS, REYNOLDS JAMES","1707 N GREENSBORO ST",CARRBORO,NC,27510,1707,N,GREENSBORO,"",ST,"","",CARRBORO,NC,27510,53,MALE,CARRBORO,"56TH HOUSE",CARRBORO,"CHAPEL HILL",DEMOCRATIC,WHITE,ACTIVE,"05/02/2006 PRIMARY",5/2/2006
JACKSON,"JACKSON, EUNICE M","600 W POPLAR AVE   #256",CARRBORO,NC,27510,600,W,POPLAR,"",AVE,"",256,CARRBORO,NC,27510,86,FEMALE,CARRBORO,"56TH HOUSE","LIONS CLUB","CHAPEL HILL",DEMOCRATIC,WHITE,ACTIVE,"05/02/2006 PRIMARY",5/2/2006
JACKSON,"JACKSON, TRACY LYNN","409 HOGAN WOODS CIR","CHAPEL HILL",NC,27516,409,"","HOGAN WOODS","",CIR,"","","CHAPEL HILL",NC,27516,36,FEMALE,CARRBORO,"50TH HOUSE","HOGAN FARMS","CHAPEL HILL",DEMOCRATIC,WHITE,ACTIVE,"05/02/2006 PRIMARY",5/2/2006
JACOBS,"JACOBS, JOHN H","200-A LAUREL AVE",CARRBORO,NC,27510,200,"",LAUREL,"",AVE,"","",CARRBORO,NC,27510,43,MALE,CARRBORO,"56TH HOUSE",OWASA,"CHAPEL HILL",DEMOCRATIC,"BLACK or AFRICAN AMERICAN",ACTIVE,"05/02/2006 PRIMARY",5/2/2006
JAMES,"JAMES, GARY EDWARD","310 SUNSET CREEK CIR","CHAPEL HILL",NC,27516,310,"","SUNSET CREEK","",CIR,"","","CHAPEL HILL",NC,27516,51,MALE,CARRBORO,"56TH HOUSE","NORTH CARRBORO","CHAPEL HILL",DEMOCRATIC,WHITE,ACTIVE,"05/02/2006 PRIMARY",5/2/2006
JANDA,"JANDA, LAURA ALEXIS","108 MORNINGSIDE DR",CARRBORO,NC,27510,108,"",MORNINGSIDE,"",DR,"","",CARRBORO,NC,27510,49,FEMALE,CARRBORO,"56TH HOUSE","NORTH CARRBORO","CHAPEL HILL",DEMOCRATIC,WHITE,ACTIVE,"05/02/2006 PRIMARY",5/2/2006
JANEWAY,"JANEWAY, BARBARA","PO BOX 1317",CARRBORO,NC,27510,302,"",CEDARWOOD,"",LN,"",A,CARRBORO,NC,27510,55,FEMALE,CARRBORO,"56TH HOUSE",OWASA,"CHAPEL HILL",DEMOCRATIC,WHITE,ACTIVE,"05/02/2006 PRIMARY",5/2/2006
JELSTRUP,"JELSTRUP, ELNA E","124 SHADOW RIDGE PL","CHAPEL HILL",NC,27516,124,"","SHADOW RIDGE","",PL,"","","CHAPEL HILL",NC,27516,46,FEMALE,CARRBORO,"50TH HOUSE","HOGAN FARMS","CHAPEL HILL",DEMOCRATIC,WHITE,ACTIVE,"05/02/2006 PRIMARY",5/2/2006
JENNETTE,"JENNETTE, CAROLINE ELIZABETH","102 RAINBOW DR",CARRBORO,NC,27510,102,"",RAINBOW,"",DR,"","",CARRBORO,NC,27510,29,FEMALE,CARRBORO,"56TH HOUSE",CARRBORO,"CHAPEL HILL",DEMOCRATIC,WHITE,ACTIVE,"05/02/2006 PRIMARY",5/2/2006
JENSEN,"JENSEN, HARRY M JR","802 OLD FAYETTEVILLE RD","CHAPEL HILL",NC,27516,802,"","OLD FAYETTEVILLE","",RD,"","","CHAPEL HILL",NC,27516,70,MALE,CARRBORO,"56TH HOUSE",CARRBORO,"CHAPEL HILL",DEMOCRATIC,WHITE,ACTIVE,"05/02/2006 PRIMARY",5/2/2006
JENSEN,"JENSEN, LAURA LEE","112 NC HWY 54 BYP   #I-8",CARRBORO,NC,27510,112,"","NC HWY 54","",BYP,"",I-8,CARRBORO,NC,27510,24,FEMALE,CARRBORO,"56TH HOUSE","LIONS CLUB","CHAPEL HILL",DEMOCRATIC,WHITE,ACTIVE,"05/02/2006 PRIMARY",5/2/2006
JENSEN,"JENSEN, LYNDA R","802 OLD FAYETTEVILLE RD","CHAPEL HILL",NC,27516,802,"","OLD FAYETTEVILLE","",RD,"","","CHAPEL HILL",NC,27516,70,FEMALE,CARRBORO,"56TH HOUSE",CARRBORO,"CHAPEL HILL",DEMOCRATIC,WHITE,ACTIVE,"05/02/2006 PRIMARY",5/2/2006
JIMENEZ,"JIMENEZ, GLORIA MAY","703 BOLIN CREEK DR",CARRBORO,NC,27510,703,"","BOLIN CREEK","",DR,"","",CARRBORO,NC,27510,74,FEMALE,CARRBORO,"56TH HOUSE","NORTH CARRBORO","CHAPEL HILL",DEMOCRATIC,WHITE,ACTIVE,"05/02/2006 PRIMARY",5/2/2006
JIMENEZ,"JIMENEZ, VICTOR J","703 BOLIN CREEK DR",CARRBORO,NC,27510,703,"","BOLIN CREEK","",DR,"","",CARRBORO,NC,27510,75,MALE,CARRBORO,"56TH HOUSE","NORTH CARRBORO","CHAPEL HILL",DEMOCRATIC,WHITE,ACTIVE,"05/02/2006 PRIMARY",5/2/2006
JOHNSEN,"JOHNSEN, RUTH ADELE","113A OLD PITTSBORO RD",CARRBORO,NC,27510,113,"","OLD PITTSBORO","",RD,"","",CARRBORO,NC,27510,51,FEMALE,CARRBORO,"56TH HOUSE",OWASA,"CHAPEL HILL",DEMOCRATIC,WHITE,ACTIVE,"05/02/2006 PRIMARY",5/2/2006
JOHNSON,"JOHNSON, CLINTON REID","614 W MAIN ST",CARRBORO,NC,27510,614,W,MAIN,"",ST,"","",CARRBORO,NC,27510,29,MALE,CARRBORO,"56TH HOUSE",CARRBORO,"CHAPEL HILL",DEMOCRATIC,WHITE,ACTIVE,"05/02/2006 PRIMARY",5/2/2006
JOHNSON,"JOHNSON, MICHELLE CASSANDRA","109 CENTER ST",CARRBORO,NC,27510,109,"",CENTER,"",ST,"","",CARRBORO,NC,27510,31,FEMALE,CARRBORO,"56TH HOUSE","TOWN HALL","CHAPEL HILL",DEMOCRATIC,"BLACK or AFRICAN AMERICAN",ACTIVE,"05/02/2006 PRIMARY",5/2/2006
JOHNSON,"JOHNSON, PATRICK WILLIAM","506 N GREENSBORO ST   #18",CARRBORO,NC,27510,506,N,GREENSBORO,"",ST,"",18,CARRBORO,NC,27510,41,MALE,CARRBORO,"56TH HOUSE","TOWN HALL","CHAPEL HILL",DEMOCRATIC,WHITE,ACTIVE,"05/02/2006 PRIMARY",5/2/2006
JOHNSTON,"JOHNSTON, BRIAN CHARLES","217 TOWNE RIDGE LN","CHAPEL HILL",NC,27516,217,"","TOWNE RIDGE","",LN,"","","CHAPEL HILL",NC,27516,31,MALE,CARRBORO,"50TH HOUSE","HOGAN FARMS","CHAPEL HILL",DEMOCRATIC,WHITE,ACTIVE,"05/02/2006 PRIMARY",5/2/2006
JOHNSTON,"JOHNSTON, HELEN MARIE","302 MORNINGSIDE DR",CARRBORO,NC,27510,302,"",MORNINGSIDE,"",DR,"","",CARRBORO,NC,27510,79,FEMALE,CARRBORO,"56TH HOUSE","NORTH CARRBORO","CHAPEL HILL",DEMOCRATIC,WHITE,ACTIVE,"05/02/2006 PRIMARY",5/2/2006
JOHNSTON,"JOHNSTON, PETER R","302 MORNINGSIDE DR",CARRBORO,NC,27510,302,"",MORNINGSIDE,"",DR,"","",CARRBORO,NC,27510,80,MALE,CARRBORO,"56TH HOUSE","NORTH CARRBORO","CHAPEL HILL",DEMOCRATIC,WHITE,ACTIVE,"05/02/2006 PRIMARY",5/2/2006
JONES,"JONES, PEARLIE M","PO BOX 373",CARRBORO,NC,27510,114,"",EUGENE,"",ST,"","",CARRBORO,NC,27510,63,FEMALE,CARRBORO,"56TH HOUSE","TOWN HALL","CHAPEL HILL",DEMOCRATIC,"BLACK or AFRICAN AMERICAN",ACTIVE,"05/02/2006 PRIMARY",5/2/2006
JONES-ALSTON,"JONES-ALSTON, JUANITA FAYE","111 W CARR ST",CARRBORO,NC,27510,111,W,CARR,"",ST,"","",CARRBORO,NC,27510,62,FEMALE,CARRBORO,"56TH HOUSE",OWASA,"CHAPEL HILL",DEMOCRATIC,"BLACK or AFRICAN AMERICAN",ACTIVE,"05/02/2006 PRIMARY",5/2/2006
JOYNER,"JOYNER, GORDON OTIS JR","95 SOUTH PEAK DR",CARRBORO,NC,27510,95,"","SOUTH PEAK","",DR,"","",CARRBORO,NC,27510,51,MALE,CARRBORO,"56TH HOUSE",OWASA,"CHAPEL HILL",DEMOCRATIC,WHITE,ACTIVE,"05/02/2006 PRIMARY",5/2/2006
JOYNER,"JOYNER, LARUE ALDERMAN","600 W POPLAR AVE   #318",CARRBORO,NC,27510,600,W,POPLAR,"",AVE,"",318,CARRBORO,NC,27510,87,FEMALE,CARRBORO,"56TH HOUSE","LIONS CLUB","CHAPEL HILL",DEMOCRATIC,WHITE,ACTIVE,"05/02/2006 PRIMARY",5/2/2006
JULIAN,"JULIAN, SHANNON","208 BARINGTON HILLS RD","CHAPEL HILL",NC,27516,208,"","BARINGTON HILLS","",RD,"","","CHAPEL HILL",NC,27516,57,MALE,CARRBORO,"56TH HOUSE","NORTH CARRBORO","CHAPEL HILL",DEMOCRATIC,WHITE,ACTIVE,"05/02/2006 PRIMARY",5/2/2006
JULIAN,"JULIAN, SUSAN EDDY","208 BARINGTON HILLS RD","CHAPEL HILL",NC,27516,208,"","BARINGTON HILLS","",RD,"","","CHAPEL HILL",NC,27516,56,FEMALE,CARRBORO,"56TH HOUSE","NORTH CARRBORO","CHAPEL HILL",DEMOCRATIC,WHITE,ACTIVE,"05/02/2006 PRIMARY",5/2/2006
JUSTUS,"JUSTUS, ANNE BOYLES","1904 N HAWICK CT","CHAPEL HILL",NC,27516,1904,N,HAWICK,"",CT,"","","CHAPEL HILL",NC,27516,53,FEMALE,CARRBORO,"50TH HOUSE","HOGAN FARMS","CHAPEL HILL",DEMOCRATIC,WHITE,ACTIVE,"05/02/2006 PRIMARY",5/2/2006
JUSTUS,"JUSTUS, ELIZABETH ANNE","701 DAVIE RD",CARRBORO,NC,27510,701,"",DAVIE,"",RD,"","",CARRBORO,NC,27510,29,FEMALE,CARRBORO,"56TH HOUSE","LIONS CLUB","CHAPEL HILL",DEMOCRATIC,WHITE,ACTIVE,"05/02/2006 PRIMARY",5/2/2006
JUSTUS,"JUSTUS, SCOTT EDWARD","1904 N HAWICK CT","CHAPEL HILL",NC,27516,1904,N,HAWICK,"",CT,"","","CHAPEL HILL",NC,27516,54,MALE,CARRBORO,"50TH HOUSE","HOGAN FARMS","CHAPEL HILL",DEMOCRATIC,WHITE,ACTIVE,"05/02/2006 PRIMARY",5/2/2006
KACHGAL,"KACHGAL, TARA MARIE","PO BOX 15","CHAPEL HILL",NC,27514,1121,"",TALLYHO,"",TRL,"","","CHAPEL HILL",NC,27516,37,FEMALE,CARRBORO,"50TH HOUSE","HOGAN FARMS","CHAPEL HILL",DEMOCRATIC,WHITE,ACTIVE,"05/02/2006 PRIMARY",5/2/2006
KALMANIDES,"KALMANIDES, ISABELLE DAVIDA","106 WINSOME LN","CHAPEL HILL",NC,27516,106,"",WINSOME,"",LN,"","","CHAPEL HILL",NC,27516,52,FEMALE,CARRBORO,"56TH HOUSE",CARRBORO,"CHAPEL HILL",DEMOCRATIC,WHITE,ACTIVE,"05/02/2006 PRIMARY",5/2/2006
KANDASAMY,"KANDASAMY, RAMANI A","303 TRAMORE DR","CHAPEL HILL",NC,27516,303,"",TRAMORE,"",DR,"","","CHAPEL HILL",NC,27516,40,FEMALE,CARRBORO,"56TH HOUSE","NORTH CARRBORO","CHAPEL HILL",DEMOCRATIC,ASIAN,ACTIVE,"05/02/2006 PRIMARY",5/2/2006
KANFER,"KANFER, MERYL RUTH","8120 N HOUND CT","CHAPEL HILL",NC,27516,8120,N,HOUND,"",CT,"","","CHAPEL HILL",NC,27516,49,FEMALE,CARRBORO,"50TH HOUSE","HOGAN FARMS","CHAPEL HILL",DEMOCRATIC,WHITE,ACTIVE,"05/02/2006 PRIMARY",5/2/2006
KANOY,"KANOY, CHRISTIANNA PARHAM","201 WEATHERVANE DR",CARRBORO,NC,27510,201,"",WEATHERVANE,"",DR,"","",CARRBORO,NC,27510,55,FEMALE,CARRBORO,"56TH HOUSE","TOWN HALL","CHAPEL HILL",DEMOCRATIC,WHITE,ACTIVE,"05/02/2006 PRIMARY",5/2/2006
KANOY,"KANOY, KARL KENT JR","201 WEATHERVANE DR",CARRBORO,NC,27510,201,"",WEATHERVANE,"",DR,"","",CARRBORO,NC,27510,55,MALE,CARRBORO,"56TH HOUSE","TOWN HALL","CHAPEL HILL",DEMOCRATIC,WHITE,ACTIVE,"05/02/2006 PRIMARY",5/2/2006
KAPLAN,"KAPLAN, GARY BRUCE","601 JONES FERRY RD   #G5",CARRBORO,NC,27510,601,"","JONES FERRY","",RD,"",G5,CARRBORO,NC,27510,64,MALE,CARRBORO,"56TH HOUSE",OWASA,"CHAPEL HILL",DEMOCRATIC,WHITE,ACTIVE,"05/02/2006 PRIMARY",5/2/2006
KARNES,"KARNES, RAYMOND EARL II","218 COBBLESTONE DR","CHAPEL HILL",NC,27516,218,"",COBBLESTONE,"",DR,"","","CHAPEL HILL",NC,27516,61,MALE,CARRBORO,"56TH HOUSE","NORTH CARRBORO","CHAPEL HILL",DEMOCRATIC,WHITE,ACTIVE,"05/02/2006 PRIMARY",5/2/2006
KASSABAUM,"KASSABAUM, MEGAN CRANDAL","601 JONES FERRY RD   #A5",CARRBORO,NC,27510,601,"","JONES FERRY","",RD,"",A5,CARRBORO,NC,27510,24,FEMALE,CARRBORO,"56TH HOUSE",OWASA,"CHAPEL HILL",DEMOCRATIC,WHITE,ACTIVE,"05/02/2006 PRIMARY",5/2/2006
KASTLEMAN,"KASTLEMAN, CATHERINE IDA","107 OAK SPRING CT",CARRBORO,NC,27510,107,"","OAK SPRING","",CT,"","",CARRBORO,NC,27510,19,FEMALE,CARRBORO,"54TH HOUSE",DAMASCUS,"CHAPEL HILL",DEMOCRATIC,WHITE,ACTIVE,"05/02/2006 PRIMARY",5/2/2006
KASTLEMAN,"KASTLEMAN, KENNETH MAYER","107 OAK SPRING CT",CARRBORO,NC,27510,107,"","OAK SPRING","",CT,"","",CARRBORO,NC,27510,62,MALE,CARRBORO,"54TH HOUSE",DAMASCUS,"CHAPEL HILL",DEMOCRATIC,WHITE,ACTIVE,"05/02/2006 PRIMARY",5/2/2006
KASTLEMAN,"KASTLEMAN, LINDA C","107 OAK SPRING CT",CARRBORO,NC,27510,107,"","OAK SPRING","",CT,"","",CARRBORO,NC,27510,52,FEMALE,CARRBORO,"54TH HOUSE",DAMASCUS,"CHAPEL HILL",DEMOCRATIC,WHITE,ACTIVE,"05/02/2006 PRIMARY",5/2/2006
KEIGHTON,"KEIGHTON, BARBARA LYNN","132 CREEKVIEW CIR",CARRBORO,NC,27510,132,"",CREEKVIEW,"",CIR,"","",CARRBORO,NC,27510,42,FEMALE,CARRBORO,"56TH HOUSE","NORTH CARRBORO","CHAPEL HILL",DEMOCRATIC,WHITE,ACTIVE,"05/02/2006 PRIMARY",5/2/2006
KELB,"KELB, ROBERT JOSEPH","135 SOUTH FIELDS CIR","CHAPEL HILL",NC,27516,135,"","SOUTH FIELDS","",CIR,"","","CHAPEL HILL",NC,27516,66,MALE,CARRBORO,"50TH HOUSE","HOGAN FARMS","CHAPEL HILL",DEMOCRATIC,WHITE,ACTIVE,"05/02/2006 PRIMARY",5/2/2006
KELLEY,"KELLEY, MARIAN","104 FOREST CT",CARRBORO,NC,27510,104,"",FOREST,"",CT,"","",CARRBORO,NC,27510,85,FEMALE,CARRBORO,"56TH HOUSE","NORTH CARRBORO","CHAPEL HILL",DEMOCRATIC,WHITE,ACTIVE,"05/02/2006 PRIMARY",5/2/2006
KELLEY,"KELLEY, THOMAS ANDREW III","8106 KIT LN","CHAPEL HILL",NC,27516,8106,"",KIT,"",LN,"","","CHAPEL HILL",NC,27516,45,MALE,CARRBORO,"50TH HOUSE","HOGAN FARMS","CHAPEL HILL",DEMOCRATIC,WHITE,ACTIVE,"05/02/2006 PRIMARY",5/2/2006
KELLEY,"KELLEY, TRUPHENIA MICHELLE","105 COBB ST",CARRBORO,NC,27510,105,"",COBB,"",ST,"","",CARRBORO,NC,27510,36,FEMALE,CARRBORO,"56TH HOUSE","TOWN HALL","CHAPEL HILL",DEMOCRATIC,"BLACK or AFRICAN AMERICAN",ACTIVE,"05/02/2006 PRIMARY",5/2/2006
KELLY,"KELLY, PAUL STAFFORD JR","102 E CARR ST",CARRBORO,NC,27510,102,E,CARR,"",ST,"","",CARRBORO,NC,27510,46,MALE,CARRBORO,"56TH HOUSE","TOWN HALL","CHAPEL HILL",DEMOCRATIC,WHITE,ACTIVE,"05/02/2006 PRIMARY",5/2/2006
KELLY,"KELLY, PHAEDRA ATHENA","110 GOLDSTON AVE   #A",CARRBORO,NC,27510,110,"",GOLDSTON,"",AVE,"",A,CARRBORO,NC,27510,38,FEMALE,CARRBORO,"56TH HOUSE",CARRBORO,"CHAPEL HILL",DEMOCRATIC,WHITE,ACTIVE,"05/02/2006 PRIMARY",5/2/2006
KEMP,"KEMP, BERNARD ALLEN","106 FIDELITY ST   #E",CARRBORO,NC,27510,106,"",FIDELITY,"",ST,"",E,CARRBORO,NC,27510,79,MALE,CARRBORO,"56TH HOUSE","LIONS CLUB","CHAPEL HILL",DEMOCRATIC,WHITE,ACTIVE,"05/02/2006 PRIMARY",5/2/2006
KEMP,"KEMP, PAUL GRAHAM","106 SIMPSON ST",CARRBORO,NC,27510,106,"",SIMPSON,"",ST,"","",CARRBORO,NC,27510,49,MALE,CARRBORO,"56TH HOUSE",CARRBORO,"CHAPEL HILL",DEMOCRATIC,WHITE,ACTIVE,"05/02/2006 PRIMARY",5/2/2006
KEMPLE,"KEMPLE, ARLON K","706 BOLIN CREEK DR",CARRBORO,NC,27510,706,"","BOLIN CREEK","",DR,"","",CARRBORO,NC,27510,57,MALE,CARRBORO,"56TH HOUSE","NORTH CARRBORO","CHAPEL HILL",DEMOCRATIC,WHITE,ACTIVE,"05/02/2006 PRIMARY",5/2/2006
KENNEDY,"KENNEDY, JOSEPH EDWARD","404 HOGAN WOODS CIR","CHAPEL HILL",NC,27516,404,"","HOGAN WOODS","",CIR,"","","CHAPEL HILL",NC,27516,46,MALE,CARRBORO,"50TH HOUSE","HOGAN FARMS","CHAPEL HILL",DEMOCRATIC,WHITE,ACTIVE,"05/02/2006 PRIMARY",5/2/2006
KENT,"KENT, RICHARD STEPHEN","8323 BURNS PL","CHAPEL HILL",NC,27516,8323,"",BURNS,"",PL,"","","CHAPEL HILL",NC,27516,57,MALE,CARRBORO,"50TH HOUSE","HOGAN FARMS","CHAPEL HILL",DEMOCRATIC,WHITE,ACTIVE,"05/02/2006 PRIMARY",5/2/2006
KERWIN,"KERWIN, JANE MARIE","203 STRATFORD DR","CHAPEL HILL",NC,27516,203,"",STRATFORD,"",DR,"","","CHAPEL HILL",NC,27516,43,FEMALE,CARRBORO,"56TH HOUSE","NORTH CARRBORO","CHAPEL HILL",DEMOCRATIC,WHITE,ACTIVE,"05/02/2006 PRIMARY",5/2/2006
KHAN,"KHAN, MARIA R","121 WESTVIEW DR   #21",CARRBORO,NC,27510,121,"",WESTVIEW,"",DR,"",21,CARRBORO,NC,27510,32,FEMALE,CARRBORO,"56TH HOUSE","LIONS CLUB","CHAPEL HILL",DEMOCRATIC,WHITE,ACTIVE,"05/02/2006 PRIMARY",5/2/2006
KIBBE,"KIBBE, DIANE ROBERTSON","405 WATERSIDE DR",CARRBORO,NC,27510,405,"",WATERSIDE,"",DR,"","",CARRBORO,NC,27510,56,FEMALE,CARRBORO,"56TH HOUSE","NORTH CARRBORO","CHAPEL HILL",DEMOCRATIC,OTHER,ACTIVE,"05/02/2006 PRIMARY",5/2/2006
KIMBROUGH,"KIMBROUGH, DARLENE DETOMO","207 CAROL ST",CARRBORO,NC,27510,207,"",CAROL,"",ST,"","",CARRBORO,NC,27510,49,FEMALE,CARRBORO,"56TH HOUSE",CARRBORO,"CHAPEL HILL",DEMOCRATIC,WHITE,ACTIVE,"05/02/2006 PRIMARY",5/2/2006
KIMBROUGH,"KIMBROUGH, TIMOTHY EDWARD","207 CAROL ST",CARRBORO,NC,27510,207,"",CAROL,"",ST,"","",CARRBORO,NC,27510,49,MALE,CARRBORO,"56TH HOUSE",CARRBORO,"CHAPEL HILL",DEMOCRATIC,WHITE,ACTIVE,"05/02/2006 PRIMARY",5/2/2006
KINNAIRD,"KINNAIRD, ELEANOR G","207 W POPLAR AVE",CARRBORO,NC,27510,207,W,POPLAR,"",AVE,"","",CARRBORO,NC,27510,75,FEMALE,CARRBORO,"56TH HOUSE","LIONS CLUB","CHAPEL HILL",DEMOCRATIC,WHITE,ACTIVE,"05/02/2006 PRIMARY",5/2/2006
KINNEY,"KINNEY, LUCRETIA","401 FOREST CT",CARRBORO,NC,27510,401,"",FOREST,"",CT,"","",CARRBORO,NC,27510,62,FEMALE,CARRBORO,"56TH HOUSE","NORTH CARRBORO","CHAPEL HILL",DEMOCRATIC,WHITE,ACTIVE,"05/02/2006 PRIMARY",5/2/2006
KINTE,"KINTE, NEGEST","102 JAMES ST",CARRBORO,NC,27510,102,"",JAMES,"",ST,"","",CARRBORO,NC,27510,57,FEMALE,CARRBORO,"56TH HOUSE",CARRBORO,"CHAPEL HILL",DEMOCRATIC,"BLACK or AFRICAN AMERICAN",ACTIVE,"05/02/2006 PRIMARY",5/2/2006
KIRSCHNER,"KIRSCHNER, ROBERT MILTON","131 FRIAR LN",CARRBORO,NC,27510,131,"",FRIAR,"",LN,"","",CARRBORO,NC,27510,51,MALE,CARRBORO,"56TH HOUSE",OWASA,"CHAPEL HILL",DEMOCRATIC,WHITE,ACTIVE,"05/02/2006 PRIMARY",5/2/2006
KLEIN,"KLEIN, KATHY A","103B HIGH ST",CARRBORO,NC,27510,103,"",HIGH,"",ST,"","",CARRBORO,NC,27510,58,FEMALE,CARRBORO,"56TH HOUSE",CARRBORO,"CHAPEL HILL",DEMOCRATIC,WHITE,ACTIVE,"05/02/2006 PRIMARY",5/2/2006
KLEINMAN,"KLEINMAN, DAWN ELIZABETH","301 OAK AVE",CARRBORO,NC,27510,301,"",OAK,"",AVE,"","",CARRBORO,NC,27510,41,FEMALE,CARRBORO,"56TH HOUSE","TOWN HALL","CHAPEL HILL",DEMOCRATIC,WHITE,ACTIVE,"05/02/2006 PRIMARY",5/2/2006
KOCH,"KOCH, AMANDA MARY","506 DAVIE RD",CARRBORO,NC,27510,506,"",DAVIE,"",RD,"","",CARRBORO,NC,27510,27,FEMALE,CARRBORO,"56TH HOUSE","LIONS CLUB","CHAPEL HILL",DEMOCRATIC,WHITE,ACTIVE,"05/02/2006 PRIMARY",5/2/2006
KOKOT,"KOKOT, ANTONI","313 CAROL ST",CARRBORO,NC,27510,313,"",CAROL,"",ST,"","",CARRBORO,NC,27510,60,MALE,CARRBORO,"56TH HOUSE",CARRBORO,"CHAPEL HILL",DEMOCRATIC,WHITE,ACTIVE,"05/02/2006 PRIMARY",5/2/2006
KOLB,"KOLB, KENNETH HUGH","105 FIDELITY ST   #B28",CARRBORO,NC,27510,105,"",FIDELITY,"",ST,"",B28,CARRBORO,NC,27510,31,MALE,CARRBORO,"56TH HOUSE","LIONS CLUB","CHAPEL HILL",DEMOCRATIC,WHITE,ACTIVE,"05/02/2006 PRIMARY",5/2/2006
"KOLLING PERIN","KOLLING PERIN, SHARON LYNN","108 RED SUNSET PL",CARRBORO,NC,27510,108,"","RED SUNSET","",PL,"","",CARRBORO,NC,27510,30,FEMALE,CARRBORO,"56TH HOUSE","TOWN HALL","CHAPEL HILL",DEMOCRATIC,WHITE,ACTIVE,"05/02/2006 PRIMARY",5/2/2006
KOPEC,"KOPEC, DOUGLAS RICHARD","104 WOODS WALK CT",CARRBORO,NC,27510,104,"","WOODS WALK","",CT,"","",CARRBORO,NC,27510,49,MALE,CARRBORO,"56TH HOUSE",CARRBORO,"CHAPEL HILL",DEMOCRATIC,WHITE,ACTIVE,"05/02/2006 PRIMARY",5/2/2006
KRAMER,"KRAMER, JOHN MARTIN","1011 BRENDAN CT","CHAPEL HILL",NC,27516,1011,"",BRENDAN,"",CT,"","","CHAPEL HILL",NC,27516,48,MALE,CARRBORO,"50TH HOUSE","HOGAN FARMS","CHAPEL HILL",DEMOCRATIC,WHITE,ACTIVE,"05/02/2006 PRIMARY",5/2/2006
KROPKO,"KROPKO, JONATHAN MICHAEL","100 ROCK HAVEN RD   #J305",CARRBORO,NC,27510,100,"","ROCK HAVEN","",RD,"",J305,CARRBORO,NC,27510,24,MALE,CARRBORO,"54TH HOUSE",DAMASCUS,"CHAPEL HILL",DEMOCRATIC,OTHER,ACTIVE,"05/02/2006 PRIMARY",5/2/2006
KRUTER,"KRUTER, JEROME (JERRY)","322 SUNSET CREEK CIR","CHAPEL HILL",NC,27516,322,"","SUNSET CREEK","",CIR,"","","CHAPEL HILL",NC,27516,72,MALE,CARRBORO,"56TH HOUSE","NORTH CARRBORO","CHAPEL HILL",DEMOCRATIC,WHITE,ACTIVE,"05/02/2006 PRIMARY",5/2/2006
KRUTER,"KRUTER, MARY H","322 SUNSET CREEK CIR","CHAPEL HILL",NC,27516,322,"","SUNSET CREEK","",CIR,"","","CHAPEL HILL",NC,27516,66,FEMALE,CARRBORO,"56TH HOUSE","NORTH CARRBORO","CHAPEL HILL",DEMOCRATIC,WHITE,ACTIVE,"05/02/2006 PRIMARY",5/2/2006
KUHLMAN,"KUHLMAN, TRACY CALHOUN","1009 TALLYHO TRL","CHAPEL HILL",NC,27516,1009,"",TALLYHO,"",TRL,"","","CHAPEL HILL",NC,27516,35,FEMALE,CARRBORO,"50TH HOUSE","HOGAN FARMS","CHAPEL HILL",DEMOCRATIC,WHITE,ACTIVE,"05/02/2006 PRIMARY",5/2/2006
KULLMAN,"KULLMAN, CLYDE A","105 MELBA CIR",CARRBORO,NC,27510,105,"",MELBA,"",CIR,"","",CARRBORO,NC,27510,94,MALE,CARRBORO,"56TH HOUSE",CARRBORO,"CHAPEL HILL",DEMOCRATIC,WHITE,ACTIVE,"05/02/2006 PRIMARY",5/2/2006
KURTZ,"KURTZ, MAUREEN PATRICIA","204 DAVIE RD",CARRBORO,NC,27510,204,"",DAVIE,"",RD,"","",CARRBORO,NC,27510,48,FEMALE,CARRBORO,"56TH HOUSE","LIONS CLUB","CHAPEL HILL",DEMOCRATIC,WHITE,ACTIVE,"05/02/2006 PRIMARY",5/2/2006
KUSZ,"KUSZ, CLAIRE MARIE","124 FIDELITY ST   #40",CARRBORO,NC,27510,124,"",FIDELITY,"",ST,"",40,CARRBORO,NC,27510,56,FEMALE,CARRBORO,"56TH HOUSE","LIONS CLUB","CHAPEL HILL",DEMOCRATIC,WHITE,ACTIVE,"05/02/2006 PRIMARY",5/2/2006
LACKEY,"LACKEY, LISKA LOU","507 OAK AVE",CARRBORO,NC,27510,507,"",OAK,"",AVE,"","",CARRBORO,NC,27510,50,FEMALE,CARRBORO,"56TH HOUSE",CARRBORO,"CHAPEL HILL",DEMOCRATIC,WHITE,ACTIVE,"05/02/2006 PRIMARY",5/2/2006
LACKEY,"LACKEY, ROBERT STEVENSON","507 OAK AVE",CARRBORO,NC,27510,507,"",OAK,"",AVE,"","",CARRBORO,NC,27510,50,MALE,CARRBORO,"56TH HOUSE",CARRBORO,"CHAPEL HILL",DEMOCRATIC,WHITE,ACTIVE,"05/02/2006 PRIMARY",5/2/2006
LACKEY,"LACKEY, SUSAN JULIA","203 CAROL ST",CARRBORO,NC,27510,203,"",CAROL,"",ST,"","",CARRBORO,NC,27510,52,FEMALE,CARRBORO,"56TH HOUSE",CARRBORO,"CHAPEL HILL",DEMOCRATIC,WHITE,ACTIVE,"05/02/2006 PRIMARY",5/2/2006
LANE,"LANE, CATHERINE FOUST","207 LAUREL AVE",CARRBORO,NC,27510,207,"",LAUREL,"",AVE,"","",CARRBORO,NC,27510,72,FEMALE,CARRBORO,"56TH HOUSE",OWASA,"CHAPEL HILL",DEMOCRATIC,"BLACK or AFRICAN AMERICAN",ACTIVE,"05/02/2006 PRIMARY",5/2/2006
LANE,"LANE, DAVID ROQUEMORE","2259 PATHWAY DR","CHAPEL HILL",NC,27516,2259,"",PATHWAY,"",DR,"","","CHAPEL HILL",NC,27516,53,MALE,CARRBORO,"56TH HOUSE","NORTH CARRBORO","CHAPEL HILL",DEMOCRATIC,WHITE,ACTIVE,"05/02/2006 PRIMARY",5/2/2006
LANE,"LANE, DAZZIE MCQUEEN","209 LAUREL AVE",CARRBORO,NC,27510,209,"",LAUREL,"",AVE,"","",CARRBORO,NC,27510,70,FEMALE,CARRBORO,"56TH HOUSE",OWASA,"CHAPEL HILL",DEMOCRATIC,"BLACK or AFRICAN AMERICAN",ACTIVE,"05/02/2006 PRIMARY",5/2/2006
LANE,"LANE, LINDA NEWTON","2259 PATHWAY DR","CHAPEL HILL",NC,27516,2259,"",PATHWAY,"",DR,"","","CHAPEL HILL",NC,27516,52,FEMALE,CARRBORO,"56TH HOUSE","NORTH CARRBORO","CHAPEL HILL",DEMOCRATIC,WHITE,ACTIVE,"05/02/2006 PRIMARY",5/2/2006
LANE,"LANE, WALTER  JR","209 LAUREL AVE",CARRBORO,NC,27510,209,"",LAUREL,"",AVE,"","",CARRBORO,NC,27510,77,MALE,CARRBORO,"56TH HOUSE",OWASA,"CHAPEL HILL",DEMOCRATIC,"BLACK or AFRICAN AMERICAN",ACTIVE,"05/02/2006 PRIMARY",5/2/2006
LANGE,"LANGE, ELIZABETH","116 W POPLAR AVE   #A",CARRBORO,NC,27510,116,W,POPLAR,"",AVE,"",A,CARRBORO,NC,27510,33,FEMALE,CARRBORO,"56TH HOUSE","LIONS CLUB","CHAPEL HILL",DEMOCRATIC,UNDESIGNATED,ACTIVE,"05/02/2006 PRIMARY",5/2/2006
LANSDELL,"LANSDELL, LYLE WILKERSON","301 E POPLAR AVE",CARRBORO,NC,27510,301,E,POPLAR,"",AVE,"","",CARRBORO,NC,27510,62,FEMALE,CARRBORO,"56TH HOUSE","TOWN HALL","CHAPEL HILL",DEMOCRATIC,WHITE,ACTIVE,"05/02/2006 PRIMARY",5/2/2006
LASSITER,"LASSITER, CLYDE LOCKWOOD","103 CEDARWOOD LN",CARRBORO,NC,27510,103,"",CEDARWOOD,"",LN,"","",CARRBORO,NC,27510,56,MALE,CARRBORO,"56TH HOUSE",OWASA,"CHAPEL HILL",DEMOCRATIC,WHITE,ACTIVE,"05/02/2006 PRIMARY",5/2/2006
LAUENSTEIN,"LAUENSTEIN, ANNEMARIE C","600 W POPLAR AVE   #311",CARRBORO,NC,27510,600,W,POPLAR,"",AVE,"",311,CARRBORO,NC,27510,83,FEMALE,CARRBORO,"56TH HOUSE","LIONS CLUB","CHAPEL HILL",DEMOCRATIC,WHITE,ACTIVE,"05/02/2006 PRIMARY",5/2/2006
LAURANCE,"LAURANCE, EMILY R","100 SIMPSON ST",CARRBORO,NC,27510,100,"",SIMPSON,"",ST,"","",CARRBORO,NC,27510,42,FEMALE,CARRBORO,"56TH HOUSE",CARRBORO,"CHAPEL HILL",DEMOCRATIC,WHITE,ACTIVE,"05/02/2006 PRIMARY",5/2/2006
LAVELLE,"LAVELLE, LYDIA ELLEN","8107 KIT LN","CHAPEL HILL",NC,27516,8107,"",KIT,"",LN,"","","CHAPEL HILL",NC,27516,46,FEMALE,CARRBORO,"50TH HOUSE","HOGAN FARMS","CHAPEL HILL",DEMOCRATIC,WHITE,ACTIVE,"05/02/2006 PRIMARY",5/2/2006
LAZORKO,"LAZORKO, CATHERINE ROSE","102 WILLIAMS ST",CARRBORO,NC,27510,102,"",WILLIAMS,"",ST,"","",CARRBORO,NC,27510,42,FEMALE,CARRBORO,"56TH HOUSE","TOWN HALL","CHAPEL HILL",DEMOCRATIC,WHITE,ACTIVE,"05/02/2006 PRIMARY",5/2/2006
LEAVITT,"LEAVITT, SHARON AMY","104 CANTON CT","CHAPEL HILL",NC,27516,104,"",CANTON,"",CT,"","","CHAPEL HILL",NC,27516,54,FEMALE,CARRBORO,"56TH HOUSE","NORTH CARRBORO","CHAPEL HILL",DEMOCRATIC,WHITE,ACTIVE,"05/02/2006 PRIMARY",5/2/2006
LEBLANC,"LEBLANC, BERNICE MARIE","600 W POPLAR AVE #256",CARRBORO,NC,27510,600,W,POPLAR,"",AVE,"",256,CARRBORO,NC,27510,63,FEMALE,CARRBORO,"56TH HOUSE","LIONS CLUB","CHAPEL HILL",DEMOCRATIC,WHITE,ACTIVE,"05/02/2006 PRIMARY",5/2/2006
LEDFORD,"LEDFORD, ALBERT EDWARD JR","106-4 W CARR ST",CARRBORO,NC,27510,106,W,CARR,"",ST,"","",CARRBORO,NC,27510,51,MALE,CARRBORO,"56TH HOUSE",OWASA,"CHAPEL HILL",DEMOCRATIC,WHITE,ACTIVE,"05/02/2006 PRIMARY",5/2/2006
LEE,"LEE, COLLIN BRENT","506 N GREENSBORO ST   #23",CARRBORO,NC,27510,506,N,GREENSBORO,"",ST,"",23,CARRBORO,NC,27510,24,MALE,CARRBORO,"56TH HOUSE","TOWN HALL","CHAPEL HILL",DEMOCRATIC,"TWO or MORE RACES",ACTIVE,"05/02/2006 PRIMARY",5/2/2006
LEE,"LEE, DANIEL CARROLL","121-23 WESTVIEW DR",CARRBORO,NC,27510,121,"",WESTVIEW,"",DR,"",23,CARRBORO,NC,27510,48,MALE,CARRBORO,"56TH HOUSE","LIONS CLUB","CHAPEL HILL",DEMOCRATIC,WHITE,ACTIVE,"05/02/2006 PRIMARY",5/2/2006
LEE,"LEE, PETER HONG","2403 PATHWAY DR","CHAPEL HILL",NC,27516,2403,"",PATHWAY,"",DR,"","","CHAPEL HILL",NC,27516,59,MALE,CARRBORO,"56TH HOUSE","NORTH CARRBORO","CHAPEL HILL",DEMOCRATIC,OTHER,ACTIVE,"05/02/2006 PRIMARY",5/2/2006
LEEMAN,"LEEMAN, JENNIFER","313 SWEET BAY PL",CARRBORO,NC,27510,313,"","SWEET BAY","",PL,"","",CARRBORO,NC,27510,46,FEMALE,CARRBORO,"56TH HOUSE","TOWN HALL","CHAPEL HILL",DEMOCRATIC,WHITE,ACTIVE,"05/02/2006 PRIMARY",5/2/2006
LENSING,"LENSING, GEORGE STEPHAN JR","204 OLEANDER RD",CARRBORO,NC,27510,204,"",OLEANDER,"",RD,"","",CARRBORO,NC,27510,67,MALE,CARRBORO,"56TH HOUSE","LIONS CLUB","CHAPEL HILL",DEMOCRATIC,WHITE,ACTIVE,"05/02/2006 PRIMARY",5/2/2006
LEONARD,"LEONARD, DANIEL L","105 KEITH RD",CARRBORO,NC,27510,105,"",KEITH,"",RD,"","",CARRBORO,NC,27510,64,MALE,CARRBORO,"56TH HOUSE","LIONS CLUB","CHAPEL HILL",DEMOCRATIC,WHITE,ACTIVE,"05/02/2006 PRIMARY",5/2/2006
LEONARD,"LEONARD, MELINDA DURVIN","8327 LOCH LAVEN LN","CHAPEL HILL",NC,27516,8327,"","LOCH LAVEN","",LN,"","","CHAPEL HILL",NC,27516,57,FEMALE,CARRBORO,"50TH HOUSE","HOGAN FARMS","CHAPEL HILL",DEMOCRATIC,WHITE,ACTIVE,"05/02/2006 PRIMARY",5/2/2006
LESLIE,"LESLIE, PAUL W","501 WATERSIDE DR",CARRBORO,NC,27510,501,"",WATERSIDE,"",DR,"","",CARRBORO,NC,27510,59,MALE,CARRBORO,"56TH HOUSE","NORTH CARRBORO","CHAPEL HILL",DEMOCRATIC,WHITE,ACTIVE,"05/02/2006 PRIMARY",5/2/2006
LESTER,"LESTER, MARGOT CARMICHAEL","314 BOLIN FOREST DR",CARRBORO,NC,27510,314,"","BOLIN FOREST","",DR,"","",CARRBORO,NC,27510,45,FEMALE,CARRBORO,"56TH HOUSE","NORTH CARRBORO","CHAPEL HILL",DEMOCRATIC,WHITE,ACTIVE,"05/02/2006 PRIMARY",5/2/2006
LEVIT,"LEVIT, JEROME MICHAEL","113 WINSOME LN","CHAPEL HILL",NC,27516,113,"",WINSOME,"",LN,"","","CHAPEL HILL",NC,27516,57,MALE,CARRBORO,"56TH HOUSE",CARRBORO,"CHAPEL HILL",DEMOCRATIC,WHITE,ACTIVE,"05/02/2006 PRIMARY",5/2/2006
LEVITCH,"LEVITCH, LINDA CHARLOTTE","100 ORCHARD LN",CARRBORO,NC,27510,100,"",ORCHARD,"",LN,"","",CARRBORO,NC,27510,52,FEMALE,CARRBORO,"54TH HOUSE",DAMASCUS,"CHAPEL HILL",DEMOCRATIC,WHITE,ACTIVE,"05/02/2006 PRIMARY",5/2/2006
LEWIS,"LEWIS, JENNIFER MAY","506 N GREENSBORO ST   #37",CARRBORO,NC,27510,506,N,GREENSBORO,"",ST,"",37,CARRBORO,NC,27510,46,FEMALE,CARRBORO,"56TH HOUSE","TOWN HALL","CHAPEL HILL",DEMOCRATIC,WHITE,ACTIVE,"05/02/2006 PRIMARY",5/2/2006
LEWIS,"LEWIS, LORRAINE SINGMAN","107 MORNINGSIDE DR",CARRBORO,NC,27510,107,"",MORNINGSIDE,"",DR,"","",CARRBORO,NC,27510,58,FEMALE,CARRBORO,"56TH HOUSE","NORTH CARRBORO","CHAPEL HILL",DEMOCRATIC,WHITE,ACTIVE,"05/02/2006 PRIMARY",5/2/2006
LEWIS,"LEWIS, LUCY W","119 OAK ST",CARRBORO,NC,27510,119,"",OAK,"",ST,"","",CARRBORO,NC,27510,55,FEMALE,CARRBORO,"56TH HOUSE",CARRBORO,"CHAPEL HILL",DEMOCRATIC,WHITE,ACTIVE,"05/02/2006 PRIMARY",5/2/2006
LILLIE,"LILLIE, CHRIS BALLOU","206 QUAIL ROOST DR",CARRBORO,NC,27510,206,"","QUAIL ROOST","",DR,"","",CARRBORO,NC,27510,56,MALE,CARRBORO,"56TH HOUSE",CARRBORO,"CHAPEL HILL",DEMOCRATIC,WHITE,ACTIVE,"05/02/2006 PRIMARY",5/2/2006
LINDEN,"LINDEN, KARL GREGORY","105 WILD OAK LN",CARRBORO,NC,27510,105,"","WILD OAK","",LN,"","",CARRBORO,NC,27510,41,MALE,CARRBORO,"56TH HOUSE","NORTH CARRBORO","CHAPEL HILL",DEMOCRATIC,WHITE,ACTIVE,"05/02/2006 PRIMARY",5/2/2006
LINDEN,"LINDEN, MARIPOSA","105 WILD OAK LN",CARRBORO,NC,27510,105,"","WILD OAK","",LN,"","",CARRBORO,NC,27510,47,FEMALE,CARRBORO,"56TH HOUSE","NORTH CARRBORO","CHAPEL HILL",DEMOCRATIC,WHITE,ACTIVE,"05/02/2006 PRIMARY",5/2/2006
LINNAN,"LINNAN, ELIZABETH ANN","600 W POPLAR AVE   #326",CARRBORO,NC,27510,600,W,POPLAR,"",AVE,"",326,CARRBORO,NC,27510,76,FEMALE,CARRBORO,"56TH HOUSE","LIONS CLUB","CHAPEL HILL",DEMOCRATIC,WHITE,ACTIVE,"05/02/2006 PRIMARY",5/2/2006
LIPSCOMB,"LIPSCOMB, SHARON ANNETTE JACKSON","501 NC HWY 54 BYP   #M-12",CARRBORO,NC,27510,501,"","NC HWY 54","",BYP,"",M-12,CARRBORO,NC,27510,47,FEMALE,CARRBORO,"56TH HOUSE",OWASA,"CHAPEL HILL",DEMOCRATIC,"BLACK or AFRICAN AMERICAN",ACTIVE,"05/02/2006 PRIMARY",5/2/2006
LISTON,"LISTON, CYNTHIA DAWN","402 ROSSBURN WAY","CHAPEL HILL",NC,27516,402,"",ROSSBURN,"",WAY,"","","CHAPEL HILL",NC,27516,39,FEMALE,CARRBORO,"54TH HOUSE",DAMASCUS,"CHAPEL HILL",DEMOCRATIC,WHITE,ACTIVE,"05/02/2006 PRIMARY",5/2/2006
LLOYD,"LLOYD, MILLIE ANN","600 W POPLAR AVE #248",CARRBORO,NC,27510,600,W,POPLAR,"",AVE,"",248,CARRBORO,NC,27510,89,FEMALE,CARRBORO,"56TH HOUSE","LIONS CLUB","CHAPEL HILL",DEMOCRATIC,"BLACK or AFRICAN AMERICAN",ACTIVE,"05/02/2006 PRIMARY",5/2/2006
LOCKHART,"LOCKHART, JENNIFER ANN","114 WAVERLY FOREST LN","CHAPEL HILL",NC,27516,114,"","WAVERLY FOREST","",LN,"","","CHAPEL HILL",NC,27516,45,FEMALE,CARRBORO,"56TH HOUSE","NORTH CARRBORO","CHAPEL HILL",DEMOCRATIC,WHITE,ACTIVE,"05/02/2006 PRIMARY",5/2/2006
LOCKHART,"LOCKHART, STEPHEN BARRET","114 WAVERLY FOREST LN","CHAPEL HILL",NC,27516,114,"","WAVERLY FOREST","",LN,"","","CHAPEL HILL",NC,27516,44,MALE,CARRBORO,"56TH HOUSE","NORTH CARRBORO","CHAPEL HILL",DEMOCRATIC,WHITE,ACTIVE,"05/02/2006 PRIMARY",5/2/2006
LOESER,"LOESER, WILLIAM RICHARD","612 N GREENSBORO ST",CARRBORO,NC,27510,612,N,GREENSBORO,"",ST,"","",CARRBORO,NC,27510,64,MALE,CARRBORO,"56TH HOUSE","TOWN HALL","CHAPEL HILL",DEMOCRATIC,WHITE,ACTIVE,"05/02/2006 PRIMARY",5/2/2006
LONDON,"LONDON, STEPHANIE JOAN","8511 BALMORAL PL","CHAPEL HILL",NC,27516,8511,"",BALMORAL,"",PL,"","","CHAPEL HILL",NC,27516,50,FEMALE,CARRBORO,"50TH HOUSE","HOGAN FARMS","CHAPEL HILL",DEMOCRATIC,WHITE,ACTIVE,"05/02/2006 PRIMARY",5/2/2006
LONG,"LONG, IRIS DENISE","104 DRAYTON CT","CHAPEL HILL",NC,27516,104,"",DRAYTON,"",CT,"","","CHAPEL HILL",NC,27516,51,FEMALE,CARRBORO,"56TH HOUSE","NORTH CARRBORO","CHAPEL HILL",DEMOCRATIC,"BLACK or AFRICAN AMERICAN",ACTIVE,"05/02/2006 PRIMARY",5/2/2006
LONG,"LONG, JANET ELAINE","205 COMMONS WAY DR","CHAPEL HILL",NC,27516,205,"","COMMONS WAY","",DR,"","","CHAPEL HILL",NC,27516,55,FEMALE,CARRBORO,"50TH HOUSE","HOGAN FARMS","CHAPEL HILL",DEMOCRATIC,WHITE,ACTIVE,"05/02/2006 PRIMARY",5/2/2006
LONG,"LONG, JOHN ROBERT","205 COMMONS WAY DR","CHAPEL HILL",NC,27516,205,"","COMMONS WAY","",DR,"","","CHAPEL HILL",NC,27516,55,MALE,CARRBORO,"50TH HOUSE","HOGAN FARMS","CHAPEL HILL",DEMOCRATIC,WHITE,ACTIVE,"05/02/2006 PRIMARY",5/2/2006
LONG,"LONG, KAREN ELIZABETH","706 BOLIN CREEK DR",CARRBORO,NC,27510,706,"","BOLIN CREEK","",DR,"","",CARRBORO,NC,27510,60,FEMALE,CARRBORO,"56TH HOUSE","NORTH CARRBORO","CHAPEL HILL",DEMOCRATIC,WHITE,ACTIVE,"05/02/2006 PRIMARY",5/2/2006
LONG,"LONG, LOY FRANK","105 PRINCE ST",CARRBORO,NC,27510,105,"",PRINCE,"",ST,"","",CARRBORO,NC,27510,65,MALE,CARRBORO,"56TH HOUSE",OWASA,"CHAPEL HILL",DEMOCRATIC,"BLACK or AFRICAN AMERICAN",ACTIVE,"05/02/2006 PRIMARY",5/2/2006
LONG,"LONG, WILLIAM CHRISTOPHER","406 BOLIN CREEK DR",CARRBORO,NC,27510,406,"","BOLIN CREEK","",DR,"","",CARRBORO,NC,27510,47,MALE,CARRBORO,"56TH HOUSE","NORTH CARRBORO","CHAPEL HILL",DEMOCRATIC,WHITE,ACTIVE,"05/02/2006 PRIMARY",5/2/2006
LOTINA,"LOTINA, LESLIE ANNETTE","108 BUCKEYE LN","CHAPEL HILL",NC,27516,108,"",BUCKEYE,"",LN,"","","CHAPEL HILL",NC,27516,52,FEMALE,CARRBORO,"56TH HOUSE","NORTH CARRBORO","CHAPEL HILL",DEMOCRATIC,WHITE,ACTIVE,"05/02/2006 PRIMARY",5/2/2006
LOWTHER,"LOWTHER, KRISTY ANNE","116 W POPLAR AVE   #A",CARRBORO,NC,27510,116,W,POPLAR,"",AVE,"",A,CARRBORO,NC,27510,25,FEMALE,CARRBORO,"56TH HOUSE","LIONS CLUB","CHAPEL HILL",DEMOCRATIC,WHITE,ACTIVE,"05/02/2006 PRIMARY",5/2/2006
LUCA,"LUCA, KATHERINE KINDELL","405 ROSSBURN WAY","CHAPEL HILL",NC,27516,405,"",ROSSBURN,"",WAY,"","","CHAPEL HILL",NC,27516,53,FEMALE,CARRBORO,"54TH HOUSE",DAMASCUS,"CHAPEL HILL",DEMOCRATIC,WHITE,ACTIVE,"05/02/2006 PRIMARY",5/2/2006
LUCAS,"LUCAS, JOHANNA SHETLEY","PO BOX 1238",CARRBORO,NC,27510,1130,"",HILLSBOROUGH,"",RD,"","","CHAPEL HILL",NC,27516,39,FEMALE,CARRBORO,"56TH HOUSE","NORTH CARRBORO","CHAPEL HILL",DEMOCRATIC,WHITE,ACTIVE,"05/02/2006 PRIMARY",5/2/2006
LUCK,"LUCK, STEPHEN PHILIP","301 CAROL ST",CARRBORO,NC,27510,301,"",CAROL,"",ST,"","",CARRBORO,NC,27510,58,MALE,CARRBORO,"56TH HOUSE",CARRBORO,"CHAPEL HILL",DEMOCRATIC,WHITE,ACTIVE,"05/02/2006 PRIMARY",5/2/2006
LUDINGTON,"LUDINGTON, CHARLES C","502 WATERSIDE DR",CARRBORO,NC,27510,502,"",WATERSIDE,"",DR,"","",CARRBORO,NC,27510,41,MALE,CARRBORO,"56TH HOUSE","NORTH CARRBORO","CHAPEL HILL",DEMOCRATIC,WHITE,ACTIVE,"05/02/2006 PRIMARY",5/2/2006
LUDINGTON,"LUDINGTON, SARAH H HUTT","502 WATERSIDE DR",CARRBORO,NC,27510,502,"",WATERSIDE,"",DR,"","",CARRBORO,NC,27510,43,FEMALE,CARRBORO,"56TH HOUSE","NORTH CARRBORO","CHAPEL HILL",DEMOCRATIC,UNDESIGNATED,ACTIVE,"05/02/2006 PRIMARY",5/2/2006
LUTGENDORF,"LUTGENDORF, CLAIRE SAROJA","113 WALDEN DR",CARRBORO,NC,27510,113,"",WALDEN,"",DR,"","",CARRBORO,NC,27510,25,FEMALE,CARRBORO,"56TH HOUSE",OWASA,"CHAPEL HILL",DEMOCRATIC,WHITE,ACTIVE,"05/02/2006 PRIMARY",5/2/2006
LYNN,"LYNN, MICHELE ANDREA","132 SHADOW RIDGE PL","CHAPEL HILL",NC,27516,132,"","SHADOW RIDGE","",PL,"","","CHAPEL HILL",NC,27516,45,FEMALE,CARRBORO,"50TH HOUSE","HOGAN FARMS","CHAPEL HILL",DEMOCRATIC,WHITE,ACTIVE,"05/02/2006 PRIMARY",5/2/2006
MADER,"MADER, ANNE HODGE","110 CIRCADIAN WAY","CHAPEL HILL",NC,27516,110,"",CIRCADIAN,"",WAY,"","","CHAPEL HILL",NC,27516,50,FEMALE,CARRBORO,"56TH HOUSE","NORTH CARRBORO","CHAPEL HILL",DEMOCRATIC,WHITE,ACTIVE,"05/02/2006 PRIMARY",5/2/2006
MAGID,"MAGID, JEREMY EDWARD","112 NC HWY 54 BYP   #I-5",CARRBORO,NC,27510,112,"","NC HWY 54","",BYP,"",I-5,CARRBORO,NC,27510,28,MALE,CARRBORO,"56TH HOUSE","LIONS CLUB","CHAPEL HILL",DEMOCRATIC,WHITE,ACTIVE,"05/02/2006 PRIMARY",5/2/2006
MAHER,"MAHER, THOMAS K","8318 BURNS PL","CHAPEL HILL",NC,27516,8318,"",BURNS,"",PL,"","","CHAPEL HILL",NC,27516,50,MALE,CARRBORO,"50TH HOUSE","HOGAN FARMS","CHAPEL HILL",DEMOCRATIC,WHITE,ACTIVE,"05/02/2006 PRIMARY",5/2/2006
MALACHOWSKI,"MALACHOWSKI, EDWARD JOSEPH","309 LAUREL AVE   #B",CARRBORO,NC,27510,309,"",LAUREL,"",AVE,"",B,CARRBORO,NC,27510,48,MALE,CARRBORO,"56TH HOUSE",OWASA,"CHAPEL HILL",DEMOCRATIC,WHITE,ACTIVE,"05/02/2006 PRIMARY",5/2/2006
MALACHOWSKI,"MALACHOWSKI, MARGOT GILFEATHER","309 LAUREL AVE   #B",CARRBORO,NC,27510,309,"",LAUREL,"",AVE,"",B,CARRBORO,NC,27510,45,FEMALE,CARRBORO,"56TH HOUSE",OWASA,"CHAPEL HILL",DEMOCRATIC,WHITE,ACTIVE,"05/02/2006 PRIMARY",5/2/2006
MALONE,"MALONE, SARA MOUNT","112 NC HWY 54 BYP   #T7",CARRBORO,NC,27510,112,"","NC HWY 54","",BYP,"",T7,CARRBORO,NC,27510,55,FEMALE,CARRBORO,"56TH HOUSE","LIONS CLUB","CHAPEL HILL",DEMOCRATIC,WHITE,ACTIVE,"05/02/2006 PRIMARY",5/2/2006
MANDELL,"MANDELL, MARTHA R","116 PINE ST",CARRBORO,NC,27510,116,"",PINE,"",ST,"","",CARRBORO,NC,27510,79,FEMALE,CARRBORO,"56TH HOUSE",CARRBORO,"CHAPEL HILL",DEMOCRATIC,WHITE,ACTIVE,"05/02/2006 PRIMARY",5/2/2006
MANLEY,"MANLEY, JOHN RUFFIN II","508 DAVIE RD",CARRBORO,NC,27510,508,"",DAVIE,"",RD,"","",CARRBORO,NC,27510,53,MALE,CARRBORO,"56TH HOUSE","LIONS CLUB","CHAPEL HILL",DEMOCRATIC,"BLACK or AFRICAN AMERICAN",ACTIVE,"05/02/2006 PRIMARY",5/2/2006
MANN,"MANN, MICHAEL LLEWELLYN","200 BARNES ST   #3A",CARRBORO,NC,27510,200,"",BARNES,"",ST,"",3A,CARRBORO,NC,27510,46,MALE,CARRBORO,"56TH HOUSE",OWASA,"CHAPEL HILL",DEMOCRATIC,"BLACK or AFRICAN AMERICAN",ACTIVE,"05/02/2006 PRIMARY",5/2/2006
MANOR,"MANOR, JAMES PETER","100 WEBB DR",CARRBORO,NC,27510,100,"",WEBB,"",DR,"","",CARRBORO,NC,27510,54,MALE,CARRBORO,"56TH HOUSE","NORTH CARRBORO","CHAPEL HILL",DEMOCRATIC,WHITE,ACTIVE,"05/02/2006 PRIMARY",5/2/2006
MARGOLIN,"MARGOLIN, NANCY ANN","503 ROBERT HUNT DR",CARRBORO,NC,27510,503,"","ROBERT HUNT","",DR,"","",CARRBORO,NC,27510,53,FEMALE,CARRBORO,"56TH HOUSE","NORTH CARRBORO","CHAPEL HILL",DEMOCRATIC,WHITE,ACTIVE,"05/02/2006 PRIMARY",5/2/2006
MARKS,"MARKS, HAROLD L","600 W POPLAR AVE   #345",CARRBORO,NC,27510,600,W,POPLAR,"",AVE,"",345,CARRBORO,NC,27510,81,MALE,CARRBORO,"56TH HOUSE","LIONS CLUB","CHAPEL HILL",DEMOCRATIC,WHITE,ACTIVE,"05/02/2006 PRIMARY",5/2/2006
MARLEY,"MARLEY, DEE BLACKWELDER","510 BOLIN CREEK DR",CARRBORO,NC,27510,510,"","BOLIN CREEK","",DR,"","",CARRBORO,NC,27510,54,FEMALE,CARRBORO,"56TH HOUSE","NORTH CARRBORO","CHAPEL HILL",DEMOCRATIC,WHITE,ACTIVE,"05/02/2006 PRIMARY",5/2/2006
MARLEY,"MARLEY, HARRIS WRENN","510 BOLIN CREEK DR",CARRBORO,NC,27510,510,"","BOLIN CREEK","",DR,"","",CARRBORO,NC,27510,58,MALE,CARRBORO,"56TH HOUSE","NORTH CARRBORO","CHAPEL HILL",DEMOCRATIC,WHITE,ACTIVE,"05/02/2006 PRIMARY",5/2/2006
MARSHALL,"MARSHALL, DEBORAH HALL","1101 HILLSBOROUGH RD","CHAPEL HILL",NC,27516,1101,"",HILLSBOROUGH,"",RD,"","","CHAPEL HILL",NC,27516,57,FEMALE,CARRBORO,"56TH HOUSE",CARRBORO,"CHAPEL HILL",DEMOCRATIC,WHITE,ACTIVE,"05/02/2006 PRIMARY",5/2/2006
MARSHALL,"MARSHALL, JOHN FRANCIS III","305 E POPLAR AVE",CARRBORO,NC,27510,305,E,POPLAR,"",AVE,"","",CARRBORO,NC,27510,51,MALE,CARRBORO,"56TH HOUSE","TOWN HALL","CHAPEL HILL",DEMOCRATIC,WHITE,ACTIVE,"05/02/2006 PRIMARY",5/2/2006
MARSHALL,"MARSHALL, SHIRLEY EVELYN","205-D W POPLAR AVE",CARRBORO,NC,27510,205,W,POPLAR,"",AVE,"","",CARRBORO,NC,27510,82,FEMALE,CARRBORO,"56TH HOUSE","LIONS CLUB","CHAPEL HILL",DEMOCRATIC,WHITE,ACTIVE,"05/02/2006 PRIMARY",5/2/2006
MARTIN,"MARTIN, KRISTIN EMILY","101 THOMAS LN   #A-1",CARRBORO,NC,27510,101,"",THOMAS,"",LN,"",A-1,CARRBORO,NC,27510,31,FEMALE,CARRBORO,"56TH HOUSE","TOWN HALL","CHAPEL HILL",DEMOCRATIC,WHITE,ACTIVE,"05/02/2006 PRIMARY",5/2/2006
MARTINEZ,"MARTINEZ, JACQUELINE JOANNE","600 W POPLAR AVE   #324",CARRBORO,NC,27510,600,W,POPLAR,"",AVE,"",324,CARRBORO,NC,27510,83,FEMALE,CARRBORO,"56TH HOUSE","LIONS CLUB","CHAPEL HILL",DEMOCRATIC,WHITE,ACTIVE,"05/02/2006 PRIMARY",5/2/2006
MASON,"MASON, DAVID COVINGTON","306 BOLIN CREEK DR",CARRBORO,NC,27510,306,"","BOLIN CREEK","",DR,"","",CARRBORO,NC,27510,38,MALE,CARRBORO,"56TH HOUSE","NORTH CARRBORO","CHAPEL HILL",DEMOCRATIC,WHITE,ACTIVE,"05/02/2006 PRIMARY",5/2/2006
MASSEY,"MASSEY, HENRIETTA T","7707 ROGERS RD","CHAPEL HILL",NC,27516,7707,"",ROGERS,"",RD,"","","CHAPEL HILL",NC,27516,67,FEMALE,CARRBORO,"50TH HOUSE","HOGAN FARMS","CHAPEL HILL",DEMOCRATIC,WHITE,ACTIVE,"05/02/2006 PRIMARY",5/2/2006
MASTERS-ALEXANDER,"MASTERS-ALEXANDER, MERYL","104 LISA DR",CARRBORO,NC,27510,104,"",LISA,"",DR,"","",CARRBORO,NC,27510,50,FEMALE,CARRBORO,"56TH HOUSE",CARRBORO,"CHAPEL HILL",DEMOCRATIC,WHITE,ACTIVE,"05/02/2006 PRIMARY",5/2/2006
MATCHINSKE,"MATCHINSKE, MEGAN MARIN","1538 PATHWAY DR",CARRBORO,NC,27510,1538,"",PATHWAY,"",DR,"","",CARRBORO,NC,27510,49,FEMALE,CARRBORO,"56TH HOUSE","NORTH CARRBORO","CHAPEL HILL",DEMOCRATIC,WHITE,ACTIVE,"05/02/2006 PRIMARY",5/2/2006
MAYER,"MAYER, CARMEN CHANCE","107 LINDSAY ST",CARRBORO,NC,27510,107,"",LINDSAY,"",ST,"","",CARRBORO,NC,27510,74,FEMALE,CARRBORO,"56TH HOUSE","TOWN HALL","CHAPEL HILL",DEMOCRATIC,WHITE,ACTIVE,"05/02/2006 PRIMARY",5/2/2006
MCCARTY,"MCCARTY, SARAH KATHERINE","102 MULBERRY ST   #B",CARRBORO,NC,27510,102,"",MULBERRY,"",ST,"",B,CARRBORO,NC,27510,34,FEMALE,CARRBORO,"56TH HOUSE","TOWN HALL","CHAPEL HILL",DEMOCRATIC,WHITE,ACTIVE,"05/02/2006 PRIMARY",5/2/2006
MCCAULEY,"MCCAULEY, ESTHER ATWATER","207 BARNES ST",CARRBORO,NC,27510,207,"",BARNES,"",ST,"","",CARRBORO,NC,27510,71,FEMALE,CARRBORO,"56TH HOUSE",OWASA,"CHAPEL HILL",DEMOCRATIC,"BLACK or AFRICAN AMERICAN",ACTIVE,"05/02/2006 PRIMARY",5/2/2006
MCCAULEY,"MCCAULEY, GEORGE LOUIS","104 PRINCE ST",CARRBORO,NC,27510,104,"",PRINCE,"",ST,"","",CARRBORO,NC,27510,70,MALE,CARRBORO,"56TH HOUSE",OWASA,"CHAPEL HILL",DEMOCRATIC,"BLACK or AFRICAN AMERICAN",ACTIVE,"05/02/2006 PRIMARY",5/2/2006
MCCONAUGHEY,"MCCONAUGHEY, STEVE D","132 SHADOW RIDGE PL","CHAPEL HILL",NC,27516,132,"","SHADOW RIDGE","",PL,"","","CHAPEL HILL",NC,27516,47,MALE,CARRBORO,"50TH HOUSE","HOGAN FARMS","CHAPEL HILL",DEMOCRATIC,WHITE,ACTIVE,"05/02/2006 PRIMARY",5/2/2006
MCCURLEY,"MCCURLEY, MICHAEL D","700 N GREENSBORO ST",CARRBORO,NC,27510,700,N,GREENSBORO,"",ST,"","",CARRBORO,NC,27510,53,MALE,CARRBORO,"56TH HOUSE","TOWN HALL","CHAPEL HILL",DEMOCRATIC,WHITE,ACTIVE,"05/02/2006 PRIMARY",5/2/2006
MCDANIEL,"MCDANIEL, PHILIP MICHAEL","200 BARINGTON HILLS RD","CHAPEL HILL",NC,27516,200,"","BARINGTON HILLS","",RD,"","","CHAPEL HILL",NC,27516,30,MALE,CARRBORO,"56TH HOUSE","NORTH CARRBORO","CHAPEL HILL",DEMOCRATIC,WHITE,ACTIVE,"05/02/2006 PRIMARY",5/2/2006
MCDONOUGH,"MCDONOUGH, PATRICK JOSEPH","105 FIDELITY ST   #A18",CARRBORO,NC,27510,105,"",FIDELITY,"",ST,"",A18,CARRBORO,NC,27510,32,MALE,CARRBORO,"56TH HOUSE","LIONS CLUB","CHAPEL HILL",DEMOCRATIC,WHITE,ACTIVE,"05/02/2006 PRIMARY",5/2/2006
MCDUFFEE,"MCDUFFEE, DIANA CHESSER","2226 PATHWAY DR","CHAPEL HILL",NC,27516,2226,"",PATHWAY,"",DR,"","","CHAPEL HILL",NC,27516,59,FEMALE,CARRBORO,"56TH HOUSE","NORTH CARRBORO","CHAPEL HILL",DEMOCRATIC,WHITE,ACTIVE,"05/02/2006 PRIMARY",5/2/2006
MCELREATH,"MCELREATH, JACK MICHAEL","103 ROGER COOK CT",CARRBORO,NC,27510,103,"","ROGER COOK","",CT,"","",CARRBORO,NC,27510,39,MALE,CARRBORO,"56TH HOUSE","NORTH CARRBORO","CHAPEL HILL",DEMOCRATIC,WHITE,ACTIVE,"05/02/2006 PRIMARY",5/2/2006
MCFARLAND,"MCFARLAND, HAROLD","402 W POPLAR AVE",CARRBORO,NC,27510,402,W,POPLAR,"",AVE,"","",CARRBORO,NC,27510,76,MALE,CARRBORO,"56TH HOUSE","LIONS CLUB","CHAPEL HILL",DEMOCRATIC,WHITE,ACTIVE,"05/02/2006 PRIMARY",5/2/2006
MCFARLAND,"MCFARLAND, PRISCILLA E","402 W POPLAR AVE",CARRBORO,NC,27510,402,W,POPLAR,"",AVE,"","",CARRBORO,NC,27510,75,FEMALE,CARRBORO,"56TH HOUSE","LIONS CLUB","CHAPEL HILL",DEMOCRATIC,WHITE,ACTIVE,"05/02/2006 PRIMARY",5/2/2006
MCGIVNEY,"MCGIVNEY, JAMES MATTHEW JR","108 YEARGEN PL","CHAPEL HILL",NC,27516,108,"",YEARGEN,"",PL,"","","CHAPEL HILL",NC,27516,19,MALE,CARRBORO,"56TH HOUSE","NORTH CARRBORO","CHAPEL HILL",DEMOCRATIC,WHITE,ACTIVE,"05/02/2006 PRIMARY",5/2/2006
MCGOWEN,"MCGOWEN, STACEY BRICE","106 PINE ST",CARRBORO,NC,27510,106,"",PINE,"",ST,"","",CARRBORO,NC,27510,24,MALE,CARRBORO,"56TH HOUSE",CARRBORO,"CHAPEL HILL",DEMOCRATIC,WHITE,ACTIVE,"05/02/2006 PRIMARY",5/2/2006
MCGRATH,"MCGRATH, EILEEN L","100 STABLE RD",CARRBORO,NC,27510,100,"",STABLE,"",RD,"","",CARRBORO,NC,27510,57,FEMALE,CARRBORO,"56TH HOUSE","TOWN HALL","CHAPEL HILL",DEMOCRATIC,WHITE,ACTIVE,"05/02/2006 PRIMARY",5/2/2006
MCGREGER,"MCGREGER, APRIL DENISE","96 PINE HILL DR",CARRBORO,NC,27510,96,"","PINE HILL","",DR,"","",CARRBORO,NC,27510,30,FEMALE,CARRBORO,"56TH HOUSE",CARRBORO,"CHAPEL HILL",DEMOCRATIC,WHITE,ACTIVE,"05/02/2006 PRIMARY",5/2/2006
MCINERNEY,"MCINERNEY, MARTIN JOSEPH","106 GARDEN GATE DR","CHAPEL HILL",NC,27516,106,"","GARDEN GATE","",DR,"","","CHAPEL HILL",NC,27516,55,MALE,CARRBORO,"56TH HOUSE","NORTH CARRBORO","CHAPEL HILL",DEMOCRATIC,WHITE,ACTIVE,"05/02/2006 PRIMARY",5/2/2006
MCINTOSH,"MCINTOSH, ELIZABETH FAY","113 CHEEK ST",CARRBORO,NC,27510,113,"",CHEEK,"",ST,"","",CARRBORO,NC,27510,55,FEMALE,CARRBORO,"56TH HOUSE",CARRBORO,"CHAPEL HILL",DEMOCRATIC,WHITE,ACTIVE,"05/02/2006 PRIMARY",5/2/2006
MCKAY,"MCKAY, MARY HEATHER","105 FIDELITY ST   #B14",CARRBORO,NC,27510,105,"",FIDELITY,"",ST,"",B14,CARRBORO,NC,27510,30,FEMALE,CARRBORO,"56TH HOUSE","LIONS CLUB","CHAPEL HILL",DEMOCRATIC,WHITE,ACTIVE,"05/02/2006 PRIMARY",5/2/2006
MCLEAN,"MCLEAN, ELISE MALEFYT","103 YEARGEN PL","CHAPEL HILL",NC,27516,103,"",YEARGEN,"",PL,"","","CHAPEL HILL",NC,27516,48,FEMALE,CARRBORO,"56TH HOUSE","NORTH CARRBORO","CHAPEL HILL",DEMOCRATIC,WHITE,ACTIVE,"05/02/2006 PRIMARY",5/2/2006
MCLENDON,"MCLENDON, ANISSA CAROL","110 ALABAMA AVE",CARRBORO,NC,27510,110,"",ALABAMA,"",AVE,"","",CARRBORO,NC,27510,40,FEMALE,CARRBORO,"56TH HOUSE","LIONS CLUB","CHAPEL HILL",DEMOCRATIC,"BLACK or AFRICAN AMERICAN",ACTIVE,"05/02/2006 PRIMARY",5/2/2006
MCMANNIS,"MCMANNIS, MERIT MALCOLM","114 DAFFODIL LN",CARRBORO,NC,27510,114,"",DAFFODIL,"",LN,"","",CARRBORO,NC,27510,33,MALE,CARRBORO,"56TH HOUSE",OWASA,"CHAPEL HILL",DEMOCRATIC,WHITE,ACTIVE,"05/02/2006 PRIMARY",5/2/2006
MEACHAM,"MEACHAM, PATSY ELIZABETH","404 JONES FERRY RD   #E13",CARRBORO,NC,27510,404,"","JONES FERRY","",RD,"",E13,CARRBORO,NC,27510,61,FEMALE,CARRBORO,"56TH HOUSE","LIONS CLUB","CHAPEL HILL",DEMOCRATIC,WHITE,ACTIVE,"05/02/2006 PRIMARY",5/2/2006
MEATH,"MEATH, LORRAINE FLAHERTY","600 W POPLAR AVE   #228",CARRBORO,NC,27510,600,W,POPLAR,"",AVE,"",228,CARRBORO,NC,27510,84,FEMALE,CARRBORO,"56TH HOUSE","LIONS CLUB","CHAPEL HILL",DEMOCRATIC,WHITE,ACTIVE,"05/02/2006 PRIMARY",5/2/2006
MICHAELS,"MICHAELS, PAULA ANNE","106 HANFORD RD","CHAPEL HILL",NC,27516,106,"",HANFORD,"",RD,"","","CHAPEL HILL",NC,27516,41,FEMALE,CARRBORO,"56TH HOUSE","NORTH CARRBORO","CHAPEL HILL",DEMOCRATIC,WHITE,ACTIVE,"05/02/2006 PRIMARY",5/2/2006
MIDDLETON,"MIDDLETON, MARGARET A","302 WESTBROOK DR",CARRBORO,NC,27510,302,"",WESTBROOK,"",DR,"","",CARRBORO,NC,27510,62,FEMALE,CARRBORO,"56TH HOUSE",OWASA,"CHAPEL HILL",DEMOCRATIC,WHITE,ACTIVE,"05/02/2006 PRIMARY",5/2/2006
MIDDLETON-BECTON,"MIDDLETON-BECTON, BARBARA ANN","100 WILLIAMS ST",CARRBORO,NC,27510,100,"",WILLIAMS,"",ST,"","",CARRBORO,NC,27510,42,FEMALE,CARRBORO,"56TH HOUSE","TOWN HALL","CHAPEL HILL",DEMOCRATIC,"BLACK or AFRICAN AMERICAN",ACTIVE,"05/02/2006 PRIMARY",5/2/2006
MILLER,"MILLER, ANDREA JOAN","111 RED SUNSET PL",CARRBORO,NC,27510,111,"","RED SUNSET","",PL,"","",CARRBORO,NC,27510,64,FEMALE,CARRBORO,"56TH HOUSE","TOWN HALL","CHAPEL HILL",DEMOCRATIC,WHITE,ACTIVE,"05/02/2006 PRIMARY",5/2/2006
MILLER,"MILLER, CARISHA R","108 BERT ST",CARRBORO,NC,27510,108,"",BERT,"",ST,"","",CARRBORO,NC,27510,30,FEMALE,CARRBORO,"56TH HOUSE","LIONS CLUB","CHAPEL HILL",DEMOCRATIC,"BLACK or AFRICAN AMERICAN",ACTIVE,"05/02/2006 PRIMARY",5/2/2006
MILLER,"MILLER, CARMEN ROCHELLE","108 BERT ST",CARRBORO,NC,27510,108,"",BERT,"",ST,"","",CARRBORO,NC,27510,24,FEMALE,CARRBORO,"56TH HOUSE","LIONS CLUB","CHAPEL HILL",DEMOCRATIC,"BLACK or AFRICAN AMERICAN",ACTIVE,"05/02/2006 PRIMARY",5/2/2006
MILLER,"MILLER, JOY EDWARDS","108 BERT ST",CARRBORO,NC,27510,108,"",BERT,"",ST,"","",CARRBORO,NC,27510,54,FEMALE,CARRBORO,"56TH HOUSE","LIONS CLUB","CHAPEL HILL",DEMOCRATIC,"BLACK or AFRICAN AMERICAN",ACTIVE,"05/02/2006 PRIMARY",5/2/2006
MILLER,"MILLER, LARRY ROBERT","1611 CLAYMORE RD","CHAPEL HILL",NC,27516,1611,"",CLAYMORE,"",RD,"","","CHAPEL HILL",NC,27516,48,MALE,CARRBORO,"50TH HOUSE","HOGAN FARMS","CHAPEL HILL",DEMOCRATIC,WHITE,ACTIVE,"05/02/2006 PRIMARY",5/2/2006
MILLER,"MILLER, LUCILLE MARGARET","600 W POPLAR AVE   #218",CARRBORO,NC,27510,600,W,POPLAR,"",AVE,"",218,CARRBORO,NC,27510,87,FEMALE,CARRBORO,"56TH HOUSE","LIONS CLUB","CHAPEL HILL",DEMOCRATIC,WHITE,ACTIVE,"05/02/2006 PRIMARY",5/2/2006
MILLER,"MILLER, MELISSA LOUISE","1611 CLAYMORE RD","CHAPEL HILL",NC,27516,1611,"",CLAYMORE,"",RD,"","","CHAPEL HILL",NC,27516,43,FEMALE,CARRBORO,"50TH HOUSE","HOGAN FARMS","CHAPEL HILL",DEMOCRATIC,WHITE,ACTIVE,"05/02/2006 PRIMARY",5/2/2006
MILLER,"MILLER, NORMAN","111 RED SUNSET PL",CARRBORO,NC,27510,111,"","RED SUNSET","",PL,"","",CARRBORO,NC,27510,68,MALE,CARRBORO,"56TH HOUSE","TOWN HALL","CHAPEL HILL",DEMOCRATIC,WHITE,ACTIVE,"05/02/2006 PRIMARY",5/2/2006
MILLIGAN,"MILLIGAN, STEPHEN ARTHUR","108-C PLEASANT DR",CARRBORO,NC,27510,108,"",PLEASANT,"",DR,"","",CARRBORO,NC,27510,42,MALE,CARRBORO,"56TH HOUSE","TOWN HALL","CHAPEL HILL",DEMOCRATIC,WHITE,ACTIVE,"05/02/2006 PRIMARY",5/2/2006
MILLS,"MILLS, THOMAS MARTIN","1301 N GREENSBORO ST",CARRBORO,NC,27510,1301,N,GREENSBORO,"",ST,"","",CARRBORO,NC,27510,44,MALE,CARRBORO,"56TH HOUSE",CARRBORO,"CHAPEL HILL",DEMOCRATIC,WHITE,ACTIVE,"05/02/2006 PRIMARY",5/2/2006
MINCHEW,"MINCHEW, JANET MARIE","104 ELLSWORTH PL","CHAPEL HILL",NC,27516,104,"",ELLSWORTH,"",PL,"","","CHAPEL HILL",NC,27516,44,FEMALE,CARRBORO,"56TH HOUSE","NORTH CARRBORO","CHAPEL HILL",DEMOCRATIC,WHITE,ACTIVE,"05/02/2006 PRIMARY",5/2/2006
MINE,"MINE, ALICE NEECE","2002 CAMDEN LN","CHAPEL HILL",NC,27516,2002,"",CAMDEN,"",LN,"","","CHAPEL HILL",NC,27516,50,FEMALE,CARRBORO,"50TH HOUSE","HOGAN FARMS","CHAPEL HILL",DEMOCRATIC,WHITE,ACTIVE,"05/02/2006 PRIMARY",5/2/2006
MINOR,"MINOR, KANNIS EUGENE","109 GLOSSON CIR",CARRBORO,NC,27510,109,"",GLOSSON,"",CIR,"","",CARRBORO,NC,27510,63,MALE,CARRBORO,"56TH HOUSE","LIONS CLUB","CHAPEL HILL",DEMOCRATIC,"BLACK or AFRICAN AMERICAN",ACTIVE,"05/02/2006 PRIMARY",5/2/2006
MINTER,"MINTER, DAVID ROGERS","119 PINE ST   #2",CARRBORO,NC,27510,119,"",PINE,"",ST,"",2,CARRBORO,NC,27510,44,MALE,CARRBORO,"56TH HOUSE",CARRBORO,"CHAPEL HILL",DEMOCRATIC,WHITE,ACTIVE,"05/02/2006 PRIMARY",5/2/2006
MIRMAN,"MIRMAN, SHARMIN E","506-9 N GREENSBORO ST",CARRBORO,NC,27510,506,N,GREENSBORO,"",ST,"","",CARRBORO,NC,27510,51,FEMALE,CARRBORO,"56TH HOUSE","TOWN HALL","CHAPEL HILL",DEMOCRATIC,WHITE,ACTIVE,"05/02/2006 PRIMARY",5/2/2006
MISCH,"MISCH, MARGARET SEGUR","109 MULBERRY ST   #A",CARRBORO,NC,27510,109,"",MULBERRY,"",ST,"",A,CARRBORO,NC,27510,77,FEMALE,CARRBORO,"56TH HOUSE","TOWN HALL","CHAPEL HILL",DEMOCRATIC,WHITE,ACTIVE,"05/02/2006 PRIMARY",5/2/2006
MLOT,"MLOT, STEFAN JOHN","115 OLD PITTSBORO RD",CARRBORO,NC,27510,115,"","OLD PITTSBORO","",RD,"","",CARRBORO,NC,27510,24,MALE,CARRBORO,"56TH HOUSE",OWASA,"CHAPEL HILL",DEMOCRATIC,WHITE,ACTIVE,"05/02/2006 PRIMARY",5/2/2006
MOCHEL,"MOCHEL, DANA MILLER","104 LILAC DR",CARRBORO,NC,27510,104,"",LILAC,"",DR,"","",CARRBORO,NC,27510,60,FEMALE,CARRBORO,"56TH HOUSE","LIONS CLUB","CHAPEL HILL",DEMOCRATIC,WHITE,ACTIVE,"05/02/2006 PRIMARY",5/2/2006
MOHLER,"MOHLER, MARIE ANNE","900 HILLSBOROUGH RD   #C","CHAPEL HILL",NC,27516,900,"",HILLSBOROUGH,"",RD,"",C,"CHAPEL HILL",NC,27516,35,FEMALE,CARRBORO,"56TH HOUSE","NORTH CARRBORO","CHAPEL HILL",DEMOCRATIC,WHITE,ACTIVE,"05/02/2006 PRIMARY",5/2/2006
MOLLOY,"MOLLOY, MARGARET E","102 AMBER CT",CARRBORO,NC,27510,102,"",AMBER,"",CT,"","",CARRBORO,NC,27510,45,FEMALE,CARRBORO,"56TH HOUSE","NORTH CARRBORO","CHAPEL HILL",DEMOCRATIC,WHITE,ACTIVE,"05/02/2006 PRIMARY",5/2/2006
MOLYNEUX,"MOLYNEUX, GARTH ECKERT","305 ROBERT HUNT DR",CARRBORO,NC,27510,305,"","ROBERT HUNT","",DR,"","",CARRBORO,NC,27510,48,MALE,CARRBORO,"56TH HOUSE","NORTH CARRBORO","CHAPEL HILL",DEMOCRATIC,WHITE,ACTIVE,"05/02/2006 PRIMARY",5/2/2006
MOLYNEUX,"MOLYNEUX, SALLY E","305 ROBERT HUNT DR",CARRBORO,NC,27510,305,"","ROBERT HUNT","",DR,"","",CARRBORO,NC,27510,57,FEMALE,CARRBORO,"56TH HOUSE","NORTH CARRBORO","CHAPEL HILL",DEMOCRATIC,WHITE,ACTIVE,"05/02/2006 PRIMARY",5/2/2006
MONROE,"MONROE, YVONNE L","404 BOLIN CREEK DR",CARRBORO,NC,27510,404,"","BOLIN CREEK","",DR,"","",CARRBORO,NC,27510,49,FEMALE,CARRBORO,"56TH HOUSE","NORTH CARRBORO","CHAPEL HILL",DEMOCRATIC,WHITE,ACTIVE,"05/02/2006 PRIMARY",5/2/2006
MOODY,"MOODY, AMY","106 GOLDSTON AVE",CARRBORO,NC,27510,106,"",GOLDSTON,"",AVE,"","",CARRBORO,NC,27510,41,FEMALE,CARRBORO,"56TH HOUSE",CARRBORO,"CHAPEL HILL",DEMOCRATIC,WHITE,ACTIVE,"05/02/2006 PRIMARY",5/2/2006
MOORE,"MOORE, JAMES KENNETH","104 WILLIAMS ST",CARRBORO,NC,27510,104,"",WILLIAMS,"",ST,"","",CARRBORO,NC,27510,67,MALE,CARRBORO,"56TH HOUSE","TOWN HALL","CHAPEL HILL",DEMOCRATIC,WHITE,ACTIVE,"05/02/2006 PRIMARY",5/2/2006
MORAN,"MORAN, BERNARD WAYNE","PO BOX 756",CARRBORO,NC,27510,200,"","NC HWY 54","",BYP,"",A-203,CARRBORO,NC,27510,52,MALE,CARRBORO,"56TH HOUSE","LIONS CLUB","CHAPEL HILL",DEMOCRATIC,WHITE,ACTIVE,"05/02/2006 PRIMARY",5/2/2006
MORGAN,"MORGAN, ELLEN KANEKO","105 FIDELITY ST   #8-B",CARRBORO,NC,27510,105,"",FIDELITY,"",ST,"",8-B,CARRBORO,NC,27510,81,FEMALE,CARRBORO,"56TH HOUSE","LIONS CLUB","CHAPEL HILL",DEMOCRATIC,WHITE,ACTIVE,"05/02/2006 PRIMARY",5/2/2006
MORIARTY,"MORIARTY, GAIL ROSCOE","200 RAINBOW DR",CARRBORO,NC,27510,200,"",RAINBOW,"",DR,"","",CARRBORO,NC,27510,58,FEMALE,CARRBORO,"56TH HOUSE",CARRBORO,"CHAPEL HILL",DEMOCRATIC,WHITE,ACTIVE,"05/02/2006 PRIMARY",5/2/2006
MOROVATI,"MOROVATI, ANDREW MAHMOUD","108 WEATHERVANE DR",CARRBORO,NC,27510,108,"",WEATHERVANE,"",DR,"","",CARRBORO,NC,27510,40,MALE,CARRBORO,"56TH HOUSE","TOWN HALL","CHAPEL HILL",DEMOCRATIC,WHITE,ACTIVE,"05/02/2006 PRIMARY",5/2/2006
MORRIS,"MORRIS, EVA GRAY","600 W POPLAR AVE   #336",CARRBORO,NC,27510,600,W,POPLAR,"",AVE,"",336,CARRBORO,NC,27510,71,FEMALE,CARRBORO,"56TH HOUSE","LIONS CLUB","CHAPEL HILL",DEMOCRATIC,"BLACK or AFRICAN AMERICAN",ACTIVE,"05/02/2006 PRIMARY",5/2/2006
MORRIS,"MORRIS, GLENN ALEXANDER JR","PO BOX 421","CHAPEL HILL",NC,27514,306,"","ESTES DRIVE","",EXT,"",P-13,CARRBORO,NC,27510,60,MALE,CARRBORO,"56TH HOUSE","TOWN HALL","CHAPEL HILL",DEMOCRATIC,WHITE,ACTIVE,"05/02/2006 PRIMARY",5/2/2006
MORROW,"MORROW, MARTRINA","109 STARLITE DR",CARRBORO,NC,27510,109,"",STARLITE,"",DR,"","",CARRBORO,NC,27510,68,FEMALE,CARRBORO,"56TH HOUSE","TOWN HALL","CHAPEL HILL",DEMOCRATIC,"BLACK or AFRICAN AMERICAN",ACTIVE,"05/02/2006 PRIMARY",5/2/2006
MORTON,"MORTON, MARK EDWARD","304 AUTUMN DR","CHAPEL HILL",NC,27516,304,"",AUTUMN,"",DR,"","","CHAPEL HILL",NC,27516,44,MALE,CARRBORO,"56TH HOUSE","NORTH CARRBORO","CHAPEL HILL",DEMOCRATIC,WHITE,ACTIVE,"05/02/2006 PRIMARY",5/2/2006
MOTOMURA,"MOTOMURA, HIROSHI","505 WATERSIDE DR",CARRBORO,NC,27510,505,"",WATERSIDE,"",DR,"","",CARRBORO,NC,27510,53,MALE,CARRBORO,"56TH HOUSE","NORTH CARRBORO","CHAPEL HILL",DEMOCRATIC,ASIAN,ACTIVE,"05/02/2006 PRIMARY",5/2/2006
MOYNIHAN,"MOYNIHAN, BRIAN","121 WESTVIEW DR   #49",CARRBORO,NC,27510,121,"",WESTVIEW,"",DR,"",49,CARRBORO,NC,27510,32,MALE,CARRBORO,"56TH HOUSE","LIONS CLUB","CHAPEL HILL",DEMOCRATIC,WHITE,ACTIVE,"05/02/2006 PRIMARY",5/2/2006
MULLER,"MULLER, CHIP","302 SWEET BAY PL",CARRBORO,NC,27510,302,"","SWEET BAY","",PL,"","",CARRBORO,NC,27510,37,MALE,CARRBORO,"56TH HOUSE","TOWN HALL","CHAPEL HILL",DEMOCRATIC,WHITE,ACTIVE,"05/02/2006 PRIMARY",5/2/2006
MULLER,"MULLER, DAYNA SAFRAN","302 SWEET BAY PL",CARRBORO,NC,27510,302,"","SWEET BAY","",PL,"","",CARRBORO,NC,27510,37,FEMALE,CARRBORO,"56TH HOUSE","TOWN HALL","CHAPEL HILL",DEMOCRATIC,WHITE,ACTIVE,"05/02/2006 PRIMARY",5/2/2006
MUNK,"MUNK, TOM E","313 SWEET BAY PL",CARRBORO,NC,27510,313,"","SWEET BAY","",PL,"","",CARRBORO,NC,27510,48,MALE,CARRBORO,"56TH HOUSE","TOWN HALL","CHAPEL HILL",DEMOCRATIC,WHITE,ACTIVE,"05/02/2006 PRIMARY",5/2/2006
MURPHY,"MURPHY, KAREN KRAJCI","113 WEATHERHILL PT",CARRBORO,NC,27510,113,"",WEATHERHILL,"",PT,"","",CARRBORO,NC,27510,58,FEMALE,CARRBORO,"56TH HOUSE",OWASA,"CHAPEL HILL",DEMOCRATIC,WHITE,ACTIVE,"05/02/2006 PRIMARY",5/2/2006
MURPHY,"MURPHY, KATE EILEEN","400 BOLIN CREEK DR",CARRBORO,NC,27510,400,"","BOLIN CREEK","",DR,"","",CARRBORO,NC,27510,28,FEMALE,CARRBORO,"56TH HOUSE","NORTH CARRBORO","CHAPEL HILL",DEMOCRATIC,WHITE,ACTIVE,"05/02/2006 PRIMARY",5/2/2006
MURRELL,"MURRELL, GAYLE YVETTE","118 HANNA ST",CARRBORO,NC,27510,118,"",HANNA,"",ST,"","",CARRBORO,NC,27510,41,FEMALE,CARRBORO,"56TH HOUSE","TOWN HALL","CHAPEL HILL",DEMOCRATIC,"BLACK or AFRICAN AMERICAN",ACTIVE,"05/02/2006 PRIMARY",5/2/2006
MURRELL,"MURRELL, JAMES WEBSTER","110 WILLIAMS ST",CARRBORO,NC,27510,110,"",WILLIAMS,"",ST,"","",CARRBORO,NC,27510,64,MALE,CARRBORO,"56TH HOUSE","TOWN HALL","CHAPEL HILL",DEMOCRATIC,"BLACK or AFRICAN AMERICAN",ACTIVE,"05/02/2006 PRIMARY",5/2/2006
MYERS,"MYERS, SARAH REBEKAH","1104 N GREENSBORO ST   #8",CARRBORO,NC,27510,1104,N,GREENSBORO,"",ST,"",8,CARRBORO,NC,27510,31,FEMALE,CARRBORO,"56TH HOUSE","TOWN HALL","CHAPEL HILL",DEMOCRATIC,WHITE,ACTIVE,"05/02/2006 PRIMARY",5/2/2006
NANCE,"NANCE, LARS FRANKLIN","600 BOLIN CREEK DR",CARRBORO,NC,27510,600,"","BOLIN CREEK","",DR,"","",CARRBORO,NC,27510,52,MALE,CARRBORO,"56TH HOUSE","NORTH CARRBORO","CHAPEL HILL",DEMOCRATIC,WHITE,ACTIVE,"05/02/2006 PRIMARY",5/2/2006
NAVARATNAM,"NAVARATNAM, SRIV","303 TRAMORE DR","CHAPEL HILL",NC,27516,303,"",TRAMORE,"",DR,"","","CHAPEL HILL",NC,27516,47,MALE,CARRBORO,"56TH HOUSE","NORTH CARRBORO","CHAPEL HILL",DEMOCRATIC,ASIAN,ACTIVE,"05/02/2006 PRIMARY",5/2/2006
NEASE,"NEASE, JAMES LEROY","222 OLD FAYETTEVILLE RD   #A103",CARRBORO,NC,27510,222,"","OLD FAYETTEVILLE","",RD,"",A103,CARRBORO,NC,27510,91,MALE,CARRBORO,"56TH HOUSE","LIONS CLUB","CHAPEL HILL",DEMOCRATIC,WHITE,ACTIVE,"05/02/2006 PRIMARY",5/2/2006
NEELY,"NEELY, ALBERTA LOUISE","203 PRINCE ST",CARRBORO,NC,27510,203,"",PRINCE,"",ST,"","",CARRBORO,NC,27510,69,FEMALE,CARRBORO,"56TH HOUSE",OWASA,"CHAPEL HILL",DEMOCRATIC,"BLACK or AFRICAN AMERICAN",ACTIVE,"05/02/2006 PRIMARY",5/2/2006
NEES,"NEES, MONICA ROSE","601 JONES FERRY RD   #F1",CARRBORO,NC,27510,601,"","JONES FERRY","",RD,"",F1,CARRBORO,NC,27510,73,FEMALE,CARRBORO,"56TH HOUSE",OWASA,"CHAPEL HILL",DEMOCRATIC,WHITE,ACTIVE,"05/02/2006 PRIMARY",5/2/2006
NEITZEL,"NEITZEL, JENNIFER","207 WEATHERVANE DR",CARRBORO,NC,27510,207,"",WEATHERVANE,"",DR,"","",CARRBORO,NC,27510,33,FEMALE,CARRBORO,"56TH HOUSE","TOWN HALL","CHAPEL HILL",DEMOCRATIC,WHITE,ACTIVE,"05/02/2006 PRIMARY",5/2/2006
NELSON,"NELSON, MICHAEL REYNOLDS","105 FIDELITY ST   #A22",CARRBORO,NC,27510,105,"",FIDELITY,"",ST,"",A22,CARRBORO,NC,27510,43,MALE,CARRBORO,"56TH HOUSE","LIONS CLUB","CHAPEL HILL",DEMOCRATIC,WHITE,ACTIVE,"05/02/2006 PRIMARY",5/2/2006
NELSON,"NELSON, WAYNE C","202 BARINGTON HILLS RD","CHAPEL HILL",NC,27516,202,"","BARINGTON HILLS","",RD,"","","CHAPEL HILL",NC,27516,55,MALE,CARRBORO,"56TH HOUSE","NORTH CARRBORO","CHAPEL HILL",DEMOCRATIC,WHITE,ACTIVE,"05/02/2006 PRIMARY",5/2/2006
NESTOR,"NESTOR, JOHN JAMES","203 OAK AVE",CARRBORO,NC,27510,203,"",OAK,"",AVE,"","",CARRBORO,NC,27510,50,MALE,CARRBORO,"56TH HOUSE","TOWN HALL","CHAPEL HILL",DEMOCRATIC,WHITE,ACTIVE,"05/02/2006 PRIMARY",5/2/2006
NEVILLE,"NEVILLE, ETHEL L","107 COBB ST",CARRBORO,NC,27510,107,"",COBB,"",ST,"","",CARRBORO,NC,27510,93,FEMALE,CARRBORO,"56TH HOUSE","TOWN HALL","CHAPEL HILL",DEMOCRATIC,"BLACK or AFRICAN AMERICAN",ACTIVE,"05/02/2006 PRIMARY",5/2/2006
NEVILLE,"NEVILLE, JOHN N","802 DAVIE RD",CARRBORO,NC,27510,802,"",DAVIE,"",RD,"","",CARRBORO,NC,27510,70,MALE,CARRBORO,"56TH HOUSE","LIONS CLUB","CHAPEL HILL",DEMOCRATIC,"BLACK or AFRICAN AMERICAN",ACTIVE,"05/02/2006 PRIMARY",5/2/2006
NEWMAN,"NEWMAN, CONSTANCE J","101 OAK ST",CARRBORO,NC,27510,101,"",OAK,"",ST,"","",CARRBORO,NC,27510,55,FEMALE,CARRBORO,"56TH HOUSE",CARRBORO,"CHAPEL HILL",DEMOCRATIC,WHITE,ACTIVE,"05/02/2006 PRIMARY",5/2/2006
NICHAMIN,"NICHAMIN, RONNA WEISS","104 OAK SPRING CT",CARRBORO,NC,27510,104,"","OAK SPRING","",CT,"","",CARRBORO,NC,27510,53,FEMALE,CARRBORO,"54TH HOUSE",DAMASCUS,"CHAPEL HILL",DEMOCRATIC,WHITE,ACTIVE,"05/02/2006 PRIMARY",5/2/2006
NICHAMIN,"NICHAMIN, WILLIAM HOWARD","104 OAK SPRING CT",CARRBORO,NC,27510,104,"","OAK SPRING","",CT,"","",CARRBORO,NC,27510,60,MALE,CARRBORO,"54TH HOUSE",DAMASCUS,"CHAPEL HILL",DEMOCRATIC,WHITE,ACTIVE,"05/02/2006 PRIMARY",5/2/2006
NICHOLSON,"NICHOLSON, MARIANNE WATTS","431 S GREENSBORO ST",CARRBORO,NC,27510,431,S,GREENSBORO,"",ST,"","",CARRBORO,NC,27510,55,FEMALE,CARRBORO,"56TH HOUSE","TOWN HALL","CHAPEL HILL",DEMOCRATIC,WHITE,ACTIVE,"05/02/2006 PRIMARY",5/2/2006
NICHOLSON,"NICHOLSON, MICHAEL ALLEN","431 S GREENSBORO ST",CARRBORO,NC,27510,431,S,GREENSBORO,"",ST,"","",CARRBORO,NC,27510,55,MALE,CARRBORO,"56TH HOUSE","TOWN HALL","CHAPEL HILL",DEMOCRATIC,WHITE,ACTIVE,"05/02/2006 PRIMARY",5/2/2006
NIEDERLAND,"NIEDERLAND, ALICE DORA FIRGAU","103 ELLSWORTH PL","CHAPEL HILL",NC,27516,103,"",ELLSWORTH,"",PL,"","","CHAPEL HILL",NC,27516,44,FEMALE,CARRBORO,"56TH HOUSE","NORTH CARRBORO","CHAPEL HILL",DEMOCRATIC,WHITE,ACTIVE,"05/02/2006 PRIMARY",5/2/2006
NORMAN,"NORMAN, LAURIE JANE","205 W POPLAR AVE",CARRBORO,NC,27510,205,W,POPLAR,"",AVE,"","",CARRBORO,NC,27510,46,FEMALE,CARRBORO,"56TH HOUSE","LIONS CLUB","CHAPEL HILL",DEMOCRATIC,WHITE,ACTIVE,"05/02/2006 PRIMARY",5/2/2006
NORRIS,"NORRIS, JACQUELINE L","105 FIDELITY ST   #A-1",CARRBORO,NC,27510,105,"",FIDELITY,"",ST,"",A-1,CARRBORO,NC,27510,41,FEMALE,CARRBORO,"56TH HOUSE","LIONS CLUB","CHAPEL HILL",DEMOCRATIC,WHITE,ACTIVE,"05/02/2006 PRIMARY",5/2/2006
NORWOOD,"NORWOOD, HARRY JOE","109 TOWNE RIDGE LN","CHAPEL HILL",NC,27516,109,"","TOWNE RIDGE","",LN,"","","CHAPEL HILL",NC,27516,50,MALE,CARRBORO,"50TH HOUSE","HOGAN FARMS","CHAPEL HILL",DEMOCRATIC,WHITE,ACTIVE,"05/02/2006 PRIMARY",5/2/2006
NOUR,"NOUR, MARTYVONNE MORTON","2006 WHITMORE CIR","CHAPEL HILL",NC,27516,2006,"",WHITMORE,"",CIR,"","","CHAPEL HILL",NC,27516,55,FEMALE,CARRBORO,"50TH HOUSE","HOGAN FARMS","CHAPEL HILL",DEMOCRATIC,WHITE,ACTIVE,"05/02/2006 PRIMARY",5/2/2006
ODALY,"O DALY, JOHN PATRICK","112 JASMINE CT",CARRBORO,NC,27510,112,"",JASMINE,"",CT,"","",CARRBORO,NC,27510,46,MALE,CARRBORO,"56TH HOUSE","NORTH CARRBORO","CHAPEL HILL",DEMOCRATIC,WHITE,ACTIVE,"05/02/2006 PRIMARY",5/2/2006
OHALE,"O HALE, ANN MARIE","100 MILLROCK CT",CARRBORO,NC,27510,100,"",MILLROCK,"",CT,"","",CARRBORO,NC,27510,54,FEMALE,CARRBORO,"56TH HOUSE","NORTH CARRBORO","CHAPEL HILL",DEMOCRATIC,WHITE,ACTIVE,"05/02/2006 PRIMARY",5/2/2006
OMELIA,"O MELIA, MARY M","109 GOLDSTON DR",CARRBORO,NC,27510,109,"",GOLDSTON,"",DR,"","",CARRBORO,NC,27510,47,FEMALE,CARRBORO,"56TH HOUSE",CARRBORO,"CHAPEL HILL",DEMOCRATIC,WHITE,ACTIVE,"05/02/2006 PRIMARY",5/2/2006
OBRIEN,"OBRIEN, JANET MARY","100 CULBRETH RD   #D","CHAPEL HILL",NC,27516,100,"",CULBRETH,"",RD,"",D,"CHAPEL HILL",NC,27516,77,FEMALE,CARRBORO,"54TH HOUSE",DAMASCUS,"CHAPEL HILL",DEMOCRATIC,WHITE,ACTIVE,"05/02/2006 PRIMARY",5/2/2006
OBRIEN,"OBRIEN, KELLEY TERESA","104 KEITH RD",CARRBORO,NC,27510,104,"",KEITH,"",RD,"","",CARRBORO,NC,27510,30,FEMALE,CARRBORO,"56TH HOUSE","LIONS CLUB","CHAPEL HILL",DEMOCRATIC,WHITE,ACTIVE,"05/02/2006 PRIMARY",5/2/2006
OFFEN,"OFFEN, CAROL","219 COBBLESTONE DR","CHAPEL HILL",NC,27516,219,"",COBBLESTONE,"",DR,"","","CHAPEL HILL",NC,27516,59,FEMALE,CARRBORO,"56TH HOUSE","NORTH CARRBORO","CHAPEL HILL",DEMOCRATIC,WHITE,ACTIVE,"05/02/2006 PRIMARY",5/2/2006
OFFEN,"OFFEN, NEIL H","219 COBBLESTONE DR","CHAPEL HILL",NC,27516,219,"",COBBLESTONE,"",DR,"","","CHAPEL HILL",NC,27516,61,MALE,CARRBORO,"56TH HOUSE","NORTH CARRBORO","CHAPEL HILL",DEMOCRATIC,WHITE,ACTIVE,"05/02/2006 PRIMARY",5/2/2006
OGLESBY,"OGLESBY, LISA DALE","501 JONES FERRY RD   #D7",CARRBORO,NC,27510,501,"","JONES FERRY","",RD,"",D7,CARRBORO,NC,27510,53,FEMALE,CARRBORO,"56TH HOUSE",OWASA,"CHAPEL HILL",DEMOCRATIC,"BLACK or AFRICAN AMERICAN",ACTIVE,"05/02/2006 PRIMARY",5/2/2006
OHARE,"OHARE, EMILY","309 BOLIN FOREST DR",CARRBORO,NC,27510,309,"","BOLIN FOREST","",DR,"","",CARRBORO,NC,27510,60,FEMALE,CARRBORO,"56TH HOUSE","NORTH CARRBORO","CHAPEL HILL",DEMOCRATIC,WHITE,ACTIVE,"05/02/2006 PRIMARY",5/2/2006
OHARE-GRIFFITH,"OHARE-GRIFFITH, KIMBERLY ELIZABETH","303 HOGAN WOODS CIR","CHAPEL HILL",NC,27516,303,"","HOGAN WOODS","",CIR,"","","CHAPEL HILL",NC,27516,41,FEMALE,CARRBORO,"50TH HOUSE","HOGAN FARMS","CHAPEL HILL",DEMOCRATIC,WHITE,ACTIVE,"05/02/2006 PRIMARY",5/2/2006
OKUN,"OKUN, MELVA FAGER","108 HIGH ST",CARRBORO,NC,27510,108,"",HIGH,"",ST,"","",CARRBORO,NC,27510,60,FEMALE,CARRBORO,"56TH HOUSE",CARRBORO,"CHAPEL HILL",DEMOCRATIC,WHITE,ACTIVE,"05/02/2006 PRIMARY",5/2/2006
OKUN,"OKUN, MICHAEL GRIFFIN","302 RAINBOW DR",CARRBORO,NC,27510,302,"",RAINBOW,"",DR,"","",CARRBORO,NC,27510,59,MALE,CARRBORO,"56TH HOUSE",CARRBORO,"CHAPEL HILL",DEMOCRATIC,WHITE,ACTIVE,"05/02/2006 PRIMARY",5/2/2006
OLIVIER,"OLIVIER, ANNA M","300 BLUERIDGE RD",CARRBORO,NC,27510,300,"",BLUERIDGE,"",RD,"","",CARRBORO,NC,27510,25,FEMALE,CARRBORO,"56TH HOUSE","NORTH CARRBORO","CHAPEL HILL",DEMOCRATIC,WHITE,ACTIVE,"05/02/2006 PRIMARY",5/2/2006
OLKIN,"OLKIN, VIVIAN L","1609 SKYE DR","CHAPEL HILL",NC,27516,1609,"",SKYE,"",DR,"","","CHAPEL HILL",NC,27516,56,FEMALE,CARRBORO,"50TH HOUSE","HOGAN FARMS","CHAPEL HILL",DEMOCRATIC,WHITE,ACTIVE,"05/02/2006 PRIMARY",5/2/2006
ONTJES,"ONTJES, SHERRI R","212 W MAIN ST",CARRBORO,NC,27510,105,"",FIDELITY,"",ST,"",B40,CARRBORO,NC,27510,69,FEMALE,CARRBORO,"56TH HOUSE","LIONS CLUB","CHAPEL HILL",DEMOCRATIC,WHITE,ACTIVE,"05/02/2006 PRIMARY",5/2/2006
OPPEWAL,"OPPEWAL, SONDA MAYE","105 HOGAN RIDGE CT","CHAPEL HILL",NC,27516,105,"","HOGAN RIDGE","",CT,"","","CHAPEL HILL",NC,27516,49,FEMALE,CARRBORO,"50TH HOUSE","HOGAN FARMS","CHAPEL HILL",DEMOCRATIC,WHITE,ACTIVE,"05/02/2006 PRIMARY",5/2/2006
ORDRONNEAU,"ORDRONNEAU, NOREEN DEPIES","209 MORNINGSIDE DR",CARRBORO,NC,27510,209,"",MORNINGSIDE,"",DR,"","",CARRBORO,NC,27510,60,FEMALE,CARRBORO,"56TH HOUSE","NORTH CARRBORO","CHAPEL HILL",DEMOCRATIC,WHITE,ACTIVE,"05/02/2006 PRIMARY",5/2/2006
ORENSTEIN,"ORENSTEIN, RAPHAEL S","103 BUCKEYE LN","CHAPEL HILL",NC,27516,103,"",BUCKEYE,"",LN,"","","CHAPEL HILL",NC,27516,41,MALE,CARRBORO,"56TH HOUSE","NORTH CARRBORO","CHAPEL HILL",DEMOCRATIC,WHITE,ACTIVE,"05/02/2006 PRIMARY",5/2/2006
ORENSTEIN,"ORENSTEIN, SUSAN W","103 BUCKEYE LN","CHAPEL HILL",NC,27516,103,"",BUCKEYE,"",LN,"","","CHAPEL HILL",NC,27516,42,FEMALE,CARRBORO,"56TH HOUSE","NORTH CARRBORO","CHAPEL HILL",DEMOCRATIC,WHITE,ACTIVE,"05/02/2006 PRIMARY",5/2/2006
OSTERWEIL,"OSTERWEIL, MICHAL","105 W CARR ST   #C",CARRBORO,NC,27510,105,W,CARR,"",ST,"",C,CARRBORO,NC,27510,28,FEMALE,CARRBORO,"56TH HOUSE",OWASA,"CHAPEL HILL",DEMOCRATIC,WHITE,ACTIVE,"05/02/2006 PRIMARY",5/2/2006
OTTO,"OTTO, DAVID ALLEN","1533 PATHWAY DR",CARRBORO,NC,27510,1533,"",PATHWAY,"",DR,"","",CARRBORO,NC,27510,66,MALE,CARRBORO,"56TH HOUSE","NORTH CARRBORO","CHAPEL HILL",DEMOCRATIC,WHITE,ACTIVE,"05/02/2006 PRIMARY",5/2/2006
OTTO,"OTTO, PRISCILLA ANN GILBERT","1533 PATHWAY DR",CARRBORO,NC,27510,1533,"",PATHWAY,"",DR,"","",CARRBORO,NC,27510,61,FEMALE,CARRBORO,"56TH HOUSE","NORTH CARRBORO","CHAPEL HILL",DEMOCRATIC,WHITE,ACTIVE,"05/02/2006 PRIMARY",5/2/2006
OVERTON,"OVERTON, JACQUELINE ELAINE","501 JONES FERRY RD   #DD-8",CARRBORO,NC,27510,501,"","JONES FERRY","",RD,"",DD-8,CARRBORO,NC,27510,50,FEMALE,CARRBORO,"56TH HOUSE",OWASA,"CHAPEL HILL",DEMOCRATIC,"BLACK or AFRICAN AMERICAN",ACTIVE,"05/02/2006 PRIMARY",5/2/2006
PADGETT,"PADGETT, PENELOPE JEANNE","404 MANOR RIDGE DR",CARRBORO,NC,27510,404,"","MANOR RIDGE","",DR,"","",CARRBORO,NC,27510,55,FEMALE,CARRBORO,"54TH HOUSE",DAMASCUS,"CHAPEL HILL",DEMOCRATIC,WHITE,ACTIVE,"05/02/2006 PRIMARY",5/2/2006
PALMER,"PALMER, ABRAHAM DALE","121 CIRCADIAN WAY","CHAPEL HILL",NC,27516,121,"",CIRCADIAN,"",WAY,"","","CHAPEL HILL",NC,27516,36,MALE,CARRBORO,"56TH HOUSE","NORTH CARRBORO","CHAPEL HILL",DEMOCRATIC,WHITE,ACTIVE,"05/02/2006 PRIMARY",5/2/2006
PALMER,"PALMER, CRISTOBAL MIGUEL","601 JONES FERRY RD   #C6",CARRBORO,NC,27510,601,"","JONES FERRY","",RD,"",C6,CARRBORO,NC,27510,23,MALE,CARRBORO,"56TH HOUSE",OWASA,"CHAPEL HILL",DEMOCRATIC,WHITE,ACTIVE,"05/02/2006 PRIMARY",5/2/2006
PANJWANI,"PANJWANI, UZMA R","503 N GREENSBORO ST   #E",CARRBORO,NC,27510,503,N,GREENSBORO,"",ST,"",E,CARRBORO,NC,27510,21,FEMALE,CARRBORO,"56TH HOUSE",CARRBORO,"CHAPEL HILL",DEMOCRATIC,ASIAN,ACTIVE,"05/02/2006 PRIMARY",5/2/2006
PARDINGTON,"PARDINGTON, CARLEY W","307 OAK AVE",CARRBORO,NC,27510,307,"",OAK,"",AVE,"","",CARRBORO,NC,27510,80,FEMALE,CARRBORO,"56TH HOUSE","TOWN HALL","CHAPEL HILL",DEMOCRATIC,WHITE,ACTIVE,"05/02/2006 PRIMARY",5/2/2006
PARKER,"PARKER, CAREN TRUBEY","205 PURPLE LEAF PL",CARRBORO,NC,27510,205,"","PURPLE LEAF","",PL,"","",CARRBORO,NC,27510,33,FEMALE,CARRBORO,"56TH HOUSE","TOWN HALL","CHAPEL HILL",DEMOCRATIC,WHITE,ACTIVE,"05/02/2006 PRIMARY",5/2/2006
PARKER,"PARKER, GLADYS M","305 LINDSAY ST",CARRBORO,NC,27510,305,"",LINDSAY,"",ST,"","",CARRBORO,NC,27510,70,FEMALE,CARRBORO,"56TH HOUSE",CARRBORO,"CHAPEL HILL",DEMOCRATIC,WHITE,ACTIVE,"05/02/2006 PRIMARY",5/2/2006
PARKER,"PARKER, JEFFERSON DOUGLAS","205 PURPLE LEAF PL",CARRBORO,NC,27510,205,"","PURPLE LEAF","",PL,"","",CARRBORO,NC,27510,33,MALE,CARRBORO,"56TH HOUSE","TOWN HALL","CHAPEL HILL",DEMOCRATIC,WHITE,ACTIVE,"05/02/2006 PRIMARY",5/2/2006
PARKER,"PARKER, ROBERT C","305 LINDSAY ST",CARRBORO,NC,27510,305,"",LINDSAY,"",ST,"","",CARRBORO,NC,27510,71,MALE,CARRBORO,"56TH HOUSE",CARRBORO,"CHAPEL HILL",DEMOCRATIC,WHITE,ACTIVE,"05/02/2006 PRIMARY",5/2/2006
PARKS,"PARKS, KRISTIN DAVIS","205 WATERSIDE DR",CARRBORO,NC,27510,205,"",WATERSIDE,"",DR,"","",CARRBORO,NC,27510,38,FEMALE,CARRBORO,"56TH HOUSE","NORTH CARRBORO","CHAPEL HILL",DEMOCRATIC,WHITE,ACTIVE,"05/02/2006 PRIMARY",5/2/2006
PARRISH,"PARRISH, JOE L","412 LLOYD ST",CARRBORO,NC,27510,412,"",LLOYD,"",ST,"","",CARRBORO,NC,27510,71,MALE,CARRBORO,"56TH HOUSE","TOWN HALL","CHAPEL HILL",DEMOCRATIC,"BLACK or AFRICAN AMERICAN",ACTIVE,"05/02/2006 PRIMARY",5/2/2006
PATTERSON,"PATTERSON, DEBRA RAE","237 SWEET BAY PL",CARRBORO,NC,27510,237,"","SWEET BAY","",PL,"","",CARRBORO,NC,27510,55,FEMALE,CARRBORO,"56TH HOUSE","TOWN HALL","CHAPEL HILL",DEMOCRATIC,WHITE,ACTIVE,"05/02/2006 PRIMARY",5/2/2006
PATTERSON,"PATTERSON, ERNEST FINNEY JR","237 SWEET BAY PL",CARRBORO,NC,27510,237,"","SWEET BAY","",PL,"","",CARRBORO,NC,27510,60,MALE,CARRBORO,"56TH HOUSE","TOWN HALL","CHAPEL HILL",DEMOCRATIC,UNDESIGNATED,ACTIVE,"05/02/2006 PRIMARY",5/2/2006
PATTERSON,"PATTERSON, LUCILE ANN","810 OLD FAYETTEVILLE RD   #36","CHAPEL HILL",NC,27516,810,"","OLD FAYETTEVILLE","",RD,"",36,"CHAPEL HILL",NC,27516,48,FEMALE,CARRBORO,"56TH HOUSE",CARRBORO,"CHAPEL HILL",DEMOCRATIC,"BLACK or AFRICAN AMERICAN",ACTIVE,"05/02/2006 PRIMARY",5/2/2006
PATTISHALL,"PATTISHALL, EDWARD NOLAN","8403 STERLING BRIDGE RD","CHAPEL HILL",NC,27516,8403,"","STERLING BRIDGE","",RD,"","","CHAPEL HILL",NC,27516,52,MALE,CARRBORO,"50TH HOUSE","HOGAN FARMS","CHAPEL HILL",DEMOCRATIC,WHITE,ACTIVE,"05/02/2006 PRIMARY",5/2/2006
PATTISHALL,"PATTISHALL, NANCY ANN","8403 STERLING BRIDGE RD","CHAPEL HILL",NC,27516,8403,"","STERLING BRIDGE","",RD,"","","CHAPEL HILL",NC,27516,53,FEMALE,CARRBORO,"50TH HOUSE","HOGAN FARMS","CHAPEL HILL",DEMOCRATIC,WHITE,ACTIVE,"05/02/2006 PRIMARY",5/2/2006
PAUL,"PAUL, MAX","103 CULBRETH RD   #314","CHAPEL HILL",NC,27516,103,"",CULBRETH,"",RD,"",314,"CHAPEL HILL",NC,27516,87,MALE,CARRBORO,"54TH HOUSE",DAMASCUS,"CHAPEL HILL",DEMOCRATIC,WHITE,ACTIVE,"05/02/2006 PRIMARY",5/2/2006
PAYNE,"PAYNE, SUSAN REGINA JR","8407 INVERNESS WAY","CHAPEL HILL",NC,27516,8407,"",INVERNESS,"",WAY,"","","CHAPEL HILL",NC,27516,41,FEMALE,CARRBORO,"50TH HOUSE","HOGAN FARMS","CHAPEL HILL",DEMOCRATIC,WHITE,ACTIVE,"05/02/2006 PRIMARY",5/2/2006
PCOLAR,"PCOLAR, DAVID","1215 HILLSBOROUGH RD","CHAPEL HILL",NC,27516,1215,"",HILLSBOROUGH,"",RD,"","","CHAPEL HILL",NC,27516,48,MALE,CARRBORO,"56TH HOUSE",CARRBORO,"CHAPEL HILL",DEMOCRATIC,WHITE,ACTIVE,"05/02/2006 PRIMARY",5/2/2006
PECK,"PECK, KATHRYN MELISSA","302 E POPLAR AVE",CARRBORO,NC,27510,302,E,POPLAR,"",AVE,"","",CARRBORO,NC,27510,41,FEMALE,CARRBORO,"56TH HOUSE","TOWN HALL","CHAPEL HILL",DEMOCRATIC,WHITE,ACTIVE,"05/02/2006 PRIMARY",5/2/2006
PECK,"PECK, STEPHEN DARWIN","8124 N HOUND CT","CHAPEL HILL",NC,27516,8124,N,HOUND,"",CT,"","","CHAPEL HILL",NC,27516,56,MALE,CARRBORO,"50TH HOUSE","HOGAN FARMS","CHAPEL HILL",DEMOCRATIC,WHITE,ACTIVE,"05/02/2006 PRIMARY",5/2/2006
PECK,"PECK, TIMOTHY BAINTON","112 ELM ST",CARRBORO,NC,27510,112,"",ELM,"",ST,"","",CARRBORO,NC,27510,52,MALE,CARRBORO,"56TH HOUSE","TOWN HALL","CHAPEL HILL",DEMOCRATIC,WHITE,ACTIVE,"05/02/2006 PRIMARY",5/2/2006
PEDERSEN,"PEDERSEN, CORT ANDREW","8318 LOCH LAVEN LN","CHAPEL HILL",NC,27516,8318,"","LOCH LAVEN","",LN,"","","CHAPEL HILL",NC,27516,57,MALE,CARRBORO,"50TH HOUSE","HOGAN FARMS","CHAPEL HILL",DEMOCRATIC,WHITE,ACTIVE,"05/02/2006 PRIMARY",5/2/2006
PEDERSEN,"PEDERSEN, ELIZABETH ROSE","8318 LOCH LAVEN LN","CHAPEL HILL",NC,27516,8318,"","LOCH LAVEN","",LN,"","","CHAPEL HILL",NC,27516,50,FEMALE,CARRBORO,"50TH HOUSE","HOGAN FARMS","CHAPEL HILL",DEMOCRATIC,WHITE,ACTIVE,"05/02/2006 PRIMARY",5/2/2006
PEHA,"PEHA, STEVEN JOHN","314 BOLIN FOREST DR",CARRBORO,NC,27510,314,"","BOLIN FOREST","",DR,"","",CARRBORO,NC,27510,44,MALE,CARRBORO,"56TH HOUSE","NORTH CARRBORO","CHAPEL HILL",DEMOCRATIC,WHITE,ACTIVE,"05/02/2006 PRIMARY",5/2/2006
PENDERGRAPH,"PENDERGRAPH, GLADYS THOMPSON","120 S MERRITT MILL RD","CHAPEL HILL",NC,27516,120,S,"MERRITT MILL","",RD,"","","CHAPEL HILL",NC,27516,63,FEMALE,CARRBORO,"56TH HOUSE","TOWN HALL","CHAPEL HILL",DEMOCRATIC,"BLACK or AFRICAN AMERICAN",ACTIVE,"05/02/2006 PRIMARY",5/2/2006
PENDERGRASS,"PENDERGRASS, CARRIE JANE","401 LINDSAY ST",CARRBORO,NC,27510,401,"",LINDSAY,"",ST,"","",CARRBORO,NC,27510,61,FEMALE,CARRBORO,"56TH HOUSE",CARRBORO,"CHAPEL HILL",DEMOCRATIC,WHITE,ACTIVE,"05/02/2006 PRIMARY",5/2/2006
PENDERGRASS,"PENDERGRASS, CONSTANCE H","309 BOLIN CREEK DR",CARRBORO,NC,27510,309,"","BOLIN CREEK","",DR,"","",CARRBORO,NC,27510,56,FEMALE,CARRBORO,"56TH HOUSE","NORTH CARRBORO","CHAPEL HILL",DEMOCRATIC,WHITE,ACTIVE,"05/02/2006 PRIMARY",5/2/2006
PENDERGRASS,"PENDERGRASS, DONALD STEELE","309 BOLIN CREEK DR",CARRBORO,NC,27510,309,"","BOLIN CREEK","",DR,"","",CARRBORO,NC,27510,59,MALE,CARRBORO,"56TH HOUSE","NORTH CARRBORO","CHAPEL HILL",DEMOCRATIC,WHITE,ACTIVE,"05/02/2006 PRIMARY",5/2/2006
PENDERGRASS,"PENDERGRASS, HATHAWAY STEELE","309 BOLIN CREEK DR",CARRBORO,NC,27510,309,"","BOLIN CREEK","",DR,"","",CARRBORO,NC,27510,23,MALE,CARRBORO,"56TH HOUSE","NORTH CARRBORO","CHAPEL HILL",DEMOCRATIC,WHITE,ACTIVE,"05/02/2006 PRIMARY",5/2/2006
PENDERGRASS,"PENDERGRASS, RAYMOND E","509 HILLSBOROUGH RD",CARRBORO,NC,27510,509,"",HILLSBOROUGH,"",RD,"","",CARRBORO,NC,27510,73,MALE,CARRBORO,"56TH HOUSE",CARRBORO,"CHAPEL HILL",DEMOCRATIC,WHITE,ACTIVE,"05/02/2006 PRIMARY",5/2/2006
PENTA,"PENTA, FRANK BENJAMIN","101 PAINTED TURTLE LN","CHAPEL HILL",NC,27516,101,"","PAINTED TURTLE","",LN,"","","CHAPEL HILL",NC,27516,66,MALE,CARRBORO,"50TH HOUSE","HOGAN FARMS","CHAPEL HILL",DEMOCRATIC,WHITE,ACTIVE,"05/02/2006 PRIMARY",5/2/2006
PENTA,"PENTA, MARY QUINN","101 PAINTED TURTLE LN","CHAPEL HILL",NC,27516,101,"","PAINTED TURTLE","",LN,"","","CHAPEL HILL",NC,27516,65,FEMALE,CARRBORO,"50TH HOUSE","HOGAN FARMS","CHAPEL HILL",DEMOCRATIC,WHITE,ACTIVE,"05/02/2006 PRIMARY",5/2/2006
PERES-DA-SILVA,"PERES-DA-SILVA, ANIL","803 MANOR RIDGE DR",CARRBORO,NC,27510,803,"","MANOR RIDGE","",DR,"","",CARRBORO,NC,27510,45,MALE,CARRBORO,"54TH HOUSE",DAMASCUS,"CHAPEL HILL",DEMOCRATIC,OTHER,ACTIVE,"05/02/2006 PRIMARY",5/2/2006
PERES-DA-SILVA,"PERES-DA-SILVA, MARY PATRICIA","803 MANOR RIDGE DR",CARRBORO,NC,27510,803,"","MANOR RIDGE","",DR,"","",CARRBORO,NC,27510,43,FEMALE,CARRBORO,"54TH HOUSE",DAMASCUS,"CHAPEL HILL",DEMOCRATIC,OTHER,ACTIVE,"05/02/2006 PRIMARY",5/2/2006
PEREZ,"PEREZ, LYDIA MARILLA","401 ROSSBURN WAY","CHAPEL HILL",NC,27516,401,"",ROSSBURN,"",WAY,"","","CHAPEL HILL",NC,27516,43,FEMALE,CARRBORO,"54TH HOUSE",DAMASCUS,"CHAPEL HILL",DEMOCRATIC,WHITE,ACTIVE,"05/02/2006 PRIMARY",5/2/2006
PERRY,"PERRY, CARL DAVID","407 ROBERT HUNT DR",CARRBORO,NC,27510,407,"","ROBERT HUNT","",DR,"","",CARRBORO,NC,27510,59,MALE,CARRBORO,"56TH HOUSE","NORTH CARRBORO","CHAPEL HILL",DEMOCRATIC,WHITE,ACTIVE,"05/02/2006 PRIMARY",5/2/2006
PERRY,"PERRY, ELIZABETH ELLEN","119 FIDELITY ST   #A-5",CARRBORO,NC,27510,119,"",FIDELITY,"",ST,"",A-5,CARRBORO,NC,27510,49,FEMALE,CARRBORO,"56TH HOUSE","LIONS CLUB","CHAPEL HILL",DEMOCRATIC,WHITE,ACTIVE,"05/02/2006 PRIMARY",5/2/2006
PERRY,"PERRY, HEIDI CHRISTINE","407 ROBERT HUNT DR",CARRBORO,NC,27510,407,"","ROBERT HUNT","",DR,"","",CARRBORO,NC,27510,51,FEMALE,CARRBORO,"56TH HOUSE","NORTH CARRBORO","CHAPEL HILL",DEMOCRATIC,WHITE,ACTIVE,"05/02/2006 PRIMARY",5/2/2006
PERRY,"PERRY, RICHARD LEE","1548 PATHWAY DR",CARRBORO,NC,27510,1548,"",PATHWAY,"",DR,"","",CARRBORO,NC,27510,59,MALE,CARRBORO,"56TH HOUSE","NORTH CARRBORO","CHAPEL HILL",DEMOCRATIC,OTHER,ACTIVE,"05/02/2006 PRIMARY",5/2/2006
PETIT,"PETIT, JOAN ARSENE","102 OAK ST",CARRBORO,NC,27510,102,"",OAK,"",ST,"","",CARRBORO,NC,27510,34,FEMALE,CARRBORO,"56TH HOUSE",CARRBORO,"CHAPEL HILL",DEMOCRATIC,WHITE,ACTIVE,"05/02/2006 PRIMARY",5/2/2006
PHAM,"PHAM, HUONG THI","105 FIDELITY ST   #B-25",CARRBORO,NC,27510,105,"",FIDELITY,"",ST,"",B-25,CARRBORO,NC,27510,43,FEMALE,CARRBORO,"56TH HOUSE","LIONS CLUB","CHAPEL HILL",DEMOCRATIC,OTHER,ACTIVE,"05/02/2006 PRIMARY",5/2/2006
PHILLIPPI,"PHILLIPPI, STEPHANIE S","101 DOVE ST",CARRBORO,NC,27510,101,"",DOVE,"",ST,"","",CARRBORO,NC,27510,50,FEMALE,CARRBORO,"56TH HOUSE",CARRBORO,"CHAPEL HILL",DEMOCRATIC,WHITE,ACTIVE,"05/02/2006 PRIMARY",5/2/2006
PHILLIPS,"PHILLIPS, JAMES DICKSON III","128 CREEKVIEW CIR",CARRBORO,NC,27510,128,"",CREEKVIEW,"",CIR,"","",CARRBORO,NC,27510,52,MALE,CARRBORO,"56TH HOUSE","NORTH CARRBORO","CHAPEL HILL",DEMOCRATIC,WHITE,ACTIVE,"05/02/2006 PRIMARY",5/2/2006
PHILLIPS,"PHILLIPS, LISA FROST","128 CREEKVIEW CIR",CARRBORO,NC,27510,128,"",CREEKVIEW,"",CIR,"","",CARRBORO,NC,27510,39,FEMALE,CARRBORO,"56TH HOUSE","NORTH CARRBORO","CHAPEL HILL",DEMOCRATIC,WHITE,ACTIVE,"05/02/2006 PRIMARY",5/2/2006
PIERSON,"PIERSON, REBECCA ANNE","441 OLD PITTSBORO RD   #C",CARRBORO,NC,27510,441,"","OLD PITTSBORO","",RD,"",C,CARRBORO,NC,27510,25,FEMALE,CARRBORO,"56TH HOUSE",OWASA,"CHAPEL HILL",DEMOCRATIC,WHITE,ACTIVE,"05/02/2006 PRIMARY",5/2/2006
PIERSON,"PIERSON, STEPHANIE ALLEN","8319 LOCH LAVEN LN","CHAPEL HILL",NC,27516,8319,"","LOCH LAVEN","",LN,"","","CHAPEL HILL",NC,27516,52,FEMALE,CARRBORO,"50TH HOUSE","HOGAN FARMS","CHAPEL HILL",DEMOCRATIC,WHITE,ACTIVE,"05/02/2006 PRIMARY",5/2/2006
PIERSON,"PIERSON, SUE LINDA","119 ESTES DRIVE EXT",CARRBORO,NC,27510,119,"","ESTES DRIVE","",EXT,"","",CARRBORO,NC,27510,59,FEMALE,CARRBORO,"56TH HOUSE","TOWN HALL","CHAPEL HILL",DEMOCRATIC,WHITE,ACTIVE,"05/02/2006 PRIMARY",5/2/2006
POE,"POE, JOHN ROBERT JR","606 MANOR RIDGE DR",CARRBORO,NC,27510,606,"","MANOR RIDGE","",DR,"","",CARRBORO,NC,27510,64,MALE,CARRBORO,"54TH HOUSE",DAMASCUS,"CHAPEL HILL",DEMOCRATIC,WHITE,ACTIVE,"05/02/2006 PRIMARY",5/2/2006
POE,"POE, TIMOTHY ROSS","104 AMBER CT",CARRBORO,NC,27510,104,"",AMBER,"",CT,"","",CARRBORO,NC,27510,44,MALE,CARRBORO,"56TH HOUSE","NORTH CARRBORO","CHAPEL HILL",DEMOCRATIC,WHITE,ACTIVE,"05/02/2006 PRIMARY",5/2/2006
POHLMAN,"POHLMAN, CRAIG","207 WEATHERVANE DR",CARRBORO,NC,27510,207,"",WEATHERVANE,"",DR,"","",CARRBORO,NC,27510,40,MALE,CARRBORO,"56TH HOUSE","TOWN HALL","CHAPEL HILL",DEMOCRATIC,WHITE,ACTIVE,"05/02/2006 PRIMARY",5/2/2006
POLLARD,"POLLARD, LYNWOOD EARL","601 JONES FERRY RD   #L-8",CARRBORO,NC,27510,601,"","JONES FERRY","",RD,"",L-8,CARRBORO,NC,27510,83,MALE,CARRBORO,"56TH HOUSE",OWASA,"CHAPEL HILL",DEMOCRATIC,WHITE,ACTIVE,"05/02/2006 PRIMARY",5/2/2006
POLLARD,"POLLARD, MARY SMITH","601-L8 JONES FERRY RD",CARRBORO,NC,27510,601,"","JONES FERRY","",RD,"",L8,CARRBORO,NC,27510,83,FEMALE,CARRBORO,"56TH HOUSE",OWASA,"CHAPEL HILL",DEMOCRATIC,WHITE,ACTIVE,"05/02/2006 PRIMARY",5/2/2006
POPKIN,"POPKIN, MAURICE BENJAMIN","208 STRATFORD DR","CHAPEL HILL",NC,27516,208,"",STRATFORD,"",DR,"","","CHAPEL HILL",NC,27516,40,MALE,CARRBORO,"56TH HOUSE","NORTH CARRBORO","CHAPEL HILL",DEMOCRATIC,WHITE,ACTIVE,"05/02/2006 PRIMARY",5/2/2006
PORTER,"PORTER, GREGORY LEWIS","102 PHIPPS ST",CARRBORO,NC,27510,102,"",PHIPPS,"",ST,"","",CARRBORO,NC,27510,45,MALE,CARRBORO,"56TH HOUSE",CARRBORO,"CHAPEL HILL",DEMOCRATIC,WHITE,ACTIVE,"05/02/2006 PRIMARY",5/2/2006
PORTO,"PORTO, JAMES VINCENT JR","107 WATTERS RD",CARRBORO,NC,27510,107,"",WATTERS,"",RD,"","",CARRBORO,NC,27510,60,MALE,CARRBORO,"56TH HOUSE","TOWN HALL","CHAPEL HILL",DEMOCRATIC,WHITE,ACTIVE,"05/02/2006 PRIMARY",5/2/2006
POTEAT,"POTEAT, ARCHIE E","600 W POPLAR AVE   #130",CARRBORO,NC,27510,600,W,POPLAR,"",AVE,"",130,CARRBORO,NC,27510,60,MALE,CARRBORO,"56TH HOUSE","LIONS CLUB","CHAPEL HILL",DEMOCRATIC,UNDESIGNATED,ACTIVE,"05/02/2006 PRIMARY",5/2/2006
POTEAT,"POTEAT, LUCILLE THOMPSON","600 W POPLAR AVE   #130",CARRBORO,NC,27510,600,W,POPLAR,"",AVE,"",130,CARRBORO,NC,27510,71,FEMALE,CARRBORO,"56TH HOUSE","LIONS CLUB","CHAPEL HILL",DEMOCRATIC,"BLACK or AFRICAN AMERICAN",ACTIVE,"05/02/2006 PRIMARY",5/2/2006
POTEETE,"POTEETE, SARAH","307 W POPLAR AVE",CARRBORO,NC,27510,307,W,POPLAR,"",AVE,"","",CARRBORO,NC,27510,29,FEMALE,CARRBORO,"56TH HOUSE","LIONS CLUB","CHAPEL HILL",DEMOCRATIC,WHITE,ACTIVE,"05/02/2006 PRIMARY",5/2/2006
POWELL,"POWELL, DARCI ANN","100 ROCKY PT",CARRBORO,NC,27510,100,"",ROCKY,"",PT,"","",CARRBORO,NC,27510,27,FEMALE,CARRBORO,"56TH HOUSE",CARRBORO,"CHAPEL HILL",DEMOCRATIC,WHITE,ACTIVE,"05/02/2006 PRIMARY",5/2/2006
POWELL,"POWELL, MARY BETH","103 ABERDEEN CT",CARRBORO,NC,27510,103,"",ABERDEEN,"",CT,"","",CARRBORO,NC,27510,50,FEMALE,CARRBORO,"56TH HOUSE","NORTH CARRBORO","CHAPEL HILL",DEMOCRATIC,WHITE,ACTIVE,"05/02/2006 PRIMARY",5/2/2006
POWERS,"POWERS, CLARA ESTELLE","109 COLSON ST   #B",CARRBORO,NC,27510,109,"",COLSON,"",ST,"",B,CARRBORO,NC,27510,51,FEMALE,CARRBORO,"56TH HOUSE","LIONS CLUB","CHAPEL HILL",DEMOCRATIC,"BLACK or AFRICAN AMERICAN",ACTIVE,"05/02/2006 PRIMARY",5/2/2006
POWERS,"POWERS, LINDA L","8318 BURNS PL","CHAPEL HILL",NC,27516,8318,"",BURNS,"",PL,"","","CHAPEL HILL",NC,27516,46,FEMALE,CARRBORO,"50TH HOUSE","HOGAN FARMS","CHAPEL HILL",DEMOCRATIC,WHITE,ACTIVE,"05/02/2006 PRIMARY",5/2/2006
PRABUCKI,"PRABUCKI, BERNARD ADAM","400 DAVIE RD   #7",CARRBORO,NC,27510,400,"",DAVIE,"",RD,"",7,CARRBORO,NC,27510,45,MALE,CARRBORO,"56TH HOUSE","LIONS CLUB","CHAPEL HILL",DEMOCRATIC,WHITE,ACTIVE,"05/02/2006 PRIMARY",5/2/2006
PRICE,"PRICE, CAREY BARBARA","104 BLACKWOOD DR",CARRBORO,NC,27510,104,"",BLACKWOOD,"",DR,"","",CARRBORO,NC,27510,38,FEMALE,CARRBORO,"56TH HOUSE","LIONS CLUB","CHAPEL HILL",DEMOCRATIC,WHITE,ACTIVE,"05/02/2006 PRIMARY",5/2/2006
PRICE,"PRICE, MITCHELL JUDSON","409 OAK AVE",CARRBORO,NC,27510,409,"",OAK,"",AVE,"","",CARRBORO,NC,27510,41,MALE,CARRBORO,"56TH HOUSE",CARRBORO,"CHAPEL HILL",DEMOCRATIC,WHITE,ACTIVE,"05/02/2006 PRIMARY",5/2/2006
PRIOR,"PRIOR, MIA JOHANNE","1548 PATHWAY DR",CARRBORO,NC,27510,1548,"",PATHWAY,"",DR,"","",CARRBORO,NC,27510,53,FEMALE,CARRBORO,"56TH HOUSE","NORTH CARRBORO","CHAPEL HILL",DEMOCRATIC,WHITE,ACTIVE,"05/02/2006 PRIMARY",5/2/2006
PUDIK,"PUDIK, LINDA MARIE","1006 STAFFIELD LN","CHAPEL HILL",NC,27516,1006,"",STAFFIELD,"",LN,"","","CHAPEL HILL",NC,27516,45,FEMALE,CARRBORO,"50TH HOUSE","HOGAN FARMS","CHAPEL HILL",DEMOCRATIC,WHITE,ACTIVE,"05/02/2006 PRIMARY",5/2/2006
PULVER,"PULVER, ROBIN A G","109 HANFORD RD","CHAPEL HILL",NC,27516,109,"",HANFORD,"",RD,"","","CHAPEL HILL",NC,27516,107,FEMALE,CARRBORO,"56TH HOUSE","NORTH CARRBORO","CHAPEL HILL",DEMOCRATIC,OTHER,ACTIVE,"05/02/2006 PRIMARY",5/2/2006
PUREFOY,"PUREFOY, RASHII ROSLYN","7731 ROGERS RD","CHAPEL HILL",NC,27516,7731,"",ROGERS,"",RD,"","","CHAPEL HILL",NC,27516,63,FEMALE,CARRBORO,"50TH HOUSE","HOGAN FARMS","CHAPEL HILL",DEMOCRATIC,"BLACK or AFRICAN AMERICAN",ACTIVE,"05/02/2006 PRIMARY",5/2/2006
PYEATT,"PYEATT, NICHOLAS LAFAYETTE","101 ROCK HAVEN RD   #F-603",CARRBORO,NC,27510,101,"","ROCK HAVEN","",RD,"",F-603,CARRBORO,NC,27510,29,MALE,CARRBORO,"54TH HOUSE",DAMASCUS,"CHAPEL HILL",DEMOCRATIC,WHITE,ACTIVE,"05/02/2006 PRIMARY",5/2/2006
PYEATT,"PYEATT, TRISTA JUNE WOODUL","101 ROCK HAVEN RD   #F603",CARRBORO,NC,27510,101,"","ROCK HAVEN","",RD,"",F603,CARRBORO,NC,27510,31,FEMALE,CARRBORO,"54TH HOUSE",DAMASCUS,"CHAPEL HILL",DEMOCRATIC,WHITE,ACTIVE,"05/02/2006 PRIMARY",5/2/2006
RAASCH,"RAASCH, RALPH HUGO","211 MORNINGSIDE DR",CARRBORO,NC,27510,211,"",MORNINGSIDE,"",DR,"","",CARRBORO,NC,27510,57,MALE,CARRBORO,"56TH HOUSE","NORTH CARRBORO","CHAPEL HILL",DEMOCRATIC,WHITE,ACTIVE,"05/02/2006 PRIMARY",5/2/2006
RABINOWITZ,"RABINOWITZ, JAMES ROBERT","1510 HOMESTEAD RD","CHAPEL HILL",NC,27516,1510,"",HOMESTEAD,"",RD,"","","CHAPEL HILL",NC,27516,65,MALE,CARRBORO,"50TH HOUSE","HOGAN FARMS","CHAPEL HILL",DEMOCRATIC,WHITE,ACTIVE,"05/02/2006 PRIMARY",5/2/2006
RABINOWITZ,"RABINOWITZ, MARY FRANCES","611 HILLSBOROUGH RD",CARRBORO,NC,27510,611,"",HILLSBOROUGH,"",RD,"","",CARRBORO,NC,27510,47,FEMALE,CARRBORO,"56TH HOUSE",CARRBORO,"CHAPEL HILL",DEMOCRATIC,WHITE,ACTIVE,"05/02/2006 PRIMARY",5/2/2006
RAFFERTY,"RAFFERTY, BRUCE F","111-B LINDSAY ST",CARRBORO,NC,27510,111,"",LINDSAY,"",ST,"","",CARRBORO,NC,27510,59,MALE,CARRBORO,"56TH HOUSE","TOWN HALL","CHAPEL HILL",DEMOCRATIC,WHITE,ACTIVE,"05/02/2006 PRIMARY",5/2/2006
RAGLAND,"RAGLAND, ANN BRINSON","246 SWEET BAY PL",CARRBORO,NC,27510,246,"","SWEET BAY","",PL,"","",CARRBORO,NC,27510,43,FEMALE,CARRBORO,"56TH HOUSE","TOWN HALL","CHAPEL HILL",DEMOCRATIC,WHITE,ACTIVE,"05/02/2006 PRIMARY",5/2/2006
RANDALL,"RANDALL, AILEEN GOODWIN","103 W POPLAR AVE   #EXT",CARRBORO,NC,27510,103,W,POPLAR,"",AVE,"",EXT,CARRBORO,NC,27510,62,FEMALE,CARRBORO,"56TH HOUSE","LIONS CLUB","CHAPEL HILL",DEMOCRATIC,WHITE,ACTIVE,"05/02/2006 PRIMARY",5/2/2006
RANDOLPH,"RANDOLPH, GREG D","1905 PATHWAY DR","CHAPEL HILL",NC,27516,1905,"",PATHWAY,"",DR,"","","CHAPEL HILL",NC,27516,44,MALE,CARRBORO,"56TH HOUSE","NORTH CARRBORO","CHAPEL HILL",DEMOCRATIC,WHITE,ACTIVE,"05/02/2006 PRIMARY",5/2/2006
RANEY,"RANEY, JULIAN HINES","600 W POPLAR AVE   #125",CARRBORO,NC,27510,600,W,POPLAR,"",AVE,"",125,CARRBORO,NC,27510,91,MALE,CARRBORO,"56TH HOUSE","LIONS CLUB","CHAPEL HILL",DEMOCRATIC,WHITE,ACTIVE,"05/02/2006 PRIMARY",5/2/2006
RANGEO,"RANGEO, RHONDA","113 OAK ST",CARRBORO,NC,27510,113,"",OAK,"",ST,"","",CARRBORO,NC,27510,57,FEMALE,CARRBORO,"56TH HOUSE",CARRBORO,"CHAPEL HILL",DEMOCRATIC,WHITE,ACTIVE,"05/02/2006 PRIMARY",5/2/2006
RAPPORT,"RAPPORT, ADI STEINFELD","601 JONES FERRY RD   #L5",CARRBORO,NC,27510,601,"","JONES FERRY","",RD,"",L5,CARRBORO,NC,27510,60,FEMALE,CARRBORO,"56TH HOUSE",OWASA,"CHAPEL HILL",DEMOCRATIC,WHITE,ACTIVE,"05/02/2006 PRIMARY",5/2/2006
RASH,"RASH, TERESA L","100 KAY ST",CARRBORO,NC,27510,100,"",KAY,"",ST,"","",CARRBORO,NC,27510,59,FEMALE,CARRBORO,"56TH HOUSE","LIONS CLUB","CHAPEL HILL",DEMOCRATIC,WHITE,ACTIVE,"05/02/2006 PRIMARY",5/2/2006
REDD,"REDD, VIVIAN MICHELLE","501 NC HWY 54 BYP   #E-5",CARRBORO,NC,27510,501,"","NC HWY 54","",BYP,"",E-5,CARRBORO,NC,27510,27,FEMALE,CARRBORO,"56TH HOUSE",OWASA,"CHAPEL HILL",DEMOCRATIC,"BLACK or AFRICAN AMERICAN",ACTIVE,"05/02/2006 PRIMARY",5/2/2006
REDFOOT,"REDFOOT, KENNETH EUGENE","111 BAY VIEW DR","CHAPEL HILL",NC,27516,111,"","BAY VIEW","",DR,"","","CHAPEL HILL",NC,27516,51,MALE,CARRBORO,"50TH HOUSE","HOGAN FARMS","CHAPEL HILL",DEMOCRATIC,WHITE,ACTIVE,"05/02/2006 PRIMARY",5/2/2006
REHM,"REHM, WILLIAM JOSEPH","410 WATERSIDE DR",CARRBORO,NC,27510,410,"",WATERSIDE,"",DR,"","",CARRBORO,NC,27510,44,MALE,CARRBORO,"56TH HOUSE","NORTH CARRBORO","CHAPEL HILL",DEMOCRATIC,WHITE,ACTIVE,"05/02/2006 PRIMARY",5/2/2006
REICH,"REICH, NORAH B","2103 PATHWAY DR","CHAPEL HILL",NC,27516,2103,"",PATHWAY,"",DR,"","","CHAPEL HILL",NC,27516,71,FEMALE,CARRBORO,"56TH HOUSE","NORTH CARRBORO","CHAPEL HILL",DEMOCRATIC,WHITE,ACTIVE,"05/02/2006 PRIMARY",5/2/2006
REICH,"REICH, RAYMOND STANLEY","600 W POPLAR AVE #137",CARRBORO,NC,27510,600,W,POPLAR,"",AVE,"",137,CARRBORO,NC,27510,85,MALE,CARRBORO,"56TH HOUSE","LIONS CLUB","CHAPEL HILL",DEMOCRATIC,WHITE,ACTIVE,"05/02/2006 PRIMARY",5/2/2006
REID,"REID, LABRON MARCIA","400 DAVIE RD   #19",CARRBORO,NC,27510,400,"",DAVIE,"",RD,"",19,CARRBORO,NC,27510,44,MALE,CARRBORO,"56TH HOUSE","LIONS CLUB","CHAPEL HILL",DEMOCRATIC,"BLACK or AFRICAN AMERICAN",ACTIVE,"05/02/2006 PRIMARY",5/2/2006
REYNOLDS,"REYNOLDS, LEONARD D JR","109 STRATFORD DR","CHAPEL HILL",NC,27516,109,"",STRATFORD,"",DR,"","","CHAPEL HILL",NC,27516,54,MALE,CARRBORO,"56TH HOUSE","NORTH CARRBORO","CHAPEL HILL",DEMOCRATIC,WHITE,ACTIVE,"05/02/2006 PRIMARY",5/2/2006
RICHARDS,"RICHARDS, RUDOLPH","506 N GREENSBORO ST   #9",CARRBORO,NC,27510,506,N,GREENSBORO,"",ST,"",9,CARRBORO,NC,27510,57,MALE,CARRBORO,"56TH HOUSE","TOWN HALL","CHAPEL HILL",DEMOCRATIC,"BLACK or AFRICAN AMERICAN",ACTIVE,"05/02/2006 PRIMARY",5/2/2006
RICHARDSON,"RICHARDSON, KATHERINE JAUDON","122 SHADOW RIDGE PL","CHAPEL HILL",NC,27516,122,"","SHADOW RIDGE","",PL,"","","CHAPEL HILL",NC,27516,35,FEMALE,CARRBORO,"50TH HOUSE","HOGAN FARMS","CHAPEL HILL",DEMOCRATIC,WHITE,ACTIVE,"05/02/2006 PRIMARY",5/2/2006
RICHTER,"RICHTER, DAVID PAUL","1613 SKYE DR","CHAPEL HILL",NC,27516,1613,"",SKYE,"",DR,"","","CHAPEL HILL",NC,27516,61,MALE,CARRBORO,"50TH HOUSE","HOGAN FARMS","CHAPEL HILL",DEMOCRATIC,WHITE,ACTIVE,"05/02/2006 PRIMARY",5/2/2006
RICHTER,"RICHTER, ROSE ANN","1613 SKYE DR","CHAPEL HILL",NC,27516,1613,"",SKYE,"",DR,"","","CHAPEL HILL",NC,27516,66,FEMALE,CARRBORO,"50TH HOUSE","HOGAN FARMS","CHAPEL HILL",DEMOCRATIC,"BLACK or AFRICAN AMERICAN",ACTIVE,"05/02/2006 PRIMARY",5/2/2006
RIDGE,"RIDGE, MICHELLE A","108 STRATFORD DR","CHAPEL HILL",NC,27516,108,"",STRATFORD,"",DR,"","","CHAPEL HILL",NC,27516,53,FEMALE,CARRBORO,"56TH HOUSE","NORTH CARRBORO","CHAPEL HILL",DEMOCRATIC,WHITE,ACTIVE,"05/02/2006 PRIMARY",5/2/2006
RIGDON,"RIGDON, DEBORAH ANN","114 WATTERS RD",CARRBORO,NC,27510,114,"",WATTERS,"",RD,"","",CARRBORO,NC,27510,51,FEMALE,CARRBORO,"56TH HOUSE","TOWN HALL","CHAPEL HILL",DEMOCRATIC,WHITE,ACTIVE,"05/02/2006 PRIMARY",5/2/2006
RIGDON,"RIGDON, JOSEPH BRADFORD","114 WATTERS RD",CARRBORO,NC,27510,114,"",WATTERS,"",RD,"","",CARRBORO,NC,27510,52,MALE,CARRBORO,"56TH HOUSE","TOWN HALL","CHAPEL HILL",DEMOCRATIC,WHITE,ACTIVE,"05/02/2006 PRIMARY",5/2/2006
RIGGSBEE,"RIGGSBEE, SHERMAN LEE","201 NC HWY 54 BYP   #309",CARRBORO,NC,27510,201,"","NC HWY 54","",BYP,"",309,CARRBORO,NC,27510,61,MALE,CARRBORO,"56TH HOUSE","LIONS CLUB","CHAPEL HILL",DEMOCRATIC,"BLACK or AFRICAN AMERICAN",ACTIVE,"05/02/2006 PRIMARY",5/2/2006
RINTOUL,"RINTOUL, JOHN WILLIAM","608 BOLIN CREEK DR",CARRBORO,NC,27510,608,"","BOLIN CREEK","",DR,"","",CARRBORO,NC,27510,55,MALE,CARRBORO,"56TH HOUSE","NORTH CARRBORO","CHAPEL HILL",DEMOCRATIC,WHITE,ACTIVE,"05/02/2006 PRIMARY",5/2/2006
RISING,"RISING, CYNTHIA ANNE","131 LANTERN WAY",CARRBORO,NC,27510,131,"",LANTERN,"",WAY,"","",CARRBORO,NC,27510,52,FEMALE,CARRBORO,"56TH HOUSE",OWASA,"CHAPEL HILL",DEMOCRATIC,WHITE,ACTIVE,"05/02/2006 PRIMARY",5/2/2006
RIVEST,"RIVEST, MICHELE","100 OAK AVE",CARRBORO,NC,27510,100,"",OAK,"",AVE,"","",CARRBORO,NC,27510,54,FEMALE,CARRBORO,"56TH HOUSE","TOWN HALL","CHAPEL HILL",DEMOCRATIC,WHITE,ACTIVE,"05/02/2006 PRIMARY",5/2/2006
ROACH,"ROACH, CHARLES WILLIAM","508 N GREENSBORO ST",CARRBORO,NC,27510,508,N,GREENSBORO,"",ST,"","",CARRBORO,NC,27510,54,MALE,CARRBORO,"56TH HOUSE","TOWN HALL","CHAPEL HILL",DEMOCRATIC,WHITE,ACTIVE,"05/02/2006 PRIMARY",5/2/2006
ROACH,"ROACH, MARY SUE WHITFORD","508 N GREENSBORO ST",CARRBORO,NC,27510,508,N,GREENSBORO,"",ST,"","",CARRBORO,NC,27510,53,FEMALE,CARRBORO,"56TH HOUSE","TOWN HALL","CHAPEL HILL",DEMOCRATIC,WHITE,ACTIVE,"05/02/2006 PRIMARY",5/2/2006
ROBINSON,"ROBINSON, CHRISTOPHER S","202 ALABAMA AVE",CARRBORO,NC,27510,202,"",ALABAMA,"",AVE,"","",CARRBORO,NC,27510,52,MALE,CARRBORO,"56TH HOUSE","LIONS CLUB","CHAPEL HILL",DEMOCRATIC,"BLACK or AFRICAN AMERICAN",ACTIVE,"05/02/2006 PRIMARY",5/2/2006
ROBINSON,"ROBINSON, JUDY ALDEN","202 ALABAMA AVE",CARRBORO,NC,27510,202,"",ALABAMA,"",AVE,"","",CARRBORO,NC,27510,52,FEMALE,CARRBORO,"56TH HOUSE","LIONS CLUB","CHAPEL HILL",DEMOCRATIC,"BLACK or AFRICAN AMERICAN",ACTIVE,"05/02/2006 PRIMARY",5/2/2006
RODEMEIR,"RODEMEIR, SUSAN JANE","309C SHELTON ST",CARRBORO,NC,27510,309,"",SHELTON,"",ST,"","",CARRBORO,NC,27510,60,FEMALE,CARRBORO,"56TH HOUSE","TOWN HALL","CHAPEL HILL",DEMOCRATIC,WHITE,ACTIVE,"05/02/2006 PRIMARY",5/2/2006
RODRIGUEZ,"RODRIGUEZ, ROBERT NEAL","216 STRATFORD DR","CHAPEL HILL",NC,27516,216,"",STRATFORD,"",DR,"","","CHAPEL HILL",NC,27516,56,MALE,CARRBORO,"56TH HOUSE","NORTH CARRBORO","CHAPEL HILL",DEMOCRATIC,WHITE,ACTIVE,"05/02/2006 PRIMARY",5/2/2006
RODRIGUEZ,"RODRIGUEZ, SANDRA JUNE","216 STRATFORD DR","CHAPEL HILL",NC,27516,216,"",STRATFORD,"",DR,"","","CHAPEL HILL",NC,27516,57,FEMALE,CARRBORO,"56TH HOUSE","NORTH CARRBORO","CHAPEL HILL",DEMOCRATIC,WHITE,ACTIVE,"05/02/2006 PRIMARY",5/2/2006
ROGERS,"ROGERS, DWIGHT LAING III","111A OLD PITTSBORO RD",CARRBORO,NC,27510,111,"","OLD PITTSBORO","",RD,"","",CARRBORO,NC,27510,59,MALE,CARRBORO,"56TH HOUSE",OWASA,"CHAPEL HILL",DEMOCRATIC,WHITE,ACTIVE,"05/02/2006 PRIMARY",5/2/2006
ROGERS,"ROGERS, JENNIFER F","103 KEITH RD",CARRBORO,NC,27510,103,"",KEITH,"",RD,"","",CARRBORO,NC,27510,27,FEMALE,CARRBORO,"56TH HOUSE","LIONS CLUB","CHAPEL HILL",DEMOCRATIC,WHITE,ACTIVE,"05/02/2006 PRIMARY",5/2/2006
ROGERS,"ROGERS, RHONDA T","101 ELLSWORTH PL","CHAPEL HILL",NC,27516,101,"",ELLSWORTH,"",PL,"","","CHAPEL HILL",NC,27516,55,FEMALE,CARRBORO,"56TH HOUSE","NORTH CARRBORO","CHAPEL HILL",DEMOCRATIC,WHITE,ACTIVE,"05/02/2006 PRIMARY",5/2/2006
ROGGENKAMP,"ROGGENKAMP, KATHERINE JANE","127 CIRCADIAN WAY","CHAPEL HILL",NC,27516,127,"",CIRCADIAN,"",WAY,"","","CHAPEL HILL",NC,27516,52,FEMALE,CARRBORO,"56TH HOUSE","NORTH CARRBORO","CHAPEL HILL",DEMOCRATIC,WHITE,ACTIVE,"05/02/2006 PRIMARY",5/2/2006
ROHWEDER,"ROHWEDER, CATHERINE LOIS","109 RIVERBIRCH PT",CARRBORO,NC,27510,109,"",RIVERBIRCH,"",PT,"","",CARRBORO,NC,27510,41,FEMALE,CARRBORO,"56TH HOUSE",OWASA,"CHAPEL HILL",DEMOCRATIC,WHITE,ACTIVE,"05/02/2006 PRIMARY",5/2/2006
ROIG,"ROIG, MICHAEL WILLIAM","100 HILLSBOROUGH RD",CARRBORO,NC,27510,100,"",HILLSBOROUGH,"",RD,"","",CARRBORO,NC,27510,51,MALE,CARRBORO,"56TH HOUSE","TOWN HALL","CHAPEL HILL",DEMOCRATIC,WHITE,ACTIVE,"05/02/2006 PRIMARY",5/2/2006
ROOKS,"ROOKS, DAVID M III","109 WINSOME LN","CHAPEL HILL",NC,27516,109,"",WINSOME,"",LN,"","","CHAPEL HILL",NC,27516,57,MALE,CARRBORO,"56TH HOUSE",CARRBORO,"CHAPEL HILL",DEMOCRATIC,WHITE,ACTIVE,"05/02/2006 PRIMARY",5/2/2006
ROSE,"ROSE, KATHRYN MARIE","206 QUAIL ROOST DR",CARRBORO,NC,27510,206,"","QUAIL ROOST","",DR,"","",CARRBORO,NC,27510,49,FEMALE,CARRBORO,"56TH HOUSE",CARRBORO,"CHAPEL HILL",DEMOCRATIC,WHITE,ACTIVE,"05/02/2006 PRIMARY",5/2/2006
ROSE,"ROSE, STEVEN JEFFREY","113 HANNA ST",CARRBORO,NC,27510,113,"",HANNA,"",ST,"","",CARRBORO,NC,27510,64,MALE,CARRBORO,"56TH HOUSE","TOWN HALL","CHAPEL HILL",DEMOCRATIC,WHITE,ACTIVE,"05/02/2006 PRIMARY",5/2/2006
ROSEN,"ROSEN, RICHARD ALAN","305 ROCKGARDEN DR","CHAPEL HILL",NC,27516,305,"",ROCKGARDEN,"",DR,"","","CHAPEL HILL",NC,27516,60,MALE,CARRBORO,"56TH HOUSE","NORTH CARRBORO","CHAPEL HILL",DEMOCRATIC,WHITE,ACTIVE,"05/02/2006 PRIMARY",5/2/2006
ROSS,"ROSS, TIMOTHY ANDREW","102 LYNN DR",CARRBORO,NC,27510,102,"",LYNN,"",DR,"","",CARRBORO,NC,27510,33,MALE,CARRBORO,"56TH HOUSE","LIONS CLUB","CHAPEL HILL",DEMOCRATIC,WHITE,ACTIVE,"05/02/2006 PRIMARY",5/2/2006
ROSSIE,"ROSSIE, KAREN MARY","410 WATERSIDE DR",CARRBORO,NC,27510,410,"",WATERSIDE,"",DR,"","",CARRBORO,NC,27510,52,FEMALE,CARRBORO,"56TH HOUSE","NORTH CARRBORO","CHAPEL HILL",DEMOCRATIC,WHITE,ACTIVE,"05/02/2006 PRIMARY",5/2/2006
ROTHWELL,"ROTHWELL, DIANE Z","101 WYNDHAM DR","CHAPEL HILL",NC,27516,101,"",WYNDHAM,"",DR,"","","CHAPEL HILL",NC,27516,47,FEMALE,CARRBORO,"56TH HOUSE","NORTH CARRBORO","CHAPEL HILL",DEMOCRATIC,WHITE,ACTIVE,"05/02/2006 PRIMARY",5/2/2006
ROWAN,"ROWAN, MARIA POPLIN","200 OLEANDER RD",CARRBORO,NC,27510,200,"",OLEANDER,"",RD,"","",CARRBORO,NC,27510,38,FEMALE,CARRBORO,"56TH HOUSE","LIONS CLUB","CHAPEL HILL",DEMOCRATIC,WHITE,ACTIVE,"05/02/2006 PRIMARY",5/2/2006
ROYAL,"ROYAL, MYRA LOVELLE","101 NC HWY 54 BYP   #N-6",CARRBORO,NC,27510,101,"","NC HWY 54","",BYP,"",N-6,CARRBORO,NC,27510,35,FEMALE,CARRBORO,"56TH HOUSE","LIONS CLUB","CHAPEL HILL",DEMOCRATIC,"BLACK or AFRICAN AMERICAN",ACTIVE,"05/02/2006 PRIMARY",5/2/2006
RUDIN,"RUDIN, RONALD JAY","106 MILTON DR   #B",CARRBORO,NC,27510,106,"",MILTON,"",DR,"",B,CARRBORO,NC,27510,60,MALE,CARRBORO,"56TH HOUSE",CARRBORO,"CHAPEL HILL",DEMOCRATIC,WHITE,ACTIVE,"05/02/2006 PRIMARY",5/2/2006
RUDO,"RUDO, JEAN HOYLE","1005 BRENDAN CT","CHAPEL HILL",NC,27516,1005,"",BRENDAN,"",CT,"","","CHAPEL HILL",NC,27516,48,FEMALE,CARRBORO,"50TH HOUSE","HOGAN FARMS","CHAPEL HILL",DEMOCRATIC,WHITE,ACTIVE,"05/02/2006 PRIMARY",5/2/2006
RUDO,"RUDO, KENNETH MARK","1005 BRENDAN CT","CHAPEL HILL",NC,27516,1005,"",BRENDAN,"",CT,"","","CHAPEL HILL",NC,27516,51,MALE,CARRBORO,"50TH HOUSE","HOGAN FARMS","CHAPEL HILL",DEMOCRATIC,WHITE,ACTIVE,"05/02/2006 PRIMARY",5/2/2006
RUIZ,"RUIZ, ANN ELIZABETH","401 ROSSBURN WAY","CHAPEL HILL",NC,27516,401,"",ROSSBURN,"",WAY,"","","CHAPEL HILL",NC,27516,42,FEMALE,CARRBORO,"54TH HOUSE",DAMASCUS,"CHAPEL HILL",DEMOCRATIC,WHITE,ACTIVE,"05/02/2006 PRIMARY",5/2/2006
RUSHING,"RUSHING, ELIZABETH R","600 W POPLAR AVE #107",CARRBORO,NC,27510,600,W,POPLAR,"",AVE,"",107,CARRBORO,NC,27510,73,FEMALE,CARRBORO,"56TH HOUSE","LIONS CLUB","CHAPEL HILL",DEMOCRATIC,"BLACK or AFRICAN AMERICAN",ACTIVE,"05/02/2006 PRIMARY",5/2/2006
RUSSELL,"RUSSELL, MICHAEL CHARLES","120 CAROL ST",CARRBORO,NC,27510,120,"",CAROL,"",ST,"","",CARRBORO,NC,27510,58,MALE,CARRBORO,"56TH HOUSE",CARRBORO,"CHAPEL HILL",DEMOCRATIC,WHITE,ACTIVE,"05/02/2006 PRIMARY",5/2/2006
RYAN,"RYAN, KATRINA SEIN STOUGHTON","1609 CLAYMORE RD","CHAPEL HILL",NC,27516,1609,"",CLAYMORE,"",RD,"","","CHAPEL HILL",NC,27516,40,FEMALE,CARRBORO,"50TH HOUSE","HOGAN FARMS","CHAPEL HILL",DEMOCRATIC,WHITE,ACTIVE,"05/02/2006 PRIMARY",5/2/2006
RYAN,"RYAN, RANDOLPH W","1609 CLAYMORE RD","CHAPEL HILL",NC,27516,1609,"",CLAYMORE,"",RD,"","","CHAPEL HILL",NC,27516,60,MALE,CARRBORO,"50TH HOUSE","HOGAN FARMS","CHAPEL HILL",DEMOCRATIC,WHITE,ACTIVE,"05/02/2006 PRIMARY",5/2/2006
SAAREMAA,"SAAREMAA, LINDA","612 N GREENSBORO ST",CARRBORO,NC,27510,612,N,GREENSBORO,"",ST,"","",CARRBORO,NC,27510,55,FEMALE,CARRBORO,"56TH HOUSE","TOWN HALL","CHAPEL HILL",DEMOCRATIC,WHITE,ACTIVE,"05/02/2006 PRIMARY",5/2/2006
SADLER,"SADLER, JAMES CHARLES JR","102 WATTERS RD",CARRBORO,NC,27510,102,"",WATTERS,"",RD,"","",CARRBORO,NC,27510,58,MALE,CARRBORO,"56TH HOUSE","TOWN HALL","CHAPEL HILL",DEMOCRATIC,WHITE,ACTIVE,"05/02/2006 PRIMARY",5/2/2006
SAFFIE,"SAFFIE, COURTNEY ALEXIS","108 JUNIPER CT",CARRBORO,NC,27510,108,"",JUNIPER,"",CT,"","",CARRBORO,NC,27510,19,FEMALE,CARRBORO,"54TH HOUSE",DAMASCUS,"CHAPEL HILL",DEMOCRATIC,WHITE,ACTIVE,"05/02/2006 PRIMARY",5/2/2006
SAFRANSKY,"SAFRANSKY, NORMA FRANCES","130 CIRCADIAN WAY","CHAPEL HILL",NC,27516,130,"",CIRCADIAN,"",WAY,"","","CHAPEL HILL",NC,27516,52,FEMALE,CARRBORO,"56TH HOUSE","NORTH CARRBORO","CHAPEL HILL",DEMOCRATIC,WHITE,ACTIVE,"05/02/2006 PRIMARY",5/2/2006
SALLY,"SALLY, ROSEMARIE","204 WILD OAK LN",CARRBORO,NC,27510,204,"","WILD OAK","",LN,"","",CARRBORO,NC,27510,60,FEMALE,CARRBORO,"56TH HOUSE","NORTH CARRBORO","CHAPEL HILL",DEMOCRATIC,WHITE,ACTIVE,"05/02/2006 PRIMARY",5/2/2006
SAMMOND,"SAMMOND, DEANNE WALLANDER","205 WEATHERVANE DR",CARRBORO,NC,27510,205,"",WEATHERVANE,"",DR,"","",CARRBORO,NC,27510,34,FEMALE,CARRBORO,"56TH HOUSE","TOWN HALL","CHAPEL HILL",DEMOCRATIC,WHITE,ACTIVE,"05/02/2006 PRIMARY",5/2/2006
SAMMOND,"SAMMOND, DOUGLAS MCCORD","205 WEATHERVANE DR",CARRBORO,NC,27510,205,"",WEATHERVANE,"",DR,"","",CARRBORO,NC,27510,43,MALE,CARRBORO,"56TH HOUSE","TOWN HALL","CHAPEL HILL",DEMOCRATIC,WHITE,ACTIVE,"05/02/2006 PRIMARY",5/2/2006
SANDERS,"SANDERS, RICKY LENIER","501 NC HWY 54 BYP   #P7",CARRBORO,NC,27510,501,"","NC HWY 54","",BYP,"",P7,CARRBORO,NC,27510,40,MALE,CARRBORO,"56TH HOUSE",OWASA,"CHAPEL HILL",DEMOCRATIC,"BLACK or AFRICAN AMERICAN",ACTIVE,"05/02/2006 PRIMARY",5/2/2006
SANDLER,"SANDLER, SARAH GLASS","600 W POPLAR AVE   #251",CARRBORO,NC,27510,600,W,POPLAR,"",AVE,"",251,CARRBORO,NC,27510,70,FEMALE,CARRBORO,"56TH HOUSE","LIONS CLUB","CHAPEL HILL",DEMOCRATIC,WHITE,ACTIVE,"05/02/2006 PRIMARY",5/2/2006
SANFORD,"SANFORD, GEORGE W","113 ROBERTS ST",CARRBORO,NC,27510,113,"",ROBERTS,"",ST,"","",CARRBORO,NC,27510,73,MALE,CARRBORO,"56TH HOUSE","TOWN HALL","CHAPEL HILL",DEMOCRATIC,"BLACK or AFRICAN AMERICAN",ACTIVE,"05/02/2006 PRIMARY",5/2/2006
SANFORD,"SANFORD, KATHERINE K","308 SWEET BAY PL",CARRBORO,NC,27510,308,"","SWEET BAY","",PL,"","",CARRBORO,NC,27510,52,FEMALE,CARRBORO,"56TH HOUSE","TOWN HALL","CHAPEL HILL",DEMOCRATIC,OTHER,ACTIVE,"05/02/2006 PRIMARY",5/2/2006
SANFORD,"SANFORD, MATTHEW ALLEN","113 ROBERTS ST",CARRBORO,NC,27510,113,"",ROBERTS,"",ST,"","",CARRBORO,NC,27510,34,MALE,CARRBORO,"56TH HOUSE","TOWN HALL","CHAPEL HILL",DEMOCRATIC,"BLACK or AFRICAN AMERICAN",ACTIVE,"05/02/2006 PRIMARY",5/2/2006
SANFORD,"SANFORD, RUTHENA M","113 ROBERTS ST",CARRBORO,NC,27510,113,"",ROBERTS,"",ST,"","",CARRBORO,NC,27510,71,FEMALE,CARRBORO,"56TH HOUSE","TOWN HALL","CHAPEL HILL",DEMOCRATIC,"BLACK or AFRICAN AMERICAN",ACTIVE,"05/02/2006 PRIMARY",5/2/2006
SANTULLI-MAROTTO,"SANTULLI-MAROTTO, SANDRA","100 MISTY PINES PL",CARRBORO,NC,27510,100,"","MISTY PINES","",PL,"","",CARRBORO,NC,27510,43,FEMALE,CARRBORO,"54TH HOUSE",DAMASCUS,"CHAPEL HILL",DEMOCRATIC,WHITE,ACTIVE,"05/02/2006 PRIMARY",5/2/2006
SARRIS,"SARRIS, DESPINA MARIA","600 W POPLAR AVE",CARRBORO,NC,27510,600,W,POPLAR,"",AVE,"","",CARRBORO,NC,27510,67,FEMALE,CARRBORO,"56TH HOUSE","LIONS CLUB","CHAPEL HILL",DEMOCRATIC,WHITE,ACTIVE,"05/02/2006 PRIMARY",5/2/2006
SATTERFIELD,"SATTERFIELD, ANTOINETTE WATKINS","501 JONES FERRY RD   #H9",CARRBORO,NC,27510,501,"","JONES FERRY","",RD,"",H9,CARRBORO,NC,27510,52,FEMALE,CARRBORO,"56TH HOUSE",OWASA,"CHAPEL HILL",DEMOCRATIC,WHITE,ACTIVE,"05/02/2006 PRIMARY",5/2/2006
SATTERWHITE,"SATTERWHITE, LAURA ELIZABETH","600 W POPLAR AVE   #208",CARRBORO,NC,27510,600,W,POPLAR,"",AVE,"",208,CARRBORO,NC,27510,69,FEMALE,CARRBORO,"56TH HOUSE","LIONS CLUB","CHAPEL HILL",DEMOCRATIC,"BLACK or AFRICAN AMERICAN",ACTIVE,"05/02/2006 PRIMARY",5/2/2006
SAUNDERS,"SAUNDERS, ROBERT WALTER","1547 PATHWAY DR",CARRBORO,NC,27510,1547,"",PATHWAY,"",DR,"","",CARRBORO,NC,27510,48,MALE,CARRBORO,"56TH HOUSE","NORTH CARRBORO","CHAPEL HILL",DEMOCRATIC,WHITE,ACTIVE,"05/02/2006 PRIMARY",5/2/2006
SAVASTA-KENNEDY,"SAVASTA-KENNEDY, MARIA","404 HOGAN WOODS CIR","CHAPEL HILL",NC,27516,404,"","HOGAN WOODS","",CIR,"","","CHAPEL HILL",NC,27516,44,FEMALE,CARRBORO,"50TH HOUSE","HOGAN FARMS","CHAPEL HILL",DEMOCRATIC,WHITE,ACTIVE,"05/02/2006 PRIMARY",5/2/2006
SAYLE,"SAYLE, AMY ELIZABETH","108 PLEASANT DR   #A",CARRBORO,NC,27510,108,"",PLEASANT,"",DR,"",A,CARRBORO,NC,27510,38,FEMALE,CARRBORO,"56TH HOUSE","TOWN HALL","CHAPEL HILL",DEMOCRATIC,WHITE,ACTIVE,"05/02/2006 PRIMARY",5/2/2006
SCARBOROUGH,"SCARBOROUGH, SAVANNAH ROSE","115 HANNA ST",CARRBORO,NC,27510,115,"",HANNA,"",ST,"","",CARRBORO,NC,27510,62,FEMALE,CARRBORO,"56TH HOUSE","TOWN HALL","CHAPEL HILL",DEMOCRATIC,WHITE,ACTIVE,"05/02/2006 PRIMARY",5/2/2006
SCHANTZ,"SCHANTZ, ROBERT HARLEY","207 MAPLE AVE",CARRBORO,NC,27510,207,"",MAPLE,"",AVE,"","",CARRBORO,NC,27510,50,MALE,CARRBORO,"56TH HOUSE","TOWN HALL","CHAPEL HILL",DEMOCRATIC,WHITE,ACTIVE,"05/02/2006 PRIMARY",5/2/2006
SCHIMMELFING,"SCHIMMELFING, LEON RUSSELL","104 BUCKEYE LN","CHAPEL HILL",NC,27516,104,"",BUCKEYE,"",LN,"","","CHAPEL HILL",NC,27516,54,MALE,CARRBORO,"56TH HOUSE","NORTH CARRBORO","CHAPEL HILL",DEMOCRATIC,WHITE,ACTIVE,"05/02/2006 PRIMARY",5/2/2006
SCHMIDT,"SCHMIDT, KIRK WILLIAM","502 OAK AVE   #B",CARRBORO,NC,27510,502,"",OAK,"",AVE,"",B,CARRBORO,NC,27510,36,MALE,CARRBORO,"56TH HOUSE",CARRBORO,"CHAPEL HILL",DEMOCRATIC,WHITE,ACTIVE,"05/02/2006 PRIMARY",5/2/2006
SCHRAMM,"SCHRAMM, RICHARD ROBERT","312 CAROL ST",CARRBORO,NC,27510,312,"",CAROL,"",ST,"","",CARRBORO,NC,27510,60,MALE,CARRBORO,"56TH HOUSE",CARRBORO,"CHAPEL HILL",DEMOCRATIC,WHITE,ACTIVE,"05/02/2006 PRIMARY",5/2/2006
SCHRAMM,"SCHRAMM, SHARON ERICSON","312 CAROL ST",CARRBORO,NC,27510,312,"",CAROL,"",ST,"","",CARRBORO,NC,27510,60,FEMALE,CARRBORO,"56TH HOUSE",CARRBORO,"CHAPEL HILL",DEMOCRATIC,WHITE,ACTIVE,"05/02/2006 PRIMARY",5/2/2006
SCHULER,"SCHULER, ELIZABETH A","304 WYNDHAM DR","CHAPEL HILL",NC,27516,304,"",WYNDHAM,"",DR,"","","CHAPEL HILL",NC,27516,55,FEMALE,CARRBORO,"56TH HOUSE","NORTH CARRBORO","CHAPEL HILL",DEMOCRATIC,WHITE,ACTIVE,"05/02/2006 PRIMARY",5/2/2006
SCHULTZ,"SCHULTZ, SHERYL LYNN","605 JONES FERRY RD   #LL9",CARRBORO,NC,27510,605,"","JONES FERRY","",RD,"",LL9,CARRBORO,NC,27510,44,FEMALE,CARRBORO,"56TH HOUSE",OWASA,"CHAPEL HILL",DEMOCRATIC,WHITE,ACTIVE,"05/02/2006 PRIMARY",5/2/2006
SCHWARTZBACH,"SCHWARTZBACH, CARYL J","103 WYNDHAM DR","CHAPEL HILL",NC,27516,103,"",WYNDHAM,"",DR,"","","CHAPEL HILL",NC,27516,45,FEMALE,CARRBORO,"56TH HOUSE","NORTH CARRBORO","CHAPEL HILL",DEMOCRATIC,WHITE,ACTIVE,"05/02/2006 PRIMARY",5/2/2006
SCOCCA,"SCOCCA, DAVID A","501 JONES FERRY RD   #A-2",CARRBORO,NC,27510,501,"","JONES FERRY","",RD,"",A-2,CARRBORO,NC,27510,37,MALE,CARRBORO,"56TH HOUSE",OWASA,"CHAPEL HILL",DEMOCRATIC,WHITE,ACTIVE,"05/02/2006 PRIMARY",5/2/2006
SCOTT,"SCOTT, ELISABETH CAROLYN","101 MORNINGSIDE DR",CARRBORO,NC,27510,101,"",MORNINGSIDE,"",DR,"","",CARRBORO,NC,27510,61,FEMALE,CARRBORO,"56TH HOUSE","NORTH CARRBORO","CHAPEL HILL",DEMOCRATIC,WHITE,ACTIVE,"05/02/2006 PRIMARY",5/2/2006
SEAWELL,"SEAWELL, FRANCES SCOTT","106 WEATHERVANE DR",CARRBORO,NC,27510,106,"",WEATHERVANE,"",DR,"","",CARRBORO,NC,27510,43,FEMALE,CARRBORO,"56TH HOUSE","TOWN HALL","CHAPEL HILL",DEMOCRATIC,WHITE,ACTIVE,"05/02/2006 PRIMARY",5/2/2006
SEIFTS,"SEIFTS, EDWARD JOHN","303 ROSSBURN WAY","CHAPEL HILL",NC,27516,303,"",ROSSBURN,"",WAY,"","","CHAPEL HILL",NC,27516,50,MALE,CARRBORO,"54TH HOUSE",DAMASCUS,"CHAPEL HILL",DEMOCRATIC,WHITE,ACTIVE,"05/02/2006 PRIMARY",5/2/2006
SEIFTS,"SEIFTS, LAUREN RUTH","303 ROSSBURN WAY","CHAPEL HILL",NC,27516,303,"",ROSSBURN,"",WAY,"","","CHAPEL HILL",NC,27516,53,FEMALE,CARRBORO,"54TH HOUSE",DAMASCUS,"CHAPEL HILL",DEMOCRATIC,WHITE,ACTIVE,"05/02/2006 PRIMARY",5/2/2006
SELBY,"SELBY, JAMES RANDOLPH","404 ROSSBURN WAY","CHAPEL HILL",NC,27516,404,"",ROSSBURN,"",WAY,"","","CHAPEL HILL",NC,27516,51,MALE,CARRBORO,"54TH HOUSE",DAMASCUS,"CHAPEL HILL",DEMOCRATIC,WHITE,ACTIVE,"05/02/2006 PRIMARY",5/2/2006
SELF,"SELF, CLEMENTINE FEARRINGTON","210 BROAD ST",CARRBORO,NC,27510,210,"",BROAD,"",ST,"","",CARRBORO,NC,27510,60,FEMALE,CARRBORO,"56TH HOUSE","TOWN HALL","CHAPEL HILL",DEMOCRATIC,"BLACK or AFRICAN AMERICAN",ACTIVE,"05/02/2006 PRIMARY",5/2/2006
SENTER,"SENTER, CARRIE CARTER","800 W MAIN ST",CARRBORO,NC,27510,800,W,MAIN,"",ST,"","",CARRBORO,NC,27510,47,FEMALE,CARRBORO,"56TH HOUSE",CARRBORO,"CHAPEL HILL",DEMOCRATIC,WHITE,ACTIVE,"05/02/2006 PRIMARY",5/2/2006
SERENO,"SERENO, JULIAN DANTE","213 SIMPSON ST",CARRBORO,NC,27510,213,"",SIMPSON,"",ST,"","",CARRBORO,NC,27510,57,MALE,CARRBORO,"56TH HOUSE",CARRBORO,"CHAPEL HILL",DEMOCRATIC,WHITE,ACTIVE,"05/02/2006 PRIMARY",5/2/2006
SHAFFER,"SHAFFER, LAURA ANN","100 ROCK HAVEN RD   #208K",CARRBORO,NC,27510,100,"","ROCK HAVEN","",RD,"",208K,CARRBORO,NC,27510,27,FEMALE,CARRBORO,"54TH HOUSE",DAMASCUS,"CHAPEL HILL",DEMOCRATIC,WHITE,ACTIVE,"05/02/2006 PRIMARY",5/2/2006
SHANNON,"SHANNON, MARTHA W","303 BERRYHILL DR",CARRBORO,NC,27510,303,"",BERRYHILL,"",DR,"","",CARRBORO,NC,27510,52,FEMALE,CARRBORO,"56TH HOUSE",OWASA,"CHAPEL HILL",DEMOCRATIC,WHITE,ACTIVE,"05/02/2006 PRIMARY",5/2/2006
SHANNON,"SHANNON, MICHAEL TAYLOR","303 BERRYHILL DR",CARRBORO,NC,27510,303,"",BERRYHILL,"",DR,"","",CARRBORO,NC,27510,51,MALE,CARRBORO,"56TH HOUSE",OWASA,"CHAPEL HILL",DEMOCRATIC,WHITE,ACTIVE,"05/02/2006 PRIMARY",5/2/2006
SHAW-KOKOT,"SHAW-KOKOT, JULIA RUTH","313 CAROL ST",CARRBORO,NC,27510,313,"",CAROL,"",ST,"","",CARRBORO,NC,27510,58,FEMALE,CARRBORO,"56TH HOUSE",CARRBORO,"CHAPEL HILL",DEMOCRATIC,WHITE,ACTIVE,"05/02/2006 PRIMARY",5/2/2006
SHEA,"SHEA, CYNTHIA POLLOCK","303 TRIPP FARM RD","CHAPEL HILL",NC,27516,303,"","TRIPP FARM","",RD,"","","CHAPEL HILL",NC,27516,48,FEMALE,CARRBORO,"56TH HOUSE","NORTH CARRBORO","CHAPEL HILL",DEMOCRATIC,WHITE,ACTIVE,"05/02/2006 PRIMARY",5/2/2006
SHEARS,"SHEARS, JANE B","8504 BALMORAL PL","CHAPEL HILL",NC,27516,8504,"",BALMORAL,"",PL,"","","CHAPEL HILL",NC,27516,50,FEMALE,CARRBORO,"50TH HOUSE","HOGAN FARMS","CHAPEL HILL",DEMOCRATIC,WHITE,ACTIVE,"05/02/2006 PRIMARY",5/2/2006
SHEARS,"SHEARS, STEPHEN BERNARD","8504 BALMORAL PL","CHAPEL HILL",NC,27516,8504,"",BALMORAL,"",PL,"","","CHAPEL HILL",NC,27516,53,MALE,CARRBORO,"50TH HOUSE","HOGAN FARMS","CHAPEL HILL",DEMOCRATIC,WHITE,ACTIVE,"05/02/2006 PRIMARY",5/2/2006
SHEAVES,"SHEAVES, ALEXANDRA LEE C","104 BARINGTON HILLS RD","CHAPEL HILL",NC,27516,104,"","BARINGTON HILLS","",RD,"","","CHAPEL HILL",NC,27516,38,FEMALE,CARRBORO,"56TH HOUSE","NORTH CARRBORO","CHAPEL HILL",DEMOCRATIC,WHITE,ACTIVE,"05/02/2006 PRIMARY",5/2/2006
SHEAVES,"SHEAVES, DAVID STEVEN","104 BARINGTON HILLS RD","CHAPEL HILL",NC,27516,104,"","BARINGTON HILLS","",RD,"","","CHAPEL HILL",NC,27516,54,MALE,CARRBORO,"56TH HOUSE","NORTH CARRBORO","CHAPEL HILL",DEMOCRATIC,WHITE,ACTIVE,"05/02/2006 PRIMARY",5/2/2006
SHELLY,"SHELLY, TRISHA ELIZABETH","106 WATTERS RD   #A",CARRBORO,NC,27510,106,"",WATTERS,"",RD,"",A,CARRBORO,NC,27510,34,FEMALE,CARRBORO,"56TH HOUSE","TOWN HALL","CHAPEL HILL",DEMOCRATIC,WHITE,ACTIVE,"05/02/2006 PRIMARY",5/2/2006
SHELTON,"SHELTON, ESTHER MARIE","1001 BRENDAN CT","CHAPEL HILL",NC,27516,1001,"",BRENDAN,"",CT,"","","CHAPEL HILL",NC,27516,55,FEMALE,CARRBORO,"50TH HOUSE","HOGAN FARMS","CHAPEL HILL",DEMOCRATIC,"BLACK or AFRICAN AMERICAN",ACTIVE,"05/02/2006 PRIMARY",5/2/2006
SHERK,"SHERK, KIRSTEN ELIZABETH","603 N GREENSBORO ST   #B",CARRBORO,NC,27510,603,N,GREENSBORO,"",ST,"",B,CARRBORO,NC,27510,35,FEMALE,CARRBORO,"56TH HOUSE",CARRBORO,"CHAPEL HILL",DEMOCRATIC,WHITE,ACTIVE,"05/02/2006 PRIMARY",5/2/2006
SHERWOOD,"SHERWOOD, MARYWINNE","101 CIRCADIAN WAY","CHAPEL HILL",NC,27516,101,"",CIRCADIAN,"",WAY,"","","CHAPEL HILL",NC,27516,69,FEMALE,CARRBORO,"56TH HOUSE","NORTH CARRBORO","CHAPEL HILL",DEMOCRATIC,WHITE,ACTIVE,"05/02/2006 PRIMARY",5/2/2006
SHETLEY,"SHETLEY, FRANCES LLOYD","PO BOX 1238",CARRBORO,NC,27510,1130,"",HILLSBOROUGH,"",RD,"","","CHAPEL HILL",NC,27516,80,FEMALE,CARRBORO,"56TH HOUSE","NORTH CARRBORO","CHAPEL HILL",DEMOCRATIC,WHITE,ACTIVE,"05/02/2006 PRIMARY",5/2/2006
SHIELDS,"SHIELDS, SARAH D","102 CIRCADIAN WAY","CHAPEL HILL",NC,27516,102,"",CIRCADIAN,"",WAY,"","","CHAPEL HILL",NC,27516,51,FEMALE,CARRBORO,"56TH HOUSE","NORTH CARRBORO","CHAPEL HILL",DEMOCRATIC,WHITE,ACTIVE,"05/02/2006 PRIMARY",5/2/2006
SHIRLEY,"SHIRLEY, ANITA GUNN","109 CIRCADIAN WAY","CHAPEL HILL",NC,27516,109,"",CIRCADIAN,"",WAY,"","","CHAPEL HILL",NC,27516,52,FEMALE,CARRBORO,"56TH HOUSE","NORTH CARRBORO","CHAPEL HILL",DEMOCRATIC,WHITE,ACTIVE,"05/02/2006 PRIMARY",5/2/2006
SHIRLEY,"SHIRLEY, LAWRENCE ELMAN JR","109 CIRCADIAN WAY","CHAPEL HILL",NC,27516,109,"",CIRCADIAN,"",WAY,"","","CHAPEL HILL",NC,27516,52,MALE,CARRBORO,"56TH HOUSE","NORTH CARRBORO","CHAPEL HILL",DEMOCRATIC,WHITE,ACTIVE,"05/02/2006 PRIMARY",5/2/2006
SHOWDEN,"SHOWDEN, CARISA RENAE","238 STABLE RD",CARRBORO,NC,27510,238,"",STABLE,"",RD,"","",CARRBORO,NC,27510,34,FEMALE,CARRBORO,"56TH HOUSE","TOWN HALL","CHAPEL HILL",DEMOCRATIC,WHITE,ACTIVE,"05/02/2006 PRIMARY",5/2/2006
SICKBERT,"SICKBERT, VIRGINIA GLEE","101 CANTON CT","CHAPEL HILL",NC,27516,101,"",CANTON,"",CT,"","","CHAPEL HILL",NC,27516,55,FEMALE,CARRBORO,"56TH HOUSE","NORTH CARRBORO","CHAPEL HILL",DEMOCRATIC,WHITE,ACTIVE,"05/02/2006 PRIMARY",5/2/2006
SIEBENS,"SIEBENS, DAVID PHILLIPS","1603 CLAYMORE RD","CHAPEL HILL",NC,27516,1603,"",CLAYMORE,"",RD,"","","CHAPEL HILL",NC,27516,50,MALE,CARRBORO,"50TH HOUSE","HOGAN FARMS","CHAPEL HILL",DEMOCRATIC,WHITE,ACTIVE,"05/02/2006 PRIMARY",5/2/2006
SIEBENS,"SIEBENS, NANCY MURRAY","1603 CLAYMORE RD","CHAPEL HILL",NC,27516,1603,"",CLAYMORE,"",RD,"","","CHAPEL HILL",NC,27516,52,FEMALE,CARRBORO,"50TH HOUSE","HOGAN FARMS","CHAPEL HILL",DEMOCRATIC,WHITE,ACTIVE,"05/02/2006 PRIMARY",5/2/2006
SIEGEL,"SIEGEL, SUSAN Y","112 LANTERN WAY",CARRBORO,NC,27510,112,"",LANTERN,"",WAY,"","",CARRBORO,NC,27510,51,FEMALE,CARRBORO,"56TH HOUSE",OWASA,"CHAPEL HILL",DEMOCRATIC,WHITE,ACTIVE,"05/02/2006 PRIMARY",5/2/2006
SINGLETON,"SINGLETON, AMY L","PO BOX 185",CARRBORO,NC,27510,1215,"",HILLSBOROUGH,"",RD,"","","CHAPEL HILL",NC,27516,38,FEMALE,CARRBORO,"56TH HOUSE",CARRBORO,"CHAPEL HILL",DEMOCRATIC,WHITE,ACTIVE,"05/02/2006 PRIMARY",5/2/2006
SITKIN,"SITKIN, SIM B","1609 SKYE DR","CHAPEL HILL",NC,27516,1609,"",SKYE,"",DR,"","","CHAPEL HILL",NC,27516,55,MALE,CARRBORO,"50TH HOUSE","HOGAN FARMS","CHAPEL HILL",DEMOCRATIC,WHITE,ACTIVE,"05/02/2006 PRIMARY",5/2/2006
SKINNER,"SKINNER, BRON D","8222 HUNTSMAN CT","CHAPEL HILL",NC,27516,8222,"",HUNTSMAN,"",CT,"","","CHAPEL HILL",NC,27516,64,MALE,CARRBORO,"50TH HOUSE","HOGAN FARMS","CHAPEL HILL",DEMOCRATIC,WHITE,ACTIVE,"05/02/2006 PRIMARY",5/2/2006
SLADE,"SLADE, WILLIAM SAMUEL","116 OLD PITTSBORO RD",CARRBORO,NC,27510,116,"","OLD PITTSBORO","",RD,"","",CARRBORO,NC,27510,32,MALE,CARRBORO,"56TH HOUSE",OWASA,"CHAPEL HILL",DEMOCRATIC,UNDESIGNATED,ACTIVE,"05/02/2006 PRIMARY",5/2/2006
SLATER,"SLATER, WHITNEY RUFFIN","132 CIRCADIAN WAY","CHAPEL HILL",NC,27516,132,"",CIRCADIAN,"",WAY,"","","CHAPEL HILL",NC,27516,49,FEMALE,CARRBORO,"56TH HOUSE","NORTH CARRBORO","CHAPEL HILL",DEMOCRATIC,WHITE,ACTIVE,"05/02/2006 PRIMARY",5/2/2006
SLIFKIN,"SLIFKIN, REBECCA TERESA","305 ROCKGARDEN DR","CHAPEL HILL",NC,27516,305,"",ROCKGARDEN,"",DR,"","","CHAPEL HILL",NC,27516,54,FEMALE,CARRBORO,"56TH HOUSE","NORTH CARRBORO","CHAPEL HILL",DEMOCRATIC,WHITE,ACTIVE,"05/02/2006 PRIMARY",5/2/2006
SMITH,"SMITH, ANN FREY","236 STABLE RD",CARRBORO,NC,27510,236,"",STABLE,"",RD,"","",CARRBORO,NC,27510,39,FEMALE,CARRBORO,"56TH HOUSE","TOWN HALL","CHAPEL HILL",DEMOCRATIC,WHITE,ACTIVE,"05/02/2006 PRIMARY",5/2/2006
SMITH,"SMITH, BRETT ANTHONY","205-F W POPLAR AVE",CARRBORO,NC,27510,205,W,POPLAR,"",AVE,"","",CARRBORO,NC,27510,41,MALE,CARRBORO,"56TH HOUSE","LIONS CLUB","CHAPEL HILL",DEMOCRATIC,WHITE,ACTIVE,"05/02/2006 PRIMARY",5/2/2006
SMITH,"SMITH, CHARLOTTE ELAINE HORD","117 W POPLAR AVE",CARRBORO,NC,27510,117,W,POPLAR,"",AVE,"","",CARRBORO,NC,27510,44,FEMALE,CARRBORO,"56TH HOUSE","LIONS CLUB","CHAPEL HILL",DEMOCRATIC,WHITE,ACTIVE,"05/02/2006 PRIMARY",5/2/2006
SMITH,"SMITH, LINDA B","106 LORILANE DR",CARRBORO,NC,27510,106,"",LORILANE,"",DR,"","",CARRBORO,NC,27510,68,FEMALE,CARRBORO,"56TH HOUSE",OWASA,"CHAPEL HILL",DEMOCRATIC,WHITE,ACTIVE,"05/02/2006 PRIMARY",5/2/2006
SMITH,"SMITH, MARGARET WILSON","502-D4 W POPLAR AVE",CARRBORO,NC,27510,502,W,POPLAR,"",AVE,"",D4,CARRBORO,NC,27510,69,FEMALE,CARRBORO,"56TH HOUSE","LIONS CLUB","CHAPEL HILL",DEMOCRATIC,"BLACK or AFRICAN AMERICAN",ACTIVE,"05/02/2006 PRIMARY",5/2/2006
SMITH,"SMITH, NATHANIEL COATES","102 MISTY PINES PL",CARRBORO,NC,27510,102,"","MISTY PINES","",PL,"","",CARRBORO,NC,27510,46,MALE,CARRBORO,"54TH HOUSE",DAMASCUS,"CHAPEL HILL",DEMOCRATIC,WHITE,ACTIVE,"05/02/2006 PRIMARY",5/2/2006
SMITH,"SMITH, RANDI BROOKE","8408 STERLING BRIDGE RD","CHAPEL HILL",NC,27516,8408,"","STERLING BRIDGE","",RD,"","","CHAPEL HILL",NC,27516,48,FEMALE,CARRBORO,"50TH HOUSE","HOGAN FARMS","CHAPEL HILL",DEMOCRATIC,WHITE,ACTIVE,"05/02/2006 PRIMARY",5/2/2006
SMITH,"SMITH, SALLY ANNE","109 PINE HILL DR",CARRBORO,NC,27510,109,"","PINE HILL","",DR,"","",CARRBORO,NC,27510,64,FEMALE,CARRBORO,"56TH HOUSE",CARRBORO,"CHAPEL HILL",DEMOCRATIC,WHITE,ACTIVE,"05/02/2006 PRIMARY",5/2/2006
SMITH,"SMITH, SCOTT MICHAEL","8408 STERLING BRIDGE RD","CHAPEL HILL",NC,27516,8408,"","STERLING BRIDGE","",RD,"","","CHAPEL HILL",NC,27516,47,MALE,CARRBORO,"50TH HOUSE","HOGAN FARMS","CHAPEL HILL",DEMOCRATIC,WHITE,ACTIVE,"05/02/2006 PRIMARY",5/2/2006
SMITH,"SMITH, SELDEN KENNEDY JR","236 STABLE RD",CARRBORO,NC,27510,236,"",STABLE,"",RD,"","",CARRBORO,NC,27510,40,MALE,CARRBORO,"56TH HOUSE","TOWN HALL","CHAPEL HILL",DEMOCRATIC,WHITE,ACTIVE,"05/02/2006 PRIMARY",5/2/2006
SMITH,"SMITH, VERA C","600 W POPLAR AVE   #234",CARRBORO,NC,27510,600,W,POPLAR,"",AVE,"",234,CARRBORO,NC,27510,63,FEMALE,CARRBORO,"56TH HOUSE","LIONS CLUB","CHAPEL HILL",DEMOCRATIC,"BLACK or AFRICAN AMERICAN",ACTIVE,"05/02/2006 PRIMARY",5/2/2006
SMITH-HAMMOND,"SMITH-HAMMOND, CAROL ANN","113 HANNA ST",CARRBORO,NC,27510,113,"",HANNA,"",ST,"","",CARRBORO,NC,27510,59,FEMALE,CARRBORO,"56TH HOUSE","TOWN HALL","CHAPEL HILL",DEMOCRATIC,UNDESIGNATED,ACTIVE,"05/02/2006 PRIMARY",5/2/2006
SOLOW,"SOLOW, CHERYLANN C","3004 STAFFIELD LN","CHAPEL HILL",NC,27516,3004,"",STAFFIELD,"",LN,"","","CHAPEL HILL",NC,27516,47,FEMALE,CARRBORO,"50TH HOUSE","HOGAN FARMS","CHAPEL HILL",DEMOCRATIC,UNDESIGNATED,ACTIVE,"05/02/2006 PRIMARY",5/2/2006
SOLOW,"SOLOW, DOUGLAS CRAIG","3004 STAFFIELD LN","CHAPEL HILL",NC,27516,3004,"",STAFFIELD,"",LN,"","","CHAPEL HILL",NC,27516,49,MALE,CARRBORO,"50TH HOUSE","HOGAN FARMS","CHAPEL HILL",DEMOCRATIC,UNDESIGNATED,ACTIVE,"05/02/2006 PRIMARY",5/2/2006
SOMMER,"SOMMER, SUSAN F","105 GARDEN GATE DR","CHAPEL HILL",NC,27516,105,"","GARDEN GATE","",DR,"","","CHAPEL HILL",NC,27516,57,FEMALE,CARRBORO,"56TH HOUSE","NORTH CARRBORO","CHAPEL HILL",DEMOCRATIC,WHITE,ACTIVE,"05/02/2006 PRIMARY",5/2/2006
SORDEAN-MINTZER,"SORDEAN-MINTZER, ANDREA","205 OAK GLEN PL","CHAPEL HILL",NC,27516,205,"","OAK GLEN","",PL,"","","CHAPEL HILL",NC,27516,52,FEMALE,CARRBORO,"56TH HOUSE","NORTH CARRBORO","CHAPEL HILL",DEMOCRATIC,WHITE,ACTIVE,"05/02/2006 PRIMARY",5/2/2006
SOTAK,"SOTAK, ADAM DAVID","119 FIDELITY ST   #E-4",CARRBORO,NC,27510,119,"",FIDELITY,"",ST,"",E-4,CARRBORO,NC,27510,32,MALE,CARRBORO,"56TH HOUSE","LIONS CLUB","CHAPEL HILL",DEMOCRATIC,WHITE,ACTIVE,"05/02/2006 PRIMARY",5/2/2006
SOUTHERLAND,"SOUTHERLAND, LESLIE IRENE","312 BLUERIDGE RD",CARRBORO,NC,27510,312,"",BLUERIDGE,"",RD,"","",CARRBORO,NC,27510,56,FEMALE,CARRBORO,"56TH HOUSE","NORTH CARRBORO","CHAPEL HILL",DEMOCRATIC,WHITE,ACTIVE,"05/02/2006 PRIMARY",5/2/2006
SPALT,"SPALT, ALLEN EVAN","300 JAMES ST",CARRBORO,NC,27510,300,"",JAMES,"",ST,"","",CARRBORO,NC,27510,63,MALE,CARRBORO,"56TH HOUSE",CARRBORO,"CHAPEL HILL",DEMOCRATIC,WHITE,ACTIVE,"05/02/2006 PRIMARY",5/2/2006
SPALT,"SPALT, SUSAN WILLEY","300 JAMES ST",CARRBORO,NC,27510,300,"",JAMES,"",ST,"","",CARRBORO,NC,27510,61,FEMALE,CARRBORO,"56TH HOUSE",CARRBORO,"CHAPEL HILL",DEMOCRATIC,WHITE,ACTIVE,"05/02/2006 PRIMARY",5/2/2006
SPIEGEL,"SPIEGEL, JOHN F","601 JONES FERRY RD   #L-5",CARRBORO,NC,27510,601,"","JONES FERRY","",RD,"",L-5,CARRBORO,NC,27510,63,MALE,CARRBORO,"56TH HOUSE",OWASA,"CHAPEL HILL",DEMOCRATIC,WHITE,ACTIVE,"05/02/2006 PRIMARY",5/2/2006
SPURLOCK,"SPURLOCK, DANIELLE LAURA","110 DAFFODIL LN",CARRBORO,NC,27510,110,"",DAFFODIL,"",LN,"","",CARRBORO,NC,27510,27,FEMALE,CARRBORO,"56TH HOUSE",OWASA,"CHAPEL HILL",DEMOCRATIC,"BLACK or AFRICAN AMERICAN",ACTIVE,"05/02/2006 PRIMARY",5/2/2006
STAFFORD,"STAFFORD, RENAE ELIZABETH","210 WEATHERVANE DR",CARRBORO,NC,27510,210,"",WEATHERVANE,"",DR,"","",CARRBORO,NC,27510,49,FEMALE,CARRBORO,"56TH HOUSE","TOWN HALL","CHAPEL HILL",DEMOCRATIC,WHITE,ACTIVE,"05/02/2006 PRIMARY",5/2/2006
STALLONE,"STALLONE, FRANK","405 BERRYHILL DR",CARRBORO,NC,27510,405,"",BERRYHILL,"",DR,"","",CARRBORO,NC,27510,71,MALE,CARRBORO,"56TH HOUSE",OWASA,"CHAPEL HILL",DEMOCRATIC,WHITE,ACTIVE,"05/02/2006 PRIMARY",5/2/2006
STANFORD,"STANFORD, BOBBIE ANDR","1800 N GREENSBORO ST","CHAPEL HILL",NC,27516,1800,N,GREENSBORO,"",ST,"","","CHAPEL HILL",NC,27516,51,FEMALE,CARRBORO,"56TH HOUSE","NORTH CARRBORO","CHAPEL HILL",DEMOCRATIC,WHITE,ACTIVE,"05/02/2006 PRIMARY",5/2/2006
STANFORD,"STANFORD, CHARLES ASHLEY","1800 N GREENSBORO ST","CHAPEL HILL",NC,27516,1800,N,GREENSBORO,"",ST,"","","CHAPEL HILL",NC,27516,51,MALE,CARRBORO,"56TH HOUSE","NORTH CARRBORO","CHAPEL HILL",DEMOCRATIC,OTHER,ACTIVE,"05/02/2006 PRIMARY",5/2/2006
STANFORD,"STANFORD, JAMES COOPER","201 ROBERT HUNT DR",CARRBORO,NC,27510,201,"","ROBERT HUNT","",DR,"","",CARRBORO,NC,27510,49,MALE,CARRBORO,"56TH HOUSE","NORTH CARRBORO","CHAPEL HILL",DEMOCRATIC,WHITE,ACTIVE,"05/02/2006 PRIMARY",5/2/2006
STANFORD,"STANFORD, LYDA MERKEL","201 ROBERT HUNT DR",CARRBORO,NC,27510,201,"","ROBERT HUNT","",DR,"","",CARRBORO,NC,27510,49,FEMALE,CARRBORO,"56TH HOUSE","NORTH CARRBORO","CHAPEL HILL",DEMOCRATIC,WHITE,ACTIVE,"05/02/2006 PRIMARY",5/2/2006
STANFORD,"STANFORD, WILLIAM JAMES","201 ROBERT HUNT DR",CARRBORO,NC,27510,201,"","ROBERT HUNT","",DR,"","",CARRBORO,NC,27510,20,MALE,CARRBORO,"56TH HOUSE","NORTH CARRBORO","CHAPEL HILL",DEMOCRATIC,WHITE,ACTIVE,"05/02/2006 PRIMARY",5/2/2006
STARNES,"STARNES, SHERYL ANN","208 STRATFORD DR","CHAPEL HILL",NC,27516,208,"",STRATFORD,"",DR,"","","CHAPEL HILL",NC,27516,41,FEMALE,CARRBORO,"56TH HOUSE","NORTH CARRBORO","CHAPEL HILL",DEMOCRATIC,WHITE,ACTIVE,"05/02/2006 PRIMARY",5/2/2006
STEIN,"STEIN, ERIC SEARS","100 MICHAELS WAY","CHAPEL HILL",NC,27516,100,"",MICHAELS,"",WAY,"","","CHAPEL HILL",NC,27516,45,MALE,CARRBORO,"56TH HOUSE","NORTH CARRBORO","CHAPEL HILL",DEMOCRATIC,WHITE,ACTIVE,"05/02/2006 PRIMARY",5/2/2006
STEMPER,"STEMPER, ALICIA LYNN","8107 KIT LN","CHAPEL HILL",NC,27516,8107,"",KIT,"",LN,"","","CHAPEL HILL",NC,27516,44,FEMALE,CARRBORO,"50TH HOUSE","HOGAN FARMS","CHAPEL HILL",DEMOCRATIC,WHITE,ACTIVE,"05/02/2006 PRIMARY",5/2/2006
STENROSS,"STENROSS, BARBARA JEAN","120 CAROL ST",CARRBORO,NC,27510,120,"",CAROL,"",ST,"","",CARRBORO,NC,27510,60,FEMALE,CARRBORO,"56TH HOUSE",CARRBORO,"CHAPEL HILL",DEMOCRATIC,WHITE,ACTIVE,"05/02/2006 PRIMARY",5/2/2006
STEPHENSON,"STEPHENSON, CHRISTOPHER JAMES","305 GARY RD",CARRBORO,NC,27510,305,"",GARY,"",RD,"","",CARRBORO,NC,27510,35,MALE,CARRBORO,"56TH HOUSE","LIONS CLUB","CHAPEL HILL",DEMOCRATIC,WHITE,ACTIVE,"05/02/2006 PRIMARY",5/2/2006
STIEGLITZ,"STIEGLITZ, ELIZABETH BARTLETT","602 BOLIN CREEK DR",CARRBORO,NC,27510,602,"","BOLIN CREEK","",DR,"","",CARRBORO,NC,27510,86,FEMALE,CARRBORO,"56TH HOUSE","NORTH CARRBORO","CHAPEL HILL",DEMOCRATIC,WHITE,ACTIVE,"05/02/2006 PRIMARY",5/2/2006
STONE,"STONE, KAREN MARIE","209 STRATFORD DR","CHAPEL HILL",NC,27516,209,"",STRATFORD,"",DR,"","","CHAPEL HILL",NC,27516,56,FEMALE,CARRBORO,"56TH HOUSE","NORTH CARRBORO","CHAPEL HILL",DEMOCRATIC,WHITE,ACTIVE,"05/02/2006 PRIMARY",5/2/2006
STONE,"STONE, MARGARET F","103 WESLEY ST",CARRBORO,NC,27510,103,"",WESLEY,"",ST,"","",CARRBORO,NC,27510,78,FEMALE,CARRBORO,"56TH HOUSE","TOWN HALL","CHAPEL HILL",DEMOCRATIC,"BLACK or AFRICAN AMERICAN",ACTIVE,"05/02/2006 PRIMARY",5/2/2006
STONE,"STONE, PETER WILL","112 ROCK SPRING CT",CARRBORO,NC,27510,112,"","ROCK SPRING","",CT,"","",CARRBORO,NC,27510,23,MALE,CARRBORO,"56TH HOUSE","NORTH CARRBORO","CHAPEL HILL",DEMOCRATIC,WHITE,ACTIVE,"05/02/2006 PRIMARY",5/2/2006
STONE,"STONE, SUSAN LYON","112 ROCK SPRING CT",CARRBORO,NC,27510,112,"","ROCK SPRING","",CT,"","",CARRBORO,NC,27510,56,FEMALE,CARRBORO,"56TH HOUSE","NORTH CARRBORO","CHAPEL HILL",DEMOCRATIC,WHITE,ACTIVE,"05/02/2006 PRIMARY",5/2/2006
STONEMAN,"STONEMAN, CHRISTOPHER SPENCER","202 BRUTON DR","CHAPEL HILL",NC,27516,202,"",BRUTON,"",DR,"","","CHAPEL HILL",NC,27516,44,MALE,CARRBORO,"56TH HOUSE","NORTH CARRBORO","CHAPEL HILL",DEMOCRATIC,WHITE,ACTIVE,"05/02/2006 PRIMARY",5/2/2006
STORY,"STORY, W GENE","109 LINDSAY ST",CARRBORO,NC,27510,109,"",LINDSAY,"",ST,"","",CARRBORO,NC,27510,75,MALE,CARRBORO,"56TH HOUSE","TOWN HALL","CHAPEL HILL",DEMOCRATIC,WHITE,ACTIVE,"05/02/2006 PRIMARY",5/2/2006
STOTT,"STOTT, CHRISTOPHER J","107 KEITH RD",CARRBORO,NC,27510,107,"",KEITH,"",RD,"","",CARRBORO,NC,27510,41,MALE,CARRBORO,"56TH HOUSE","LIONS CLUB","CHAPEL HILL",DEMOCRATIC,WHITE,ACTIVE,"05/02/2006 PRIMARY",5/2/2006
STRAUS,"STRAUS, KARL HENRY","128 WINSOME LN","CHAPEL HILL",NC,27516,128,"",WINSOME,"",LN,"","","CHAPEL HILL",NC,27516,52,MALE,CARRBORO,"56TH HOUSE",CARRBORO,"CHAPEL HILL",DEMOCRATIC,WHITE,ACTIVE,"05/02/2006 PRIMARY",5/2/2006
STRICKLAND,"STRICKLAND, JENNIFER MERRON","321 BLUERIDGE RD",CARRBORO,NC,27510,321,"",BLUERIDGE,"",RD,"","",CARRBORO,NC,27510,46,FEMALE,CARRBORO,"56TH HOUSE","NORTH CARRBORO","CHAPEL HILL",DEMOCRATIC,WHITE,ACTIVE,"05/02/2006 PRIMARY",5/2/2006
STRICKLAND,"STRICKLAND, ROGER THOMAS","321 BLUERIDGE RD",CARRBORO,NC,27510,321,"",BLUERIDGE,"",RD,"","",CARRBORO,NC,27510,46,MALE,CARRBORO,"56TH HOUSE","NORTH CARRBORO","CHAPEL HILL",DEMOCRATIC,WHITE,ACTIVE,"05/02/2006 PRIMARY",5/2/2006
STRINE,"STRINE, JULIE HARRIS","310 HOGAN WOODS CIR","CHAPEL HILL",NC,27516,310,"","HOGAN WOODS","",CIR,"","","CHAPEL HILL",NC,27516,45,FEMALE,CARRBORO,"50TH HOUSE","HOGAN FARMS","CHAPEL HILL",DEMOCRATIC,WHITE,ACTIVE,"05/02/2006 PRIMARY",5/2/2006
STRINE,"STRINE, SCOTT ALLEN","310 HOGAN WOODS CIR","CHAPEL HILL",NC,27516,310,"","HOGAN WOODS","",CIR,"","","CHAPEL HILL",NC,27516,45,MALE,CARRBORO,"50TH HOUSE","HOGAN FARMS","CHAPEL HILL",DEMOCRATIC,WHITE,ACTIVE,"05/02/2006 PRIMARY",5/2/2006
STRUNK,"STRUNK, NANCY GABRIEL","304 ROBERT HUNT DR",CARRBORO,NC,27510,304,"","ROBERT HUNT","",DR,"","",CARRBORO,NC,27510,53,FEMALE,CARRBORO,"56TH HOUSE","NORTH CARRBORO","CHAPEL HILL",DEMOCRATIC,WHITE,ACTIVE,"05/02/2006 PRIMARY",5/2/2006
STUMB,"STUMB, AARON W","101 THOMAS LN   #E-2",CARRBORO,NC,27510,101,"",THOMAS,"",LN,"",E-2,CARRBORO,NC,27510,33,MALE,CARRBORO,"56TH HOUSE","TOWN HALL","CHAPEL HILL",DEMOCRATIC,WHITE,ACTIVE,"05/02/2006 PRIMARY",5/2/2006
STUTTS,"STUTTS, ALLEN WAYNE","420 S GREENSBORO ST",CARRBORO,NC,27510,420,S,GREENSBORO,"",ST,"","",CARRBORO,NC,27510,48,MALE,CARRBORO,"56TH HOUSE",OWASA,"CHAPEL HILL",DEMOCRATIC,WHITE,ACTIVE,"05/02/2006 PRIMARY",5/2/2006
STYERS,"STYERS, RANDALL GRAY","263 SWEET BAY PL",CARRBORO,NC,27510,263,"","SWEET BAY","",PL,"","",CARRBORO,NC,27510,49,MALE,CARRBORO,"56TH HOUSE","TOWN HALL","CHAPEL HILL",DEMOCRATIC,WHITE,ACTIVE,"05/02/2006 PRIMARY",5/2/2006
SULLIVAN,"SULLIVAN, MARK DAMIAN","303 LAUREL AVE",CARRBORO,NC,27510,303,"",LAUREL,"",AVE,"","",CARRBORO,NC,27510,35,MALE,CARRBORO,"56TH HOUSE",OWASA,"CHAPEL HILL",DEMOCRATIC,WHITE,ACTIVE,"05/02/2006 PRIMARY",5/2/2006
SUNE,"SUNE, CHARLES MANUEL","PO BOX 2394","CHAPEL HILL",NC,27515,201,"","ESTES DRIVE","",EXT,"",A,CARRBORO,NC,27510,49,MALE,CARRBORO,"56TH HOUSE","TOWN HALL","CHAPEL HILL",DEMOCRATIC,WHITE,ACTIVE,"05/02/2006 PRIMARY",5/2/2006
SUTTLES,"SUTTLES, JOHN TIMOTHY","107 MULBERRY ST   #C",CARRBORO,NC,27510,107,"",MULBERRY,"",ST,"",C,CARRBORO,NC,27510,45,MALE,CARRBORO,"56TH HOUSE","TOWN HALL","CHAPEL HILL",DEMOCRATIC,WHITE,ACTIVE,"05/02/2006 PRIMARY",5/2/2006
SYMONDS,"SYMONDS, JAN K","103 CULBRETH RD   #309","CHAPEL HILL",NC,27516,103,"",CULBRETH,"",RD,"",309,"CHAPEL HILL",NC,27516,78,FEMALE,CARRBORO,"54TH HOUSE",DAMASCUS,"CHAPEL HILL",DEMOCRATIC,WHITE,ACTIVE,"05/02/2006 PRIMARY",5/2/2006
TAKAHASHI,"TAKAHASHI, ARLIE LOVELAND","103 FOREST CT",CARRBORO,NC,27510,103,"",FOREST,"",CT,"","",CARRBORO,NC,27510,69,FEMALE,CARRBORO,"56TH HOUSE","NORTH CARRBORO","CHAPEL HILL",DEMOCRATIC,WHITE,ACTIVE,"05/02/2006 PRIMARY",5/2/2006
TAL,"TAL, TAMARA LUREE","105 FIDELITY ST   #A-50",CARRBORO,NC,27510,105,"",FIDELITY,"",ST,"",A-50,CARRBORO,NC,27510,26,FEMALE,CARRBORO,"56TH HOUSE","LIONS CLUB","CHAPEL HILL",DEMOCRATIC,WHITE,ACTIVE,"05/02/2006 PRIMARY",5/2/2006
TANNER,"TANNER, RICHARD DEAN","1603 PATHWAY DR",CARRBORO,NC,27510,1603,"",PATHWAY,"",DR,"","",CARRBORO,NC,27510,49,MALE,CARRBORO,"56TH HOUSE","NORTH CARRBORO","CHAPEL HILL",DEMOCRATIC,WHITE,ACTIVE,"05/02/2006 PRIMARY",5/2/2006
TAPPAN,"TAPPAN, JOHN HALLER","501 BOLIN CREEK DR",CARRBORO,NC,27510,501,"","BOLIN CREEK","",DR,"","",CARRBORO,NC,27510,59,MALE,CARRBORO,"56TH HOUSE","NORTH CARRBORO","CHAPEL HILL",DEMOCRATIC,WHITE,ACTIVE,"05/02/2006 PRIMARY",5/2/2006
TAPPAN,"TAPPAN, LAUREN AILEEN","501 BOLIN CREEK DR",CARRBORO,NC,27510,501,"","BOLIN CREEK","",DR,"","",CARRBORO,NC,27510,59,FEMALE,CARRBORO,"56TH HOUSE","NORTH CARRBORO","CHAPEL HILL",DEMOCRATIC,WHITE,ACTIVE,"05/02/2006 PRIMARY",5/2/2006
TATE,"TATE, JACQUELINE ELIZABETH","705 W MAIN ST   #C",CARRBORO,NC,27510,705,W,MAIN,"",ST,"",C,CARRBORO,NC,27510,30,FEMALE,CARRBORO,"56TH HOUSE","LIONS CLUB","CHAPEL HILL",DEMOCRATIC,WHITE,ACTIVE,"05/02/2006 PRIMARY",5/2/2006
TAYLOR,"TAYLOR, CATHERINE ELAINE","412 WATERSIDE DR",CARRBORO,NC,27510,412,"",WATERSIDE,"",DR,"","",CARRBORO,NC,27510,44,FEMALE,CARRBORO,"56TH HOUSE","NORTH CARRBORO","CHAPEL HILL",DEMOCRATIC,WHITE,ACTIVE,"05/02/2006 PRIMARY",5/2/2006
TAYLOR,"TAYLOR, CYNTHIA CHEEK","216 TRIPP FARM RD","CHAPEL HILL",NC,27516,216,"","TRIPP FARM","",RD,"","","CHAPEL HILL",NC,27516,44,FEMALE,CARRBORO,"56TH HOUSE","NORTH CARRBORO","CHAPEL HILL",DEMOCRATIC,WHITE,ACTIVE,"05/02/2006 PRIMARY",5/2/2006
TAYLOR,"TAYLOR, DUANE FRANCIS","101 BEL ARBOR LN",CARRBORO,NC,27510,101,"","BEL ARBOR","",LN,"","",CARRBORO,NC,27510,81,MALE,CARRBORO,"56TH HOUSE",CARRBORO,"CHAPEL HILL",DEMOCRATIC,WHITE,ACTIVE,"05/02/2006 PRIMARY",5/2/2006
TAYLOR,"TAYLOR, EDNA MINOR","109 ROBERTS ST",CARRBORO,NC,27510,109,"",ROBERTS,"",ST,"","",CARRBORO,NC,27510,63,FEMALE,CARRBORO,"56TH HOUSE","TOWN HALL","CHAPEL HILL",DEMOCRATIC,"BLACK or AFRICAN AMERICAN",ACTIVE,"05/02/2006 PRIMARY",5/2/2006
TAYLOR,"TAYLOR, JOHN SERGE","108 GARDEN GATE DR","CHAPEL HILL",NC,27516,108,"","GARDEN GATE","",DR,"","","CHAPEL HILL",NC,27516,62,MALE,CARRBORO,"56TH HOUSE","NORTH CARRBORO","CHAPEL HILL",DEMOCRATIC,WHITE,ACTIVE,"05/02/2006 PRIMARY",5/2/2006
TAYLOR,"TAYLOR, KENNETH RAY JR","216 TRIPP FARM RD","CHAPEL HILL",NC,27516,216,"","TRIPP FARM","",RD,"","","CHAPEL HILL",NC,27516,44,MALE,CARRBORO,"56TH HOUSE","NORTH CARRBORO","CHAPEL HILL",DEMOCRATIC,WHITE,ACTIVE,"05/02/2006 PRIMARY",5/2/2006
TAYLOR,"TAYLOR, PATRICIA","101 BEL ARBOR LN",CARRBORO,NC,27510,101,"","BEL ARBOR","",LN,"","",CARRBORO,NC,27510,80,FEMALE,CARRBORO,"56TH HOUSE",CARRBORO,"CHAPEL HILL",DEMOCRATIC,WHITE,ACTIVE,"05/02/2006 PRIMARY",5/2/2006
TAYLOR,"TAYLOR, REBECCA T","109 ABERDEEN CT",CARRBORO,NC,27510,109,"",ABERDEEN,"",CT,"","",CARRBORO,NC,27510,44,FEMALE,CARRBORO,"56TH HOUSE","NORTH CARRBORO","CHAPEL HILL",DEMOCRATIC,WHITE,ACTIVE,"05/02/2006 PRIMARY",5/2/2006
TAYLOR,"TAYLOR, ROBERT GEORGE","107 VIBURNUM WAY",CARRBORO,NC,27510,107,"",VIBURNUM,"",WAY,"","",CARRBORO,NC,27510,36,MALE,CARRBORO,"56TH HOUSE","TOWN HALL","CHAPEL HILL",DEMOCRATIC,WHITE,ACTIVE,"05/02/2006 PRIMARY",5/2/2006
TAYLOR-SENTER,"TAYLOR-SENTER, DOROTHY ELAINE","208 HILLSBOROUGH RD",CARRBORO,NC,27510,208,"",HILLSBOROUGH,"",RD,"","",CARRBORO,NC,27510,52,FEMALE,CARRBORO,"56TH HOUSE",CARRBORO,"CHAPEL HILL",DEMOCRATIC,WHITE,ACTIVE,"05/02/2006 PRIMARY",5/2/2006
TAZEWELL,"TAZEWELL, ANNE E","102 WEBB DR",CARRBORO,NC,27510,102,"",WEBB,"",DR,"","",CARRBORO,NC,27510,52,FEMALE,CARRBORO,"56TH HOUSE","NORTH CARRBORO","CHAPEL HILL",DEMOCRATIC,WHITE,ACTIVE,"05/02/2006 PRIMARY",5/2/2006
TEPPERMAN,"TEPPERMAN, BARBARA RUTH","121 WESTVIEW DR   #11",CARRBORO,NC,27510,121,"",WESTVIEW,"",DR,"",11,CARRBORO,NC,27510,72,FEMALE,CARRBORO,"56TH HOUSE","LIONS CLUB","CHAPEL HILL",DEMOCRATIC,WHITE,ACTIVE,"05/02/2006 PRIMARY",5/2/2006
THARALDSON,"THARALDSON, JENAE LYN","1301 N GREENSBORO ST",CARRBORO,NC,27510,1301,N,GREENSBORO,"",ST,"","",CARRBORO,NC,27510,33,FEMALE,CARRBORO,"56TH HOUSE",CARRBORO,"CHAPEL HILL",DEMOCRATIC,WHITE,ACTIVE,"05/02/2006 PRIMARY",5/2/2006
THOMAS,"THOMAS, JONATHAN D","104 W POPLAR AVE   #A",CARRBORO,NC,27510,104,W,POPLAR,"",AVE,"",A,CARRBORO,NC,27510,41,MALE,CARRBORO,"56TH HOUSE","LIONS CLUB","CHAPEL HILL",DEMOCRATIC,WHITE,ACTIVE,"05/02/2006 PRIMARY",5/2/2006
THOMAS,"THOMAS, LYLE PARKE","101 OAK ST",CARRBORO,NC,27510,101,"",OAK,"",ST,"","",CARRBORO,NC,27510,61,MALE,CARRBORO,"56TH HOUSE",CARRBORO,"CHAPEL HILL",DEMOCRATIC,WHITE,ACTIVE,"05/02/2006 PRIMARY",5/2/2006
THOMAS,"THOMAS, MARGARET TATUM","112 GLOSSON CIR",CARRBORO,NC,27510,112,"",GLOSSON,"",CIR,"","",CARRBORO,NC,27510,72,FEMALE,CARRBORO,"56TH HOUSE","LIONS CLUB","CHAPEL HILL",DEMOCRATIC,WHITE,ACTIVE,"05/02/2006 PRIMARY",5/2/2006
THOMAS,"THOMAS, NUMA JAMES","600 W POPLAR AVE   #325",CARRBORO,NC,27510,600,W,POPLAR,"",AVE,"",325,CARRBORO,NC,27510,89,MALE,CARRBORO,"56TH HOUSE","LIONS CLUB","CHAPEL HILL",DEMOCRATIC,WHITE,ACTIVE,"05/02/2006 PRIMARY",5/2/2006
THOMPSON,"THOMPSON, DAVID PERRY","403 LINDSAY ST",CARRBORO,NC,27510,403,"",LINDSAY,"",ST,"","",CARRBORO,NC,27510,46,MALE,CARRBORO,"56TH HOUSE",CARRBORO,"CHAPEL HILL",DEMOCRATIC,WHITE,ACTIVE,"05/02/2006 PRIMARY",5/2/2006
THOMPSON,"THOMPSON, GRACE ISABELLE WALKER","600 W POPLAR AVE   #222",CARRBORO,NC,27510,600,W,POPLAR,"",AVE,"",222,CARRBORO,NC,27510,80,FEMALE,CARRBORO,"56TH HOUSE","LIONS CLUB","CHAPEL HILL",DEMOCRATIC,UNDESIGNATED,ACTIVE,"05/02/2006 PRIMARY",5/2/2006
THOMPSON,"THOMPSON, JACQUELINE ELAINE","400 DAVIE RD   #45",CARRBORO,NC,27510,400,"",DAVIE,"",RD,"",45,CARRBORO,NC,27510,43,FEMALE,CARRBORO,"56TH HOUSE","LIONS CLUB","CHAPEL HILL",DEMOCRATIC,"BLACK or AFRICAN AMERICAN",ACTIVE,"05/02/2006 PRIMARY",5/2/2006
THOMPSON,"THOMPSON, KUMA","100 BERT ST",CARRBORO,NC,27510,100,"",BERT,"",ST,"","",CARRBORO,NC,27510,79,FEMALE,CARRBORO,"56TH HOUSE","LIONS CLUB","CHAPEL HILL",DEMOCRATIC,"BLACK or AFRICAN AMERICAN",ACTIVE,"05/02/2006 PRIMARY",5/2/2006
THOMPSON,"THOMPSON, TONY","400-45 DAVIE RD",CARRBORO,NC,27510,400,"",DAVIE,"",RD,"",45,CARRBORO,NC,27510,50,MALE,CARRBORO,"56TH HOUSE","LIONS CLUB","CHAPEL HILL",DEMOCRATIC,"BLACK or AFRICAN AMERICAN",ACTIVE,"05/02/2006 PRIMARY",5/2/2006
THORN,"THORN, KENNETH ALEXANDER","100 WATERSIDE DR",CARRBORO,NC,27510,100,"",WATERSIDE,"",DR,"","",CARRBORO,NC,27510,72,MALE,CARRBORO,"56TH HOUSE","NORTH CARRBORO","CHAPEL HILL",DEMOCRATIC,WHITE,ACTIVE,"05/02/2006 PRIMARY",5/2/2006
THORP,"THORP, HERBERT HOLDEN JR","306 MANOR RIDGE DR",CARRBORO,NC,27510,306,"","MANOR RIDGE","",DR,"","",CARRBORO,NC,27510,42,MALE,CARRBORO,"54TH HOUSE",DAMASCUS,"CHAPEL HILL",DEMOCRATIC,WHITE,ACTIVE,"05/02/2006 PRIMARY",5/2/2006
THORP,"THORP, PATTI WORDEN","306 MANOR RIDGE DR",CARRBORO,NC,27510,306,"","MANOR RIDGE","",DR,"","",CARRBORO,NC,27510,46,FEMALE,CARRBORO,"54TH HOUSE",DAMASCUS,"CHAPEL HILL",DEMOCRATIC,WHITE,ACTIVE,"05/02/2006 PRIMARY",5/2/2006
THORPE,"THORPE, MARIA SANCHEZ","202 LORRAINE ST",CARRBORO,NC,27510,202,"",LORRAINE,"",ST,"","",CARRBORO,NC,27510,49,FEMALE,CARRBORO,"56TH HOUSE",CARRBORO,"CHAPEL HILL",DEMOCRATIC,WHITE,ACTIVE,"05/02/2006 PRIMARY",5/2/2006
THORPE,"THORPE, MERLE  III","202 LORRAINE ST",CARRBORO,NC,27510,202,"",LORRAINE,"",ST,"","",CARRBORO,NC,27510,54,MALE,CARRBORO,"56TH HOUSE",CARRBORO,"CHAPEL HILL",DEMOCRATIC,WHITE,ACTIVE,"05/02/2006 PRIMARY",5/2/2006
THRIFT,"THRIFT, VIRDA LENO","124 FIDELITY ST   #8",CARRBORO,NC,27510,124,"",FIDELITY,"",ST,"",8,CARRBORO,NC,27510,83,FEMALE,CARRBORO,"56TH HOUSE","LIONS CLUB","CHAPEL HILL",DEMOCRATIC,WHITE,ACTIVE,"05/02/2006 PRIMARY",5/2/2006
TICE-LEWIS,"TICE-LEWIS, SUSAN LEIGH","104 CIRCADIAN WAY","CHAPEL HILL",NC,27516,104,"",CIRCADIAN,"",WAY,"","","CHAPEL HILL",NC,27516,50,FEMALE,CARRBORO,"56TH HOUSE","NORTH CARRBORO","CHAPEL HILL",DEMOCRATIC,WHITE,ACTIVE,"05/02/2006 PRIMARY",5/2/2006
TIEMANN,"TIEMANN, THOMAS KLICK","100 STABLE RD",CARRBORO,NC,27510,100,"",STABLE,"",RD,"","",CARRBORO,NC,27510,59,MALE,CARRBORO,"56TH HOUSE","TOWN HALL","CHAPEL HILL",DEMOCRATIC,WHITE,ACTIVE,"05/02/2006 PRIMARY",5/2/2006
TOROK,"TOROK, BRADLEY ALLAN","2102 PATHWAY DR","CHAPEL HILL",NC,27516,2102,"",PATHWAY,"",DR,"","","CHAPEL HILL",NC,27516,37,MALE,CARRBORO,"56TH HOUSE","NORTH CARRBORO","CHAPEL HILL",DEMOCRATIC,WHITE,ACTIVE,"05/02/2006 PRIMARY",5/2/2006
TOROK,"TOROK, MICHELLE RAE","2102 PATHWAY DR","CHAPEL HILL",NC,27516,2102,"",PATHWAY,"",DR,"","","CHAPEL HILL",NC,27516,36,FEMALE,CARRBORO,"56TH HOUSE","NORTH CARRBORO","CHAPEL HILL",DEMOCRATIC,WHITE,ACTIVE,"05/02/2006 PRIMARY",5/2/2006
TRAUGOTT,"TRAUGOTT, DALE ELLEN","1541 PATHWAY DR",CARRBORO,NC,27510,1541,"",PATHWAY,"",DR,"","",CARRBORO,NC,27510,55,FEMALE,CARRBORO,"56TH HOUSE","NORTH CARRBORO","CHAPEL HILL",DEMOCRATIC,WHITE,ACTIVE,"05/02/2006 PRIMARY",5/2/2006
TRENKLE,"TRENKLE, ROBERT C","203 LORRAINE ST",CARRBORO,NC,27510,203,"",LORRAINE,"",ST,"","",CARRBORO,NC,27510,47,MALE,CARRBORO,"56TH HOUSE",CARRBORO,"CHAPEL HILL",DEMOCRATIC,WHITE,ACTIVE,"05/02/2006 PRIMARY",5/2/2006
TRIANTAFILLOU,"TRIANTAFILLOU, DOLORES","114 CHESWICK CT",CARRBORO,NC,27510,114,"",CHESWICK,"",CT,"","",CARRBORO,NC,27510,64,FEMALE,CARRBORO,"56TH HOUSE",CARRBORO,"CHAPEL HILL",DEMOCRATIC,WHITE,ACTIVE,"05/02/2006 PRIMARY",5/2/2006
TRIMBLE,"TRIMBLE, SALLY MCCOY","624 JONES FERRY RD   #200",CARRBORO,NC,27510,624,"","JONES FERRY","",RD,"",200,CARRBORO,NC,27510,68,FEMALE,CARRBORO,"56TH HOUSE","LIONS CLUB","CHAPEL HILL",DEMOCRATIC,WHITE,ACTIVE,"05/02/2006 PRIMARY",5/2/2006
TROHANIS,"TROHANIS, DONNA SCHREINER","117 NORTH FIELDS CIR","CHAPEL HILL",NC,27516,117,"","NORTH FIELDS","",CIR,"","","CHAPEL HILL",NC,27516,63,FEMALE,CARRBORO,"50TH HOUSE","HOGAN FARMS","CHAPEL HILL",DEMOCRATIC,WHITE,ACTIVE,"05/02/2006 PRIMARY",5/2/2006
TSURUTA,"TSURUTA, JAMES K","117 CIRCADIAN WAY","CHAPEL HILL",NC,27516,117,"",CIRCADIAN,"",WAY,"","","CHAPEL HILL",NC,27516,45,MALE,CARRBORO,"56TH HOUSE","NORTH CARRBORO","CHAPEL HILL",DEMOCRATIC,OTHER,ACTIVE,"05/02/2006 PRIMARY",5/2/2006
TUCKER,"TUCKER, MARION H","600 W POPLAR AVE   #331",CARRBORO,NC,27510,600,W,POPLAR,"",AVE,"",331,CARRBORO,NC,27510,73,FEMALE,CARRBORO,"56TH HOUSE","LIONS CLUB","CHAPEL HILL",DEMOCRATIC,"BLACK or AFRICAN AMERICAN",ACTIVE,"05/02/2006 PRIMARY",5/2/2006
VADEN,"VADEN, EDWIN BOOTH JR","2006 CAMDEN LN","CHAPEL HILL",NC,27516,2006,"",CAMDEN,"",LN,"","","CHAPEL HILL",NC,27516,60,MALE,CARRBORO,"50TH HOUSE","HOGAN FARMS","CHAPEL HILL",DEMOCRATIC,WHITE,ACTIVE,"05/02/2006 PRIMARY",5/2/2006
VADEN,"VADEN, ELIZABETH B","2006 CAMDEN LN","CHAPEL HILL",NC,27516,2006,"",CAMDEN,"",LN,"","","CHAPEL HILL",NC,27516,57,FEMALE,CARRBORO,"50TH HOUSE","HOGAN FARMS","CHAPEL HILL",DEMOCRATIC,WHITE,ACTIVE,"05/02/2006 PRIMARY",5/2/2006
VAIDYANATHAN,"VAIDYANATHAN, GANESAN","103 WRENN PL","CHAPEL HILL",NC,27516,103,"",WRENN,"",PL,"","","CHAPEL HILL",NC,27516,54,MALE,CARRBORO,"56TH HOUSE","NORTH CARRBORO","CHAPEL HILL",DEMOCRATIC,OTHER,ACTIVE,"05/02/2006 PRIMARY",5/2/2006
VAIDYANATHAN,"VAIDYANATHAN, GEETHA","103 WRENN PL","CHAPEL HILL",NC,27516,103,"",WRENN,"",PL,"","","CHAPEL HILL",NC,27516,46,FEMALE,CARRBORO,"56TH HOUSE","NORTH CARRBORO","CHAPEL HILL",DEMOCRATIC,OTHER,ACTIVE,"05/02/2006 PRIMARY",5/2/2006
VALSING,"VALSING, ELIZABETH LOUISE","101 EVANS CT",CARRBORO,NC,27510,101,"",EVANS,"",CT,"","",CARRBORO,NC,27510,44,FEMALE,CARRBORO,"56TH HOUSE","TOWN HALL","CHAPEL HILL",DEMOCRATIC,WHITE,ACTIVE,"05/02/2006 PRIMARY",5/2/2006
"VAN HASSELT","VAN HASSELT, CHRISTOPHER G","102 ROCKY PT",CARRBORO,NC,27510,102,"",ROCKY,"",PT,"","",CARRBORO,NC,27510,44,MALE,CARRBORO,"56TH HOUSE",CARRBORO,"CHAPEL HILL",DEMOCRATIC,WHITE,ACTIVE,"05/02/2006 PRIMARY",5/2/2006
"VAN ORD","VAN ORD, JOAN KOZEL","100 SUNSET RIDGE LN","CHAPEL HILL",NC,27516,100,"","SUNSET RIDGE","",LN,"","","CHAPEL HILL",NC,27516,50,FEMALE,CARRBORO,"56TH HOUSE","NORTH CARRBORO","CHAPEL HILL",DEMOCRATIC,WHITE,ACTIVE,"05/02/2006 PRIMARY",5/2/2006
VANKE,"VANKE, JEFFREY WILLIAM","102 WEATHERHILL PT",CARRBORO,NC,27510,102,"",WEATHERHILL,"",PT,"","",CARRBORO,NC,27510,37,MALE,CARRBORO,"56TH HOUSE",OWASA,"CHAPEL HILL",DEMOCRATIC,WHITE,ACTIVE,"05/02/2006 PRIMARY",5/2/2006
VANVICKLE,"VANVICKLE, JEANETTE ANN","404 ROSSBURN WAY","CHAPEL HILL",NC,27516,404,"",ROSSBURN,"",WAY,"","","CHAPEL HILL",NC,27516,46,FEMALE,CARRBORO,"54TH HOUSE",DAMASCUS,"CHAPEL HILL",DEMOCRATIC,WHITE,ACTIVE,"05/02/2006 PRIMARY",5/2/2006
VAUGHN,"VAUGHN, BRADLEY VANCE","119 WINSOME LN","CHAPEL HILL",NC,27516,119,"",WINSOME,"",LN,"","","CHAPEL HILL",NC,27516,46,MALE,CARRBORO,"56TH HOUSE",CARRBORO,"CHAPEL HILL",DEMOCRATIC,WHITE,ACTIVE,"05/02/2006 PRIMARY",5/2/2006
VERHOEVEN,"VERHOEVEN, ROBIN FRANKENBERRY","101 PINE ST   #A",CARRBORO,NC,27510,101,"",PINE,"",ST,"",A,CARRBORO,NC,27510,39,FEMALE,CARRBORO,"56TH HOUSE",CARRBORO,"CHAPEL HILL",DEMOCRATIC,"TWO or MORE RACES",ACTIVE,"05/02/2006 PRIMARY",5/2/2006
VERSENYI,"VERSENYI, ADAM","205 OLEANDER RD",CARRBORO,NC,27510,205,"",OLEANDER,"",RD,"","",CARRBORO,NC,27510,49,MALE,CARRBORO,"56TH HOUSE","LIONS CLUB","CHAPEL HILL",DEMOCRATIC,WHITE,ACTIVE,"05/02/2006 PRIMARY",5/2/2006
VICKERS,"VICKERS, ALBERT F","151 SOUTH FIELDS CIR","CHAPEL HILL",NC,27516,151,"","SOUTH FIELDS","",CIR,"","","CHAPEL HILL",NC,27516,62,MALE,CARRBORO,"50TH HOUSE","HOGAN FARMS","CHAPEL HILL",DEMOCRATIC,WHITE,ACTIVE,"05/02/2006 PRIMARY",5/2/2006
VICKERS,"VICKERS, ANN MARIE","151 SOUTH FIELDS CIR","CHAPEL HILL",NC,27516,151,"","SOUTH FIELDS","",CIR,"","","CHAPEL HILL",NC,27516,62,FEMALE,CARRBORO,"50TH HOUSE","HOGAN FARMS","CHAPEL HILL",DEMOCRATIC,WHITE,ACTIVE,"05/02/2006 PRIMARY",5/2/2006
VINCENT,"VINCENT, PEGGY S","1001 BRENDAN CT","CHAPEL HILL",NC,27516,1001,"",BRENDAN,"",CT,"","","CHAPEL HILL",NC,27516,55,FEMALE,CARRBORO,"50TH HOUSE","HOGAN FARMS","CHAPEL HILL",DEMOCRATIC,WHITE,ACTIVE,"05/02/2006 PRIMARY",5/2/2006
VINEGAR,"VINEGAR, RICHARD J","8415 INVERNESS WAY","CHAPEL HILL",NC,27516,8415,"",INVERNESS,"",WAY,"","","CHAPEL HILL",NC,27516,53,MALE,CARRBORO,"50TH HOUSE","HOGAN FARMS","CHAPEL HILL",DEMOCRATIC,WHITE,ACTIVE,"05/02/2006 PRIMARY",5/2/2006
VIRCHICK,"VIRCHICK, ELLEN OBRIEN","214 MAPLE AVE",CARRBORO,NC,27510,214,"",MAPLE,"",AVE,"","",CARRBORO,NC,27510,54,FEMALE,CARRBORO,"56TH HOUSE","TOWN HALL","CHAPEL HILL",DEMOCRATIC,WHITE,ACTIVE,"05/02/2006 PRIMARY",5/2/2006
VIRCHICK,"VIRCHICK, MITCHELL","214 MAPLE AVE",CARRBORO,NC,27510,214,"",MAPLE,"",AVE,"","",CARRBORO,NC,27510,52,MALE,CARRBORO,"56TH HOUSE","TOWN HALL","CHAPEL HILL",DEMOCRATIC,WHITE,ACTIVE,"05/02/2006 PRIMARY",5/2/2006
VISION,"VISION, TODD JEREMY","267 SWEET BAY PL",CARRBORO,NC,27510,267,"","SWEET BAY","",PL,"","",CARRBORO,NC,27510,37,MALE,CARRBORO,"56TH HOUSE","TOWN HALL","CHAPEL HILL",DEMOCRATIC,UNDESIGNATED,ACTIVE,"05/02/2006 PRIMARY",5/2/2006
VIZUETE,"VIZUETE, NATALIE","104 FAIRFIELD CT","CHAPEL HILL",NC,27516,104,"",FAIRFIELD,"",CT,"","","CHAPEL HILL",NC,27516,32,FEMALE,CARRBORO,"56TH HOUSE","NORTH CARRBORO","CHAPEL HILL",DEMOCRATIC,UNDESIGNATED,ACTIVE,"05/02/2006 PRIMARY",5/2/2006
VIZUETE,"VIZUETE, WILLIAM","104 FAIRFIELD CT","CHAPEL HILL",NC,27516,104,"",FAIRFIELD,"",CT,"","","CHAPEL HILL",NC,27516,30,MALE,CARRBORO,"56TH HOUSE","NORTH CARRBORO","CHAPEL HILL",DEMOCRATIC,UNDESIGNATED,ACTIVE,"05/02/2006 PRIMARY",5/2/2006
VOSS,"VOSS, LISA ANN","401 ROCKGARDEN DR","CHAPEL HILL",NC,27516,401,"",ROCKGARDEN,"",DR,"","","CHAPEL HILL",NC,27516,42,FEMALE,CARRBORO,"56TH HOUSE","NORTH CARRBORO","CHAPEL HILL",DEMOCRATIC,WHITE,ACTIVE,"05/02/2006 PRIMARY",5/2/2006
WAIT,"WAIT, DOUGLAS ARTHUR","104 CANTON CT","CHAPEL HILL",NC,27516,104,"",CANTON,"",CT,"","","CHAPEL HILL",NC,27516,57,MALE,CARRBORO,"56TH HOUSE","NORTH CARRBORO","CHAPEL HILL",DEMOCRATIC,WHITE,ACTIVE,"05/02/2006 PRIMARY",5/2/2006
WAKEFORD,"WAKEFORD, MARY ELIZABETH","205H W POPLAR AVE",CARRBORO,NC,27510,205,W,POPLAR,"",AVE,"","",CARRBORO,NC,27510,63,FEMALE,CARRBORO,"56TH HOUSE","LIONS CLUB","CHAPEL HILL",DEMOCRATIC,WHITE,ACTIVE,"05/02/2006 PRIMARY",5/2/2006
WALATA,"WALATA, LINDSEY CLARK","103 JASMINE CT",CARRBORO,NC,27510,103,"",JASMINE,"",CT,"","",CARRBORO,NC,27510,47,FEMALE,CARRBORO,"56TH HOUSE","NORTH CARRBORO","CHAPEL HILL",DEMOCRATIC,WHITE,ACTIVE,"05/02/2006 PRIMARY",5/2/2006
WALATA,"WALATA, STEPHEN ANTHONY III","103 JASMINE CT",CARRBORO,NC,27510,103,"",JASMINE,"",CT,"","",CARRBORO,NC,27510,48,FEMALE,CARRBORO,"56TH HOUSE","NORTH CARRBORO","CHAPEL HILL",DEMOCRATIC,WHITE,ACTIVE,"05/02/2006 PRIMARY",5/2/2006
WALL,"WALL, BARBARA BALDWIN","102 STARLITE DR",CARRBORO,NC,27510,102,"",STARLITE,"",DR,"","",CARRBORO,NC,27510,66,FEMALE,CARRBORO,"56TH HOUSE","TOWN HALL","CHAPEL HILL",DEMOCRATIC,"BLACK or AFRICAN AMERICAN",ACTIVE,"05/02/2006 PRIMARY",5/2/2006
WARD,"WARD, ALFRED TILDEN JR","100 PINE HILL DR   #D",CARRBORO,NC,27510,100,"","PINE HILL","",DR,"",D,CARRBORO,NC,27510,61,MALE,CARRBORO,"56TH HOUSE",CARRBORO,"CHAPEL HILL",DEMOCRATIC,"TWO or MORE RACES",ACTIVE,"05/02/2006 PRIMARY",5/2/2006
WARD,"WARD, BERNARD RUDOLPH JR","118 BIM ST   #H",CARRBORO,NC,27510,118,"",BIM,"",ST,"",H,CARRBORO,NC,27510,61,MALE,CARRBORO,"56TH HOUSE","LIONS CLUB","CHAPEL HILL",DEMOCRATIC,WHITE,ACTIVE,"05/02/2006 PRIMARY",5/2/2006
WARNER,"WARNER, HARRIET ISABELLA","1813 PATHWAY DR",CARRBORO,NC,27510,1813,"",PATHWAY,"",DR,"","",CARRBORO,NC,27510,74,FEMALE,CARRBORO,"56TH HOUSE","NORTH CARRBORO","CHAPEL HILL",DEMOCRATIC,WHITE,ACTIVE,"05/02/2006 PRIMARY",5/2/2006
WARSHAW,"WARSHAW, ANN CAPPS","400 DAVIE RD   #7",CARRBORO,NC,27510,400,"",DAVIE,"",RD,"",7,CARRBORO,NC,27510,24,FEMALE,CARRBORO,"56TH HOUSE","LIONS CLUB","CHAPEL HILL",DEMOCRATIC,WHITE,ACTIVE,"05/02/2006 PRIMARY",5/2/2006
WATERBURY,"WATERBURY, JOYCE A","703 MANOR RIDGE DR",CARRBORO,NC,27510,703,"","MANOR RIDGE","",DR,"","",CARRBORO,NC,27510,49,FEMALE,CARRBORO,"54TH HOUSE",DAMASCUS,"CHAPEL HILL",DEMOCRATIC,WHITE,ACTIVE,"05/02/2006 PRIMARY",5/2/2006
WATERS,"WATERS, JAMES CREAL","107 SHADOW RIDGE PL","CHAPEL HILL",NC,27516,107,"","SHADOW RIDGE","",PL,"","","CHAPEL HILL",NC,27516,53,MALE,CARRBORO,"50TH HOUSE","HOGAN FARMS","CHAPEL HILL",DEMOCRATIC,WHITE,ACTIVE,"05/02/2006 PRIMARY",5/2/2006
WATERS,"WATERS, LINDSAY SCOTT","107 SHADOW RIDGE PL","CHAPEL HILL",NC,27516,107,"","SHADOW RIDGE","",PL,"","","CHAPEL HILL",NC,27516,53,FEMALE,CARRBORO,"50TH HOUSE","HOGAN FARMS","CHAPEL HILL",DEMOCRATIC,WHITE,ACTIVE,"05/02/2006 PRIMARY",5/2/2006
WATSON,"WATSON, ANNE NORRIS","118 WEATHERHILL PT",CARRBORO,NC,27510,118,"",WEATHERHILL,"",PT,"","",CARRBORO,NC,27510,65,FEMALE,CARRBORO,"56TH HOUSE",OWASA,"CHAPEL HILL",DEMOCRATIC,WHITE,ACTIVE,"05/02/2006 PRIMARY",5/2/2006
WATSON,"WATSON, HARRY L","107 BUCK TAYLOR TRL","CHAPEL HILL",NC,27516,107,"","BUCK TAYLOR","",TRL,"","","CHAPEL HILL",NC,27516,57,MALE,CARRBORO,"56TH HOUSE","NORTH CARRBORO","CHAPEL HILL",DEMOCRATIC,WHITE,ACTIVE,"05/02/2006 PRIMARY",5/2/2006
WATSON,"WATSON, VINCENT C","103 CULBRETH RD   #201","CHAPEL HILL",NC,27516,103,"",CULBRETH,"",RD,"",201,"CHAPEL HILL",NC,27516,79,MALE,CARRBORO,"54TH HOUSE",DAMASCUS,"CHAPEL HILL",DEMOCRATIC,WHITE,ACTIVE,"05/02/2006 PRIMARY",5/2/2006
WATTS,"WATTS, IDA MARGARET","105 W POPLAR AVE EXT",CARRBORO,NC,27510,105,W,POPLAR,EXT,AVE,"","",CARRBORO,NC,27510,78,FEMALE,CARRBORO,"56TH HOUSE","LIONS CLUB","CHAPEL HILL",DEMOCRATIC,WHITE,ACTIVE,"05/02/2006 PRIMARY",5/2/2006
WATTS,"WATTS, RICHARD MCKINLEY","105 MARY ST",CARRBORO,NC,27510,105,"",MARY,"",ST,"","",CARRBORO,NC,27510,53,MALE,CARRBORO,"56TH HOUSE",CARRBORO,"CHAPEL HILL",DEMOCRATIC,WHITE,ACTIVE,"05/02/2006 PRIMARY",5/2/2006
WAYNICK,"WAYNICK, BETTY JEAN","113 CIRCADIAN WAY","CHAPEL HILL",NC,27516,113,"",CIRCADIAN,"",WAY,"","","CHAPEL HILL",NC,27516,58,FEMALE,CARRBORO,"56TH HOUSE","NORTH CARRBORO","CHAPEL HILL",DEMOCRATIC,WHITE,ACTIVE,"05/02/2006 PRIMARY",5/2/2006
WEAKLAND,"WEAKLAND, THOMAS M","201 OLEANDER RD",CARRBORO,NC,27510,201,"",OLEANDER,"",RD,"","",CARRBORO,NC,27510,49,MALE,CARRBORO,"56TH HOUSE","LIONS CLUB","CHAPEL HILL",DEMOCRATIC,WHITE,ACTIVE,"05/02/2006 PRIMARY",5/2/2006
WEATHERLY,"WEATHERLY, EILEEN M","101 HUNTER PL",CARRBORO,NC,27510,101,"",HUNTER,"",PL,"","",CARRBORO,NC,27510,75,FEMALE,CARRBORO,"56TH HOUSE",CARRBORO,"CHAPEL HILL",DEMOCRATIC,WHITE,ACTIVE,"05/02/2006 PRIMARY",5/2/2006
WEAVER,"WEAVER, FREDERICK DOUGLAS","213 BROAD ST",CARRBORO,NC,27510,213,"",BROAD,"",ST,"","",CARRBORO,NC,27510,66,MALE,CARRBORO,"56TH HOUSE","TOWN HALL","CHAPEL HILL",DEMOCRATIC,"BLACK or AFRICAN AMERICAN",ACTIVE,"05/02/2006 PRIMARY",5/2/2006
WEAVER,"WEAVER, JAMES VERNON","207 PRINCE ST",CARRBORO,NC,27510,207,"",PRINCE,"",ST,"","",CARRBORO,NC,27510,60,MALE,CARRBORO,"56TH HOUSE",OWASA,"CHAPEL HILL",DEMOCRATIC,"BLACK or AFRICAN AMERICAN",ACTIVE,"05/02/2006 PRIMARY",5/2/2006
WEAVER,"WEAVER, MILDRED W","613 HILLSBOROUGH RD",CARRBORO,NC,27510,613,"",HILLSBOROUGH,"",RD,"","",CARRBORO,NC,27510,73,FEMALE,CARRBORO,"56TH HOUSE",CARRBORO,"CHAPEL HILL",DEMOCRATIC,WHITE,ACTIVE,"05/02/2006 PRIMARY",5/2/2006
WEAVER,"WEAVER, ROBERT DAVID","615-A W MAIN ST",CARRBORO,NC,27510,615,W,MAIN,"",ST,"","",CARRBORO,NC,27510,55,MALE,CARRBORO,"56TH HOUSE","LIONS CLUB","CHAPEL HILL",DEMOCRATIC,WHITE,ACTIVE,"05/02/2006 PRIMARY",5/2/2006
WEAVER,"WEAVER, SARAH LLOYD","207 PRINCE ST",CARRBORO,NC,27510,207,"",PRINCE,"",ST,"","",CARRBORO,NC,27510,59,FEMALE,CARRBORO,"56TH HOUSE",OWASA,"CHAPEL HILL",DEMOCRATIC,"BLACK or AFRICAN AMERICAN",ACTIVE,"05/02/2006 PRIMARY",5/2/2006
WEAVER,"WEAVER, SHERDENIA LENETTA","213 BROAD ST",CARRBORO,NC,27510,213,"",BROAD,"",ST,"","",CARRBORO,NC,27510,61,FEMALE,CARRBORO,"56TH HOUSE","TOWN HALL","CHAPEL HILL",DEMOCRATIC,"BLACK or AFRICAN AMERICAN",ACTIVE,"05/02/2006 PRIMARY",5/2/2006
WEAVER,"WEAVER, STARNES E","613 HILLSBOROUGH RD",CARRBORO,NC,27510,613,"",HILLSBOROUGH,"",RD,"","",CARRBORO,NC,27510,80,MALE,CARRBORO,"56TH HOUSE",CARRBORO,"CHAPEL HILL",DEMOCRATIC,WHITE,ACTIVE,"05/02/2006 PRIMARY",5/2/2006
WEBB,"WEBB, CHARLES EDWARD","PO BOX 1047",CARRBORO,NC,27510,201,"","NC HWY 54","",BYP,"",717,CARRBORO,NC,27510,70,MALE,CARRBORO,"56TH HOUSE","LIONS CLUB","CHAPEL HILL",DEMOCRATIC,WHITE,ACTIVE,"05/02/2006 PRIMARY",5/2/2006
WEBB-ALSTON,"WEBB-ALSTON, LILLIE MAE","100 SUE ANN CT   #A",CARRBORO,NC,27510,100,"","SUE ANN","",CT,"",A,CARRBORO,NC,27510,48,FEMALE,CARRBORO,"56TH HOUSE",CARRBORO,"CHAPEL HILL",DEMOCRATIC,"BLACK or AFRICAN AMERICAN",ACTIVE,"05/02/2006 PRIMARY",5/2/2006
WEBB-MITCHELL,"WEBB-MITCHELL, PAMELA J","300 WESTBROOK DR",CARRBORO,NC,27510,300,"",WESTBROOK,"",DR,"","",CARRBORO,NC,27510,50,FEMALE,CARRBORO,"56TH HOUSE",OWASA,"CHAPEL HILL",DEMOCRATIC,WHITE,ACTIVE,"05/02/2006 PRIMARY",5/2/2006
WEBER,"WEBER, CHRISTOBEL C","600 W POPLAR AVE #236",CARRBORO,NC,27510,600,W,POPLAR,"",AVE,"",236,CARRBORO,NC,27510,83,FEMALE,CARRBORO,"56TH HOUSE","LIONS CLUB","CHAPEL HILL",DEMOCRATIC,WHITE,ACTIVE,"05/02/2006 PRIMARY",5/2/2006
WEBER,"WEBER, WENDY LISA","109 GOLDSTON AVE",CARRBORO,NC,27510,109,"",GOLDSTON,"",AVE,"","",CARRBORO,NC,27510,39,FEMALE,CARRBORO,"56TH HOUSE",CARRBORO,"CHAPEL HILL",DEMOCRATIC,WHITE,ACTIVE,"05/02/2006 PRIMARY",5/2/2006
WEISS,"WEISS, MARISSA LYNN","403 S GREENSBORO ST",CARRBORO,NC,27510,403,S,GREENSBORO,"",ST,"","",CARRBORO,NC,27510,29,FEMALE,CARRBORO,"56TH HOUSE","TOWN HALL","CHAPEL HILL",DEMOCRATIC,WHITE,ACTIVE,"05/02/2006 PRIMARY",5/2/2006
WELLS,"WELLS, TERESA D","101 EUGENE ST   #D",CARRBORO,NC,27510,101,"",EUGENE,"",ST,"",D,CARRBORO,NC,27510,42,FEMALE,CARRBORO,"56TH HOUSE","TOWN HALL","CHAPEL HILL",DEMOCRATIC,"BLACK or AFRICAN AMERICAN",ACTIVE,"05/02/2006 PRIMARY",5/2/2006
WENCK,"WENCK, WENDY E","102-D LAUREL AVE",CARRBORO,NC,27510,102,"",LAUREL,"",AVE,"","",CARRBORO,NC,27510,46,FEMALE,CARRBORO,"56TH HOUSE","LIONS CLUB","CHAPEL HILL",DEMOCRATIC,WHITE,ACTIVE,"05/02/2006 PRIMARY",5/2/2006
WEST,"WEST, WALTER CARR","107 CAROL ST",CARRBORO,NC,27510,107,"",CAROL,"",ST,"","",CARRBORO,NC,27510,60,MALE,CARRBORO,"56TH HOUSE",CARRBORO,"CHAPEL HILL",DEMOCRATIC,WHITE,ACTIVE,"05/02/2006 PRIMARY",5/2/2006
WESTREICH,"WESTREICH, DANIEL JACOB","402 OAK AVE",CARRBORO,NC,27510,402,"",OAK,"",AVE,"","",CARRBORO,NC,27510,31,MALE,CARRBORO,"56TH HOUSE",CARRBORO,"CHAPEL HILL",DEMOCRATIC,WHITE,ACTIVE,"05/02/2006 PRIMARY",5/2/2006
WESTREICH,"WESTREICH, KATHERINE DAVIS","402 OAK AVE",CARRBORO,NC,27510,402,"",OAK,"",AVE,"","",CARRBORO,NC,27510,29,FEMALE,CARRBORO,"56TH HOUSE",CARRBORO,"CHAPEL HILL",DEMOCRATIC,WHITE,ACTIVE,"05/02/2006 PRIMARY",5/2/2006
WHEELER,"WHEELER, BROOKE ELLEN","105 W CARR ST   #C",CARRBORO,NC,27510,105,W,CARR,"",ST,"",C,CARRBORO,NC,27510,28,FEMALE,CARRBORO,"56TH HOUSE",OWASA,"CHAPEL HILL",DEMOCRATIC,UNDESIGNATED,ACTIVE,"05/02/2006 PRIMARY",5/2/2006
WHEELER,"WHEELER, KATE","111 ELM ST",CARRBORO,NC,27510,111,"",ELM,"",ST,"","",CARRBORO,NC,27510,20,FEMALE,CARRBORO,"56TH HOUSE","TOWN HALL","CHAPEL HILL",DEMOCRATIC,WHITE,ACTIVE,"05/02/2006 PRIMARY",5/2/2006
WHEELER,"WHEELER, MARTHA SCHWARTZ","111 ELM ST",CARRBORO,NC,27510,111,"",ELM,"",ST,"","",CARRBORO,NC,27510,52,FEMALE,CARRBORO,"56TH HOUSE","TOWN HALL","CHAPEL HILL",DEMOCRATIC,WHITE,ACTIVE,"05/02/2006 PRIMARY",5/2/2006
WHISNANT,"WHISNANT, WILLIAM THOMAS III","104-C JONES FERRY RD",CARRBORO,NC,27510,101,"",BLACKWOOD,"",DR,"","",CARRBORO,NC,27510,47,MALE,CARRBORO,"56TH HOUSE","LIONS CLUB","CHAPEL HILL",DEMOCRATIC,WHITE,ACTIVE,"05/02/2006 PRIMARY",5/2/2006
WHITE,"WHITE, CAROLYN HERVEY","300 TRIPP FARM RD","CHAPEL HILL",NC,27516,300,"","TRIPP FARM","",RD,"","","CHAPEL HILL",NC,27516,53,FEMALE,CARRBORO,"56TH HOUSE","NORTH CARRBORO","CHAPEL HILL",DEMOCRATIC,WHITE,ACTIVE,"05/02/2006 PRIMARY",5/2/2006
WHITE,"WHITE, PHILIP CAMPBELL","617 HILLSBOROUGH RD",CARRBORO,NC,27510,617,"",HILLSBOROUGH,"",RD,"","",CARRBORO,NC,27510,55,MALE,CARRBORO,"56TH HOUSE",CARRBORO,"CHAPEL HILL",DEMOCRATIC,WHITE,ACTIVE,"05/02/2006 PRIMARY",5/2/2006
WHITESIDES,"WHITESIDES, JANET SARAH","112 ELM ST",CARRBORO,NC,27510,112,"",ELM,"",ST,"","",CARRBORO,NC,27510,52,FEMALE,CARRBORO,"56TH HOUSE","TOWN HALL","CHAPEL HILL",DEMOCRATIC,WHITE,ACTIVE,"05/02/2006 PRIMARY",5/2/2006
WHITTLE,"WHITTLE, DANIEL JEREMY","609 SHELTON ST",CARRBORO,NC,27510,609,"",SHELTON,"",ST,"","",CARRBORO,NC,27510,44,MALE,CARRBORO,"56TH HOUSE","TOWN HALL","CHAPEL HILL",DEMOCRATIC,WHITE,ACTIVE,"05/02/2006 PRIMARY",5/2/2006
WIENER,"WIENER, MARGARET JOYCE","104 CREEKVIEW CIR",CARRBORO,NC,27510,104,"",CREEKVIEW,"",CIR,"","",CARRBORO,NC,27510,53,FEMALE,CARRBORO,"56TH HOUSE","NORTH CARRBORO","CHAPEL HILL",DEMOCRATIC,WHITE,ACTIVE,"05/02/2006 PRIMARY",5/2/2006
WILEY,"WILEY, MINNA SPENCER","102 KEITH RD",CARRBORO,NC,27510,102,"",KEITH,"",RD,"","",CARRBORO,NC,27510,61,FEMALE,CARRBORO,"56TH HOUSE","LIONS CLUB","CHAPEL HILL",DEMOCRATIC,WHITE,ACTIVE,"05/02/2006 PRIMARY",5/2/2006
WILEY,"WILEY, RICHARD HAVEN JR","102 KEITH RD",CARRBORO,NC,27510,102,"",KEITH,"",RD,"","",CARRBORO,NC,27510,64,MALE,CARRBORO,"56TH HOUSE","LIONS CLUB","CHAPEL HILL",DEMOCRATIC,WHITE,ACTIVE,"05/02/2006 PRIMARY",5/2/2006
WILKINSON,"WILKINSON, DOROTHY D","201 LORRAINE ST",CARRBORO,NC,27510,201,"",LORRAINE,"",ST,"","",CARRBORO,NC,27510,75,FEMALE,CARRBORO,"56TH HOUSE",CARRBORO,"CHAPEL HILL",DEMOCRATIC,WHITE,ACTIVE,"05/02/2006 PRIMARY",5/2/2006
WILLIAMS,"WILLIAMS, FAUCETTE E","500 N GREENSBORO ST",CARRBORO,NC,27510,500,N,GREENSBORO,"",ST,"","",CARRBORO,NC,27510,87,FEMALE,CARRBORO,"56TH HOUSE","TOWN HALL","CHAPEL HILL",DEMOCRATIC,WHITE,ACTIVE,"05/02/2006 PRIMARY",5/2/2006
WILLIAMS,"WILLIAMS, JAMES EDWARD JR","415 WATERSIDE DR",CARRBORO,NC,27510,415,"",WATERSIDE,"",DR,"","",CARRBORO,NC,27510,56,MALE,CARRBORO,"56TH HOUSE","NORTH CARRBORO","CHAPEL HILL",DEMOCRATIC,"BLACK or AFRICAN AMERICAN",ACTIVE,"05/02/2006 PRIMARY",5/2/2006
WILLIAMS,"WILLIAMS, JESSICA HACKNEY","109 MILTON DR   #B",CARRBORO,NC,27510,109,"",MILTON,"",DR,"",B,CARRBORO,NC,27510,38,FEMALE,CARRBORO,"56TH HOUSE",CARRBORO,"CHAPEL HILL",DEMOCRATIC,WHITE,ACTIVE,"05/02/2006 PRIMARY",5/2/2006
WILLIAMS,"WILLIAMS, KATHY HUNTER","261 SWEET BAY PL",CARRBORO,NC,27510,261,"","SWEET BAY","",PL,"","",CARRBORO,NC,27510,107,FEMALE,CARRBORO,"56TH HOUSE","TOWN HALL","CHAPEL HILL",DEMOCRATIC,"BLACK or AFRICAN AMERICAN",ACTIVE,"05/02/2006 PRIMARY",5/2/2006
WILLIAMS,"WILLIAMS, MELANIE DENISE","8326 BURNS PL","CHAPEL HILL",NC,27516,8326,"",BURNS,"",PL,"","","CHAPEL HILL",NC,27516,50,FEMALE,CARRBORO,"50TH HOUSE","HOGAN FARMS","CHAPEL HILL",DEMOCRATIC,WHITE,ACTIVE,"05/02/2006 PRIMARY",5/2/2006
WILLIFORD,"WILLIFORD, ROY MEUNIER","123 COBBLESTONE DR","CHAPEL HILL",NC,27516,123,"",COBBLESTONE,"",DR,"","","CHAPEL HILL",NC,27516,57,MALE,CARRBORO,"56TH HOUSE","NORTH CARRBORO","CHAPEL HILL",DEMOCRATIC,WHITE,ACTIVE,"05/02/2006 PRIMARY",5/2/2006
WILSON,"WILSON, ADDIE","104 STARLITE DR",CARRBORO,NC,27510,104,"",STARLITE,"",DR,"","",CARRBORO,NC,27510,55,FEMALE,CARRBORO,"56TH HOUSE","TOWN HALL","CHAPEL HILL",DEMOCRATIC,"BLACK or AFRICAN AMERICAN",ACTIVE,"05/02/2006 PRIMARY",5/2/2006
WILSON,"WILSON, CLARA L","704 W ROSEMARY ST   #A",CARRBORO,NC,27510,704,W,ROSEMARY,"",ST,"",A,CARRBORO,NC,27510,69,FEMALE,CARRBORO,"56TH HOUSE","TOWN HALL","CHAPEL HILL",DEMOCRATIC,"BLACK or AFRICAN AMERICAN",ACTIVE,"05/02/2006 PRIMARY",5/2/2006
WILSON,"WILSON, DARCY LOUISE","202 MORNINGSIDE DR",CARRBORO,NC,27510,202,"",MORNINGSIDE,"",DR,"","",CARRBORO,NC,27510,48,FEMALE,CARRBORO,"56TH HOUSE","NORTH CARRBORO","CHAPEL HILL",DEMOCRATIC,WHITE,ACTIVE,"05/02/2006 PRIMARY",5/2/2006
WILSON,"WILSON, JOAN WALLACE","103 SPRING VALLEY RD",CARRBORO,NC,27510,103,"","SPRING VALLEY","",RD,"","",CARRBORO,NC,27510,69,FEMALE,CARRBORO,"56TH HOUSE","NORTH CARRBORO","CHAPEL HILL",DEMOCRATIC,WHITE,ACTIVE,"05/02/2006 PRIMARY",5/2/2006
WILTBERGER,"WILTBERGER, THOMAS JOSEPH","503 OAK AVE",CARRBORO,NC,27510,503,"",OAK,"",AVE,"","",CARRBORO,NC,27510,37,MALE,CARRBORO,"56TH HOUSE",CARRBORO,"CHAPEL HILL",DEMOCRATIC,WHITE,ACTIVE,"05/02/2006 PRIMARY",5/2/2006
WINSLOW,"WINSLOW, ANNE","223 STABLE RD",CARRBORO,NC,27510,223,"",STABLE,"",RD,"","",CARRBORO,NC,27510,51,FEMALE,CARRBORO,"56TH HOUSE","TOWN HALL","CHAPEL HILL",DEMOCRATIC,WHITE,ACTIVE,"05/02/2006 PRIMARY",5/2/2006
WINSTEAD,"WINSTEAD, DANNY O SR","501 NC HWY 54 BYP",CARRBORO,NC,27510,501,"","NC HWY 54","",BYP,"","",CARRBORO,NC,27510,53,MALE,CARRBORO,"56TH HOUSE",OWASA,"CHAPEL HILL",DEMOCRATIC,"BLACK or AFRICAN AMERICAN",INACTIVE,"05/02/2006 PRIMARY",5/2/2006
WOODHOUSE,"WOODHOUSE, MARY KNOBLOCH","PO BOX 1702",CARRBORO,NC,27510,222,"","OLD FAYETTEVILLE","",RD,"",F-107,CARRBORO,NC,27510,44,FEMALE,CARRBORO,"56TH HOUSE","LIONS CLUB","CHAPEL HILL",DEMOCRATIC,WHITE,ACTIVE,"05/02/2006 PRIMARY",5/2/2006
WOODSON,"WOODSON, JOHN WAYNE","105 MILLROCK CT",CARRBORO,NC,27510,105,"",MILLROCK,"",CT,"","",CARRBORO,NC,27510,64,MALE,CARRBORO,"56TH HOUSE","NORTH CARRBORO","CHAPEL HILL",DEMOCRATIC,WHITE,ACTIVE,"05/02/2006 PRIMARY",5/2/2006
WORSHAM,"WORSHAM, PAIGE CONNOR","201 WESTBROOK DR   #D-12",CARRBORO,NC,27510,201,"",WESTBROOK,"",DR,"",D-12,CARRBORO,NC,27510,26,FEMALE,CARRBORO,"56TH HOUSE",OWASA,"CHAPEL HILL",DEMOCRATIC,WHITE,ACTIVE,"05/02/2006 PRIMARY",5/2/2006
WORTHINGTON,"WORTHINGTON, SHARON E","PO BOX 75",CARRBORO,NC,27510,121,"",WESTVIEW,"",DR,"",18,CARRBORO,NC,27510,41,FEMALE,CARRBORO,"56TH HOUSE","LIONS CLUB","CHAPEL HILL",DEMOCRATIC,WHITE,ACTIVE,"05/02/2006 PRIMARY",5/2/2006
WYATT,"WYATT, ALAN SHELFORD","100 DOVE ST",CARRBORO,NC,27510,100,"",DOVE,"",ST,"","",CARRBORO,NC,27510,53,MALE,CARRBORO,"56TH HOUSE",CARRBORO,"CHAPEL HILL",DEMOCRATIC,WHITE,ACTIVE,"05/02/2006 PRIMARY",5/2/2006
WYATT,"WYATT, LESLIE ADAM","100 DOVE ST",CARRBORO,NC,27510,100,"",DOVE,"",ST,"","",CARRBORO,NC,27510,51,FEMALE,CARRBORO,"56TH HOUSE",CARRBORO,"CHAPEL HILL",DEMOCRATIC,WHITE,ACTIVE,"05/02/2006 PRIMARY",5/2/2006
WYATT,"WYATT, VIRGINIA MAE","600 W POPLAR AVE #136",CARRBORO,NC,27510,600,W,POPLAR,"",AVE,"",136,CARRBORO,NC,27510,86,FEMALE,CARRBORO,"56TH HOUSE","LIONS CLUB","CHAPEL HILL",DEMOCRATIC,"BLACK or AFRICAN AMERICAN",ACTIVE,"05/02/2006 PRIMARY",5/2/2006
YOPP,"YOPP, JAN J","506 ROBERT HUNT DR",CARRBORO,NC,27510,506,"","ROBERT HUNT","",DR,"","",CARRBORO,NC,27510,58,FEMALE,CARRBORO,"56TH HOUSE","NORTH CARRBORO","CHAPEL HILL",DEMOCRATIC,WHITE,ACTIVE,"05/02/2006 PRIMARY",5/2/2006
YOUNG,"YOUNG, ANILIZABETH","600 W POPLAR AVE   #244",CARRBORO,NC,27510,600,W,POPLAR,"",AVE,"",244,CARRBORO,NC,27510,64,FEMALE,CARRBORO,"56TH HOUSE","LIONS CLUB","CHAPEL HILL",DEMOCRATIC,"BLACK or AFRICAN AMERICAN",ACTIVE,"05/02/2006 PRIMARY",5/2/2006
YOUNG,"YOUNG, TOMMIE LEE","103 HOGAN GLEN CT","CHAPEL HILL",NC,27516,103,"","HOGAN GLEN","",CT,"","","CHAPEL HILL",NC,27516,58,MALE,CARRBORO,"50TH HOUSE","HOGAN FARMS","CHAPEL HILL",DEMOCRATIC,"BLACK or AFRICAN AMERICAN",ACTIVE,"05/02/2006 PRIMARY",5/2/2006
ZAFFRON,"ZAFFRON, ROBERT ALEXANDER","PO BOX 667",CARRBORO,NC,27510,100,"","ROCK HAVEN","",RD,"",M2-112,CARRBORO,NC,27510,45,MALE,CARRBORO,"54TH HOUSE",DAMASCUS,"CHAPEL HILL",DEMOCRATIC,WHITE,ACTIVE,"05/02/2006 PRIMARY",5/2/2006
ZASLOW,"ZASLOW, JOSHUA OM","204 JAMES ST",CARRBORO,NC,27510,204,"",JAMES,"",ST,"","",CARRBORO,NC,27510,29,MALE,CARRBORO,"56TH HOUSE",CARRBORO,"CHAPEL HILL",DEMOCRATIC,WHITE,ACTIVE,"05/02/2006 PRIMARY",5/2/2006
ZELLMER,"ZELLMER, ANN WARDEN","209 WATERSIDE DR",CARRBORO,NC,27510,209,"",WATERSIDE,"",DR,"","",CARRBORO,NC,27510,55,FEMALE,CARRBORO,"56TH HOUSE","NORTH CARRBORO","CHAPEL HILL",DEMOCRATIC,WHITE,ACTIVE,"05/02/2006 PRIMARY",5/2/2006
ZELLMER,"ZELLMER, JAMES BERTRAM","209 WATERSIDE DR",CARRBORO,NC,27510,209,"",WATERSIDE,"",DR,"","",CARRBORO,NC,27510,54,MALE,CARRBORO,"56TH HOUSE","NORTH CARRBORO","CHAPEL HILL",DEMOCRATIC,WHITE,ACTIVE,"05/02/2006 PRIMARY",5/2/2006
ZINN,"ZINN, OMAR","306 ROSSBURN WAY","CHAPEL HILL",NC,27516,306,"",ROSSBURN,"",WAY,"","","CHAPEL HILL",NC,27516,38,MALE,CARRBORO,"54TH HOUSE",DAMASCUS,"CHAPEL HILL",DEMOCRATIC,WHITE,ACTIVE,"05/02/2006 PRIMARY",5/2/2006
ZLOTNIK,"ZLOTNIK, SARAH REBECCA","105 FIDELITY ST   #A3",CARRBORO,NC,27510,105,"",FIDELITY,"",ST,"",A3,CARRBORO,NC,27510,27,FEMALE,CARRBORO,"56TH HOUSE","LIONS CLUB","CHAPEL HILL",DEMOCRATIC,WHITE,ACTIVE,"05/02/2006 PRIMARY",5/2/2006
ZOLOTOR,"ZOLOTOR, ADAM JASON","109 RED SUNSET PL",CARRBORO,NC,27510,109,"","RED SUNSET","",PL,"","",CARRBORO,NC,27510,36,MALE,CARRBORO,"56TH HOUSE","TOWN HALL","CHAPEL HILL",DEMOCRATIC,WHITE,ACTIVE,"05/02/2006 PRIMARY",5/2/2006
ZURLIENE,"ZURLIENE, GINGER JONES","3003 STAFFIELD LN","CHAPEL HILL",NC,27516,3003,"",STAFFIELD,"",LN,"","","CHAPEL HILL",NC,27516,45,FEMALE,CARRBORO,"50TH HOUSE","HOGAN FARMS","CHAPEL HILL",DEMOCRATIC,WHITE,ACTIVE,"05/02/2006 PRIMARY",5/2/2006
ZURLIENE,"ZURLIENE, TIMOTHY JAMES","3003 STAFFIELD LN","CHAPEL HILL",NC,27516,3003,"",STAFFIELD,"",LN,"","","CHAPEL HILL",NC,27516,45,MALE,CARRBORO,"50TH HOUSE","HOGAN FARMS","CHAPEL HILL",DEMOCRATIC,WHITE,ACTIVE,"05/02/2006 PRIMARY",5/2/2006
ZUVER,"ZUVER, DEBORAH JANE","105 MULBERRY ST   #A",CARRBORO,NC,27510,105,"",MULBERRY,"",ST,"",A,CARRBORO,NC,27510,56,FEMALE,CARRBORO,"56TH HOUSE","TOWN HALL","CHAPEL HILL",DEMOCRATIC,WHITE,ACTIVE,"05/02/2006 PRIMARY",5/2/2006
