ln,name,mailaddr,mailcity,mailstate,mailzip,resno,resdir,resstreet,ressuffic,restype,resunitd,resunitno,rescity,resstate,reszip,age,gender,muni,house,precinct,school,party,race,status,ename,edate
ABEL-SHOUP,"ABEL-SHOUP, MICHELLE JOY","605 LAKE HOGAN FARM RD","CHAPEL HILL",NC,27516,605,"","LAKE HOGAN FARM","",RD,"","","CHAPEL HILL",NC,27516,44,FEMALE,CARRBORO,"50TH HOUSE","HOGAN FARMS","CHAPEL HILL",REPUBLICAN,WHITE,ACTIVE,"11/07/2006 GENERAL",11/7/2006
ACUFF,"ACUFF, ELIZABETH LINEBERGER","103 HOGAN RIDGE CT","CHAPEL HILL",NC,27516,103,"","HOGAN RIDGE","",CT,"","","CHAPEL HILL",NC,27516,54,FEMALE,CARRBORO,"50TH HOUSE","HOGAN FARMS","CHAPEL HILL",REPUBLICAN,WHITE,ACTIVE,"11/07/2006 GENERAL",11/7/2006
ACUFF,"ACUFF, MARK DOUGLAS","103 HOGAN RIDGE CT","CHAPEL HILL",NC,27516,103,"","HOGAN RIDGE","",CT,"","","CHAPEL HILL",NC,27516,54,MALE,CARRBORO,"50TH HOUSE","HOGAN FARMS","CHAPEL HILL",REPUBLICAN,WHITE,ACTIVE,"11/07/2006 GENERAL",11/7/2006
ADAMS,"ADAMS, MEREDITH MARIE SMITH","222 OLD FAYETTEVILLE RD   #I308",CARRBORO,NC,27510,222,"","OLD FAYETTEVILLE","",RD,"",I308,CARRBORO,NC,27510,26,FEMALE,CARRBORO,"56TH HOUSE","LIONS CLUB","CHAPEL HILL",REPUBLICAN,WHITE,ACTIVE,"11/07/2006 GENERAL",11/7/2006
ALEXANDER,"ALEXANDER, MARTHA ELIZABETH","140 BPW CLUB RD   #F-24",CARRBORO,NC,27510,140,"","BPW CLUB","",RD,"",F-24,CARRBORO,NC,27510,30,FEMALE,CARRBORO,"54TH HOUSE",DAMASCUS,"CHAPEL HILL",REPUBLICAN,WHITE,ACTIVE,"11/07/2006 GENERAL",11/7/2006
ALSTON,"ALSTON, ALVIN L","111 W CARR ST",CARRBORO,NC,27510,111,W,CARR,"",ST,"","",CARRBORO,NC,27510,66,MALE,CARRBORO,"56TH HOUSE",OWASA,"CHAPEL HILL",REPUBLICAN,"BLACK or AFRICAN AMERICAN",ACTIVE,"11/07/2006 GENERAL",11/7/2006
ALTFILLISCH,"ALTFILLISCH, MICHAEL DANIEL JR","106 W CARR ST   #3",CARRBORO,NC,27510,106,W,CARR,"",ST,"",3,CARRBORO,NC,27510,55,MALE,CARRBORO,"56TH HOUSE",OWASA,"CHAPEL HILL",REPUBLICAN,WHITE,ACTIVE,"11/07/2006 GENERAL",11/7/2006
ALTMAN,"ALTMAN, PAUL L","1009 BRENDAN CT","CHAPEL HILL",NC,27516,1009,"",BRENDAN,"",CT,"","","CHAPEL HILL",NC,27516,55,MALE,CARRBORO,"50TH HOUSE","HOGAN FARMS","CHAPEL HILL",REPUBLICAN,WHITE,ACTIVE,"11/07/2006 GENERAL",11/7/2006
ANDRES,"ANDRES, AMY LYNN","222 LAKE MANOR RD","CHAPEL HILL",NC,27516,222,"","LAKE MANOR","",RD,"","","CHAPEL HILL",NC,27516,42,FEMALE,CARRBORO,"50TH HOUSE","HOGAN FARMS","CHAPEL HILL",REPUBLICAN,WHITE,ACTIVE,"11/07/2006 GENERAL",11/7/2006
ANDRES,"ANDRES, JOHN JOSEPH","222 LAKE MANOR RD","CHAPEL HILL",NC,27516,222,"","LAKE MANOR","",RD,"","","CHAPEL HILL",NC,27516,41,MALE,CARRBORO,"50TH HOUSE","HOGAN FARMS","CHAPEL HILL",REPUBLICAN,WHITE,ACTIVE,"11/07/2006 GENERAL",11/7/2006
ARENA,"ARENA, CHRISTOPHER SCOTT","113 SUDBURY LN","CHAPEL HILL",NC,27516,113,"",SUDBURY,"",LN,"","","CHAPEL HILL",NC,27516,48,MALE,CARRBORO,"56TH HOUSE","NORTH CARRBORO","CHAPEL HILL",REPUBLICAN,WHITE,ACTIVE,"11/07/2006 GENERAL",11/7/2006
ARENA,"ARENA, DEBRA RICHARDSON","113 SUDBURY LN","CHAPEL HILL",NC,27516,113,"",SUDBURY,"",LN,"","","CHAPEL HILL",NC,27516,48,FEMALE,CARRBORO,"56TH HOUSE","NORTH CARRBORO","CHAPEL HILL",REPUBLICAN,WHITE,ACTIVE,"11/07/2006 GENERAL",11/7/2006
ATKINSON,"ATKINSON, RICHARD S III","PO BOX 818",CARRBORO,NC,27510,401,W,POPLAR,"",AVE,"","",CARRBORO,NC,27510,54,MALE,CARRBORO,"56TH HOUSE","LIONS CLUB","CHAPEL HILL",REPUBLICAN,WHITE,ACTIVE,"11/07/2006 GENERAL",11/7/2006
BABCOCK,"BABCOCK, BROOKS R","305 TRAMORE DR","CHAPEL HILL",NC,27516,305,"",TRAMORE,"",DR,"","","CHAPEL HILL",NC,27516,44,MALE,CARRBORO,"56TH HOUSE","NORTH CARRBORO","CHAPEL HILL",REPUBLICAN,WHITE,ACTIVE,"11/07/2006 GENERAL",11/7/2006
BACKUS,"BACKUS, DIANA DANIEL","1415 HOMESTEAD RD","CHAPEL HILL",NC,27516,1415,"",HOMESTEAD,"",RD,"","","CHAPEL HILL",NC,27516,44,FEMALE,CARRBORO,"56TH HOUSE","NORTH CARRBORO","CHAPEL HILL",REPUBLICAN,WHITE,ACTIVE,"11/07/2006 GENERAL",11/7/2006
BAIARDI,"BAIARDI, RICHARD J","201 LAKE HOGAN FARM RD","CHAPEL HILL",NC,27516,201,"","LAKE HOGAN FARM","",RD,"","","CHAPEL HILL",NC,27516,52,MALE,CARRBORO,"50TH HOUSE","HOGAN FARMS","CHAPEL HILL",REPUBLICAN,WHITE,ACTIVE,"11/07/2006 GENERAL",11/7/2006
BAKER,"BAKER, ROBERT CHARLES","106 WYNDHAM DR","CHAPEL HILL",NC,27516,106,"",WYNDHAM,"",DR,"","","CHAPEL HILL",NC,27516,51,MALE,CARRBORO,"56TH HOUSE","NORTH CARRBORO","CHAPEL HILL",REPUBLICAN,WHITE,ACTIVE,"11/07/2006 GENERAL",11/7/2006
BALDERSON,"BALDERSON, CHRISTINA KARSERAS","109 NORTH FIELDS CIR","CHAPEL HILL",NC,27516,109,"","NORTH FIELDS","",CIR,"","","CHAPEL HILL",NC,27516,37,FEMALE,CARRBORO,"50TH HOUSE","HOGAN FARMS","CHAPEL HILL",REPUBLICAN,WHITE,ACTIVE,"11/07/2006 GENERAL",11/7/2006
BARKER,"BARKER, KAYE G","1608 SKYE DR","CHAPEL HILL",NC,27516,1608,"",SKYE,"",DR,"","","CHAPEL HILL",NC,27516,57,FEMALE,CARRBORO,"50TH HOUSE","HOGAN FARMS","CHAPEL HILL",REPUBLICAN,WHITE,ACTIVE,"11/07/2006 GENERAL",11/7/2006
BARKER,"BARKER, TERRY ALAN","1608 SKYE DR","CHAPEL HILL",NC,27516,1608,"",SKYE,"",DR,"","","CHAPEL HILL",NC,27516,59,MALE,CARRBORO,"50TH HOUSE","HOGAN FARMS","CHAPEL HILL",REPUBLICAN,WHITE,ACTIVE,"11/07/2006 GENERAL",11/7/2006
BARRETT,"BARRETT, PAUL BERNARD","240 SWEET BAY PL",CARRBORO,NC,27510,240,"","SWEET BAY","",PL,"","",CARRBORO,NC,27510,46,MALE,CARRBORO,"56TH HOUSE","TOWN HALL","CHAPEL HILL",REPUBLICAN,WHITE,ACTIVE,"11/07/2006 GENERAL",11/7/2006
BARTH,"BARTH, GLENN HOWARD","607 LAKE HOGAN FARM RD","CHAPEL HILL",NC,27516,607,"","LAKE HOGAN FARM","",RD,"","","CHAPEL HILL",NC,27516,48,MALE,CARRBORO,"50TH HOUSE","HOGAN FARMS","CHAPEL HILL",REPUBLICAN,WHITE,ACTIVE,"11/07/2006 GENERAL",11/7/2006
BASNIGHT,"BASNIGHT, JESSE SYKES JR","204 COBBLESTONE DR","CHAPEL HILL",NC,27516,204,"",COBBLESTONE,"",DR,"","","CHAPEL HILL",NC,27516,52,MALE,CARRBORO,"56TH HOUSE","NORTH CARRBORO","CHAPEL HILL",REPUBLICAN,WHITE,ACTIVE,"11/07/2006 GENERAL",11/7/2006
BASS,"BASS, CHARLES WILLIAM","810 OLD FAYETTEVILLE RD   #15","CHAPEL HILL",NC,27516,810,"","OLD FAYETTEVILLE","",RD,"",15,"CHAPEL HILL",NC,27516,54,MALE,CARRBORO,"56TH HOUSE",CARRBORO,"CHAPEL HILL",REPUBLICAN,WHITE,ACTIVE,"11/07/2006 GENERAL",11/7/2006
BECK,"BECK, MICHAEL JEROME","200 E POPLAR AVE",CARRBORO,NC,27510,200,E,POPLAR,"",AVE,"","",CARRBORO,NC,27510,26,MALE,CARRBORO,"56TH HOUSE","TOWN HALL","CHAPEL HILL",REPUBLICAN,WHITE,ACTIVE,"11/07/2006 GENERAL",11/7/2006
BEDFORD,"BEDFORD, HEATHER MARIE","100 ROCK HAVEN RD   #K306",CARRBORO,NC,27510,100,"","ROCK HAVEN","",RD,"",K306,CARRBORO,NC,27510,25,FEMALE,CARRBORO,"54TH HOUSE",DAMASCUS,"CHAPEL HILL",REPUBLICAN,WHITE,ACTIVE,"11/07/2006 GENERAL",11/7/2006
BENSON,"BENSON, RICHARD KENDRICK","1202 N GREENSBORO ST",CARRBORO,NC,27510,1202,N,GREENSBORO,"",ST,"","",CARRBORO,NC,27510,33,MALE,CARRBORO,"56TH HOUSE","TOWN HALL","CHAPEL HILL",REPUBLICAN,WHITE,ACTIVE,"11/07/2006 GENERAL",11/7/2006
BERGSTRESSER,"BERGSTRESSER, ELIZABETH LORRAINE","105 RAINBOW DR",CARRBORO,NC,27510,105,"",RAINBOW,"",DR,"","",CARRBORO,NC,27510,50,FEMALE,CARRBORO,"56TH HOUSE",CARRBORO,"CHAPEL HILL",REPUBLICAN,WHITE,ACTIVE,"11/07/2006 GENERAL",11/7/2006
BLOBE,"BLOBE, MADELINE A","200 MANOR RIDGE DR",CARRBORO,NC,27510,200,"","MANOR RIDGE","",DR,"","",CARRBORO,NC,27510,42,FEMALE,CARRBORO,"54TH HOUSE",DAMASCUS,"CHAPEL HILL",REPUBLICAN,WHITE,ACTIVE,"11/07/2006 GENERAL",11/7/2006
BLOOMQUIST,"BLOOMQUIST, CHARLES KING","140 BPW CLUB RD   #E-14",CARRBORO,NC,27510,140,"","BPW CLUB","",RD,"",E-14,CARRBORO,NC,27510,82,MALE,CARRBORO,"54TH HOUSE",DAMASCUS,"CHAPEL HILL",REPUBLICAN,WHITE,ACTIVE,"11/07/2006 GENERAL",11/7/2006
BLOOMQUIST,"BLOOMQUIST, HELEN SQUIRES","140-14 BPW CLUB RD",CARRBORO,NC,27510,140,"","BPW CLUB","",RD,"",14,CARRBORO,NC,27510,80,FEMALE,CARRBORO,"54TH HOUSE",DAMASCUS,"CHAPEL HILL",REPUBLICAN,WHITE,ACTIVE,"11/07/2006 GENERAL",11/7/2006
BLOSSER,"BLOSSER, SHANNON LEE","201 WESTBROOK DR   #3",CARRBORO,NC,27510,201,"",WESTBROOK,"",DR,"",3,CARRBORO,NC,27510,27,MALE,CARRBORO,"56TH HOUSE",OWASA,"CHAPEL HILL",REPUBLICAN,WHITE,ACTIVE,"11/07/2006 GENERAL",11/7/2006
BOGER,"BOGER, WALTER CARDINAL","100 MORNINGSIDE DR",CARRBORO,NC,27510,100,"",MORNINGSIDE,"",DR,"","",CARRBORO,NC,27510,55,MALE,CARRBORO,"56TH HOUSE","NORTH CARRBORO","CHAPEL HILL",REPUBLICAN,WHITE,ACTIVE,"11/07/2006 GENERAL",11/7/2006
BOHN,"BOHN, LORETTA JOY","501 JONES FERRY RD   #P-3",CARRBORO,NC,27510,501,"","JONES FERRY","",RD,"",P-3,CARRBORO,NC,27510,42,FEMALE,CARRBORO,"56TH HOUSE",OWASA,"CHAPEL HILL",REPUBLICAN,WHITE,ACTIVE,"11/07/2006 GENERAL",11/7/2006
BOMBA,"BOMBA, KATHLEEN M","309 SUNSET CREEK CIR","CHAPEL HILL",NC,27516,309,"","SUNSET CREEK","",CIR,"","","CHAPEL HILL",NC,27516,53,FEMALE,CARRBORO,"56TH HOUSE","NORTH CARRBORO","CHAPEL HILL",REPUBLICAN,WHITE,ACTIVE,"11/07/2006 GENERAL",11/7/2006
BOMBA,"BOMBA, KEVIN L","309 SUNSET CREEK CIR","CHAPEL HILL",NC,27516,309,"","SUNSET CREEK","",CIR,"","","CHAPEL HILL",NC,27516,52,MALE,CARRBORO,"56TH HOUSE","NORTH CARRBORO","CHAPEL HILL",REPUBLICAN,WHITE,ACTIVE,"11/07/2006 GENERAL",11/7/2006
BOWE,"BOWE, TAMARA S","106 BUCKEYE LN","CHAPEL HILL",NC,27516,106,"",BUCKEYE,"",LN,"","","CHAPEL HILL",NC,27516,47,FEMALE,CARRBORO,"56TH HOUSE","NORTH CARRBORO","CHAPEL HILL",REPUBLICAN,WHITE,ACTIVE,"11/07/2006 GENERAL",11/7/2006
BOYCE,"BOYCE, MARY FRANCES","2208 PATHWAY DR","CHAPEL HILL",NC,27516,2208,"",PATHWAY,"",DR,"","","CHAPEL HILL",NC,27516,67,FEMALE,CARRBORO,"56TH HOUSE","NORTH CARRBORO","CHAPEL HILL",REPUBLICAN,WHITE,ACTIVE,"11/07/2006 GENERAL",11/7/2006
BRADFIELD,"BRADFIELD, JOHN F","126 SHADOW RIDGE PL","CHAPEL HILL",NC,27516,126,"","SHADOW RIDGE","",PL,"","","CHAPEL HILL",NC,27516,49,MALE,CARRBORO,"50TH HOUSE","HOGAN FARMS","CHAPEL HILL",REPUBLICAN,WHITE,ACTIVE,"11/07/2006 GENERAL",11/7/2006
BRADLEY,"BRADLEY, ADIA KAMALI","605 JONES FERRY RD   #KK8",CARRBORO,NC,27510,605,"","JONES FERRY","",RD,"",KK8,CARRBORO,NC,27510,25,FEMALE,CARRBORO,"56TH HOUSE",OWASA,"CHAPEL HILL",REPUBLICAN,"BLACK or AFRICAN AMERICAN",ACTIVE,"11/07/2006 GENERAL",11/7/2006
BRANTLEY,"BRANTLEY, MARK STEVEN","121 COBBLESTONE DR","CHAPEL HILL",NC,27516,121,"",COBBLESTONE,"",DR,"","","CHAPEL HILL",NC,27516,49,MALE,CARRBORO,"56TH HOUSE","NORTH CARRBORO","CHAPEL HILL",REPUBLICAN,WHITE,ACTIVE,"11/07/2006 GENERAL",11/7/2006
BRAUN,"BRAUN, KEVIN LEE","1201 N GREENSBORO ST   #B",CARRBORO,NC,27510,1201,N,GREENSBORO,"",ST,"",B,CARRBORO,NC,27510,29,MALE,CARRBORO,"56TH HOUSE",CARRBORO,"CHAPEL HILL",REPUBLICAN,WHITE,ACTIVE,"11/07/2006 GENERAL",11/7/2006
BRIDGES,"BRIDGES, DAVID LEE","601 JONES FERRY RD   #F12",CARRBORO,NC,27510,601,"","JONES FERRY","",RD,"",F12,CARRBORO,NC,27510,31,MALE,CARRBORO,"56TH HOUSE",OWASA,"CHAPEL HILL",REPUBLICAN,WHITE,ACTIVE,"11/07/2006 GENERAL",11/7/2006
BROWN,"BROWN, GRACIE ELLER","113 LINDSAY ST",CARRBORO,NC,27510,113,"",LINDSAY,"",ST,"","",CARRBORO,NC,27510,68,FEMALE,CARRBORO,"56TH HOUSE","TOWN HALL","CHAPEL HILL",REPUBLICAN,WHITE,ACTIVE,"11/07/2006 GENERAL",11/7/2006
BROWN,"BROWN, LINDA JACKSON","180 BPW CLUB RD   #N11",CARRBORO,NC,27510,180,"","BPW CLUB","",RD,"",N11,CARRBORO,NC,27510,53,FEMALE,CARRBORO,"54TH HOUSE",DAMASCUS,"CHAPEL HILL",REPUBLICAN,"BLACK or AFRICAN AMERICAN",ACTIVE,"11/07/2006 GENERAL",11/7/2006
BROWN,"BROWN, MATTHEW CURTIS","141 COLERIDGE CT",CARRBORO,NC,27510,141,"",COLERIDGE,"",CT,"","",CARRBORO,NC,27510,25,MALE,CARRBORO,"56TH HOUSE",OWASA,"CHAPEL HILL",REPUBLICAN,WHITE,ACTIVE,"11/07/2006 GENERAL",11/7/2006
BROWN,"BROWN, ROY DELAND","113 LINDSAY ST",CARRBORO,NC,27510,113,"",LINDSAY,"",ST,"","",CARRBORO,NC,27510,69,MALE,CARRBORO,"56TH HOUSE","TOWN HALL","CHAPEL HILL",REPUBLICAN,WHITE,ACTIVE,"11/07/2006 GENERAL",11/7/2006
BRUN,"BRUN, LUKAS CHRISTOPH","201 NC HWY 54 BYP   #508",CARRBORO,NC,27510,201,"","NC HWY 54","",BYP,"",508,CARRBORO,NC,27510,35,MALE,CARRBORO,"56TH HOUSE","LIONS CLUB","CHAPEL HILL",REPUBLICAN,WHITE,ACTIVE,"11/07/2006 GENERAL",11/7/2006
BRYANT,"BRYANT, CATHERINE ANN","100 JAMES ST",CARRBORO,NC,27510,100,"",JAMES,"",ST,"","",CARRBORO,NC,27510,45,FEMALE,CARRBORO,"56TH HOUSE",CARRBORO,"CHAPEL HILL",REPUBLICAN,WHITE,ACTIVE,"11/07/2006 GENERAL",11/7/2006
BRYANT,"BRYANT, LORREN MANTON","100 JAMES ST",CARRBORO,NC,27510,100,"",JAMES,"",ST,"","",CARRBORO,NC,27510,43,MALE,CARRBORO,"56TH HOUSE",CARRBORO,"CHAPEL HILL",REPUBLICAN,WHITE,ACTIVE,"11/07/2006 GENERAL",11/7/2006
BUCK,"BUCK, RICHARD PIERSON","101 CREEKVIEW CIR",CARRBORO,NC,27510,101,"",CREEKVIEW,"",CIR,"","",CARRBORO,NC,27510,77,MALE,CARRBORO,"56TH HOUSE","NORTH CARRBORO","CHAPEL HILL",REPUBLICAN,WHITE,ACTIVE,"11/07/2006 GENERAL",11/7/2006
BUKOWSKI,"BUKOWSKI, TIMOTHY PAUL","220 STRATFORD DR","CHAPEL HILL",NC,27516,220,"",STRATFORD,"",DR,"","","CHAPEL HILL",NC,27516,45,MALE,CARRBORO,"56TH HOUSE","NORTH CARRBORO","CHAPEL HILL",REPUBLICAN,WHITE,ACTIVE,"11/07/2006 GENERAL",11/7/2006
BURKES,"BURKES, AUDREY T","305 LONG MEADOWS RD","CHAPEL HILL",NC,27516,305,"","LONG MEADOWS","",RD,"","","CHAPEL HILL",NC,27516,69,FEMALE,CARRBORO,"50TH HOUSE","HOGAN FARMS","CHAPEL HILL",REPUBLICAN,WHITE,ACTIVE,"11/07/2006 GENERAL",11/7/2006
BUSBY,"BUSBY, MARJORIE GLENN","103 RAINBOW DR",CARRBORO,NC,27510,103,"",RAINBOW,"",DR,"","",CARRBORO,NC,27510,56,FEMALE,CARRBORO,"56TH HOUSE",CARRBORO,"CHAPEL HILL",REPUBLICAN,WHITE,ACTIVE,"11/07/2006 GENERAL",11/7/2006
BUSBY,"BUSBY, WALKER HALL JR","103 RAINBOW DR",CARRBORO,NC,27510,103,"",RAINBOW,"",DR,"","",CARRBORO,NC,27510,56,MALE,CARRBORO,"56TH HOUSE",CARRBORO,"CHAPEL HILL",REPUBLICAN,WHITE,ACTIVE,"11/07/2006 GENERAL",11/7/2006
BUSH,"BUSH, EARNEST SAMUEL","605 JONES FERRY RD   #VV11",CARRBORO,NC,27510,605,"","JONES FERRY","",RD,"",VV11,CARRBORO,NC,27510,61,MALE,CARRBORO,"56TH HOUSE",OWASA,"CHAPEL HILL",REPUBLICAN,"BLACK or AFRICAN AMERICAN",ACTIVE,"11/07/2006 GENERAL",11/7/2006
BUTER,"BUTER, STEVEN THOMAS","303 SMITH LEVEL RD   #D12","CHAPEL HILL",NC,27516,303,"","SMITH LEVEL","",RD,"",D12,"CHAPEL HILL",NC,27516,23,MALE,CARRBORO,"54TH HOUSE",DAMASCUS,"CHAPEL HILL",REPUBLICAN,WHITE,ACTIVE,"11/07/2006 GENERAL",11/7/2006
CALLIMANIS,"CALLIMANIS, ALENA M","1004 CAMDEN LN","CHAPEL HILL",NC,27516,1004,"",CAMDEN,"",LN,"","","CHAPEL HILL",NC,27516,52,FEMALE,CARRBORO,"50TH HOUSE","HOGAN FARMS","CHAPEL HILL",REPUBLICAN,WHITE,ACTIVE,"11/07/2006 GENERAL",11/7/2006
CALVERT,"CALVERT, CATHERINE TIFFANY","1215 TALLYHO TRL","CHAPEL HILL",NC,27516,1215,"",TALLYHO,"",TRL,"","","CHAPEL HILL",NC,27516,56,FEMALE,CARRBORO,"50TH HOUSE","HOGAN FARMS","CHAPEL HILL",REPUBLICAN,WHITE,ACTIVE,"11/07/2006 GENERAL",11/7/2006
CAMP,"CAMP, TARA MICHELLE","222 OLD FAYETTEVILLE RD   #D107",CARRBORO,NC,27510,222,"","OLD FAYETTEVILLE","",RD,"",D107,CARRBORO,NC,27510,23,FEMALE,CARRBORO,"56TH HOUSE","LIONS CLUB","CHAPEL HILL",REPUBLICAN,WHITE,ACTIVE,"11/07/2006 GENERAL",11/7/2006
CAMPBELL,"CAMPBELL, BARBARA IRENE","104 WOODS WALK CT",CARRBORO,NC,27510,104,"","WOODS WALK","",CT,"","",CARRBORO,NC,27510,49,FEMALE,CARRBORO,"56TH HOUSE",CARRBORO,"CHAPEL HILL",REPUBLICAN,WHITE,ACTIVE,"11/07/2006 GENERAL",11/7/2006
CAMPBELL,"CAMPBELL, ROSE THERESA","103 AMBER CT",CARRBORO,NC,27510,103,"",AMBER,"",CT,"","",CARRBORO,NC,27510,40,FEMALE,CARRBORO,"56TH HOUSE","NORTH CARRBORO","CHAPEL HILL",REPUBLICAN,WHITE,ACTIVE,"11/07/2006 GENERAL",11/7/2006
CAMPBELL,"CAMPBELL, STEVEN H","103 AMBER CT",CARRBORO,NC,27510,103,"",AMBER,"",CT,"","",CARRBORO,NC,27510,57,MALE,CARRBORO,"56TH HOUSE","NORTH CARRBORO","CHAPEL HILL",REPUBLICAN,WHITE,ACTIVE,"11/07/2006 GENERAL",11/7/2006
CANNON,"CANNON, LORI HALEY","301 AUTUMN DR","CHAPEL HILL",NC,27516,301,"",AUTUMN,"",DR,"","","CHAPEL HILL",NC,27516,40,FEMALE,CARRBORO,"56TH HOUSE","NORTH CARRBORO","CHAPEL HILL",REPUBLICAN,WHITE,ACTIVE,"11/07/2006 GENERAL",11/7/2006
CANOS,"CANOS, DANIEL ARTHUR","100 RIVERBIRCH PT",CARRBORO,NC,27510,100,"",RIVERBIRCH,"",PT,"","",CARRBORO,NC,27510,31,MALE,CARRBORO,"56TH HOUSE",OWASA,"CHAPEL HILL",REPUBLICAN,"TWO or MORE RACES",ACTIVE,"11/07/2006 GENERAL",11/7/2006
CAPPELLETTI,"CAPPELLETTI, RICHARD H","308 SPRING VALLEY RD",CARRBORO,NC,27510,308,"","SPRING VALLEY","",RD,"","",CARRBORO,NC,27510,50,MALE,CARRBORO,"56TH HOUSE","NORTH CARRBORO","CHAPEL HILL",REPUBLICAN,WHITE,ACTIVE,"11/07/2006 GENERAL",11/7/2006
CARGILL,"CARGILL, ANNA MARIE","600 W POPLAR AVE   #316",CARRBORO,NC,27510,600,W,POPLAR,"",AVE,"",316,CARRBORO,NC,27510,86,FEMALE,CARRBORO,"56TH HOUSE","LIONS CLUB","CHAPEL HILL",REPUBLICAN,WHITE,ACTIVE,"11/07/2006 GENERAL",11/7/2006
CASHIN,"CASHIN, CHRISTOPHER NG","203 WYNDHAM DR","CHAPEL HILL",NC,27516,203,"",WYNDHAM,"",DR,"","","CHAPEL HILL",NC,27516,39,MALE,CARRBORO,"56TH HOUSE","NORTH CARRBORO","CHAPEL HILL",REPUBLICAN,WHITE,ACTIVE,"11/07/2006 GENERAL",11/7/2006
CASTELLANO,"CASTELLANO, KRISTINE SONJA-HOEPPN","104 HOGAN GLEN CT","CHAPEL HILL",NC,27516,104,"","HOGAN GLEN","",CT,"","","CHAPEL HILL",NC,27516,38,FEMALE,CARRBORO,"50TH HOUSE","HOGAN FARMS","CHAPEL HILL",REPUBLICAN,WHITE,ACTIVE,"11/07/2006 GENERAL",11/7/2006
CHANDLER,"CHANDLER, GREGORY TYLER","2007 S HAWICK CT","CHAPEL HILL",NC,27516,2007,S,HAWICK,"",CT,"","","CHAPEL HILL",NC,27516,20,UNDESIGNATED,CARRBORO,"50TH HOUSE","HOGAN FARMS","CHAPEL HILL",REPUBLICAN,WHITE,ACTIVE,"11/07/2006 GENERAL",11/7/2006
CHANDLER,"CHANDLER, MARK C","103 BEECHWOOD DR",CARRBORO,NC,27510,103,"",BEECHWOOD,"",DR,"","",CARRBORO,NC,27510,51,MALE,CARRBORO,"56TH HOUSE",OWASA,"CHAPEL HILL",REPUBLICAN,WHITE,ACTIVE,"11/07/2006 GENERAL",11/7/2006
CHARTERS,"CHARTERS, DAVID A","306 ESTES DRIVE EXT   #M14",CARRBORO,NC,27510,306,"","ESTES DRIVE","",EXT,"",M14,CARRBORO,NC,27510,34,MALE,CARRBORO,"56TH HOUSE","TOWN HALL","CHAPEL HILL",REPUBLICAN,WHITE,ACTIVE,"11/07/2006 GENERAL",11/7/2006
CHAZOTTE,"CHAZOTTE, BRAD N","105 DRAYTON CT","CHAPEL HILL",NC,27516,105,"",DRAYTON,"",CT,"","","CHAPEL HILL",NC,27516,53,MALE,CARRBORO,"56TH HOUSE","NORTH CARRBORO","CHAPEL HILL",REPUBLICAN,WHITE,ACTIVE,"11/07/2006 GENERAL",11/7/2006
CHEN,"CHEN, FULIN","113 STRATFORD DR","CHAPEL HILL",NC,27516,113,"",STRATFORD,"",DR,"","","CHAPEL HILL",NC,27516,57,MALE,CARRBORO,"56TH HOUSE","NORTH CARRBORO","CHAPEL HILL",REPUBLICAN,WHITE,ACTIVE,"11/07/2006 GENERAL",11/7/2006
CHIESA,"CHIESA, GEORGE LOUIS JR","100 HANFORD RD","CHAPEL HILL",NC,27516,100,"",HANFORD,"",RD,"","","CHAPEL HILL",NC,27516,54,MALE,CARRBORO,"56TH HOUSE","NORTH CARRBORO","CHAPEL HILL",REPUBLICAN,WHITE,ACTIVE,"11/07/2006 GENERAL",11/7/2006
CHURCHILL,"CHURCHILL, LEEANN ARRINGTON","602 MANOR RIDGE DR",CARRBORO,NC,27510,602,"","MANOR RIDGE","",DR,"","",CARRBORO,NC,27510,46,FEMALE,CARRBORO,"54TH HOUSE",DAMASCUS,"CHAPEL HILL",REPUBLICAN,WHITE,ACTIVE,"11/07/2006 GENERAL",11/7/2006
CHURCHILL,"CHURCHILL, ROBIN SAYRE","602 MANOR RIDGE DR",CARRBORO,NC,27510,602,"","MANOR RIDGE","",DR,"","",CARRBORO,NC,27510,47,MALE,CARRBORO,"54TH HOUSE",DAMASCUS,"CHAPEL HILL",REPUBLICAN,WHITE,ACTIVE,"11/07/2006 GENERAL",11/7/2006
CLABO,"CLABO, CAROLYN MARIE","222 OLD FAYETTEVILLE RD   #L303",CARRBORO,NC,27510,222,"","OLD FAYETTEVILLE","",RD,"",L303,CARRBORO,NC,27510,39,FEMALE,CARRBORO,"56TH HOUSE","LIONS CLUB","CHAPEL HILL",REPUBLICAN,WHITE,ACTIVE,"11/07/2006 GENERAL",11/7/2006
CLABO,"CLABO, RONALD LEON","222 OLD FAYETTEVILLE RD   #L303",CARRBORO,NC,27510,222,"","OLD FAYETTEVILLE","",RD,"",L303,CARRBORO,NC,27510,40,MALE,CARRBORO,"56TH HOUSE","LIONS CLUB","CHAPEL HILL",REPUBLICAN,WHITE,ACTIVE,"11/07/2006 GENERAL",11/7/2006
CLARK,"CLARK, KENNETH E","404 ROCKGARDEN DR","CHAPEL HILL",NC,27516,404,"",ROCKGARDEN,"",DR,"","","CHAPEL HILL",NC,27516,51,MALE,CARRBORO,"56TH HOUSE","NORTH CARRBORO","CHAPEL HILL",REPUBLICAN,WHITE,ACTIVE,"11/07/2006 GENERAL",11/7/2006
CLAYTON,"CLAYTON, ARLENE MOHS","600 W POPLAR AVE   #237",CARRBORO,NC,27510,600,W,POPLAR,"",AVE,"",237,CARRBORO,NC,27510,85,FEMALE,CARRBORO,"56TH HOUSE","LIONS CLUB","CHAPEL HILL",REPUBLICAN,WHITE,ACTIVE,"11/07/2006 GENERAL",11/7/2006
COLVIN,"COLVIN, JOHN R III","105 FIDELITY ST   #B-14",CARRBORO,NC,27510,105,"",FIDELITY,"",ST,"",B-14,CARRBORO,NC,27510,37,MALE,CARRBORO,"56TH HOUSE","LIONS CLUB","CHAPEL HILL",REPUBLICAN,WHITE,ACTIVE,"11/07/2006 GENERAL",11/7/2006
CONNELLY,"CONNELLY, JERRY KEITH","105 CHAUCER CT",CARRBORO,NC,27510,105,"",CHAUCER,"",CT,"","",CARRBORO,NC,27510,48,MALE,CARRBORO,"56TH HOUSE",OWASA,"CHAPEL HILL",REPUBLICAN,WHITE,ACTIVE,"11/07/2006 GENERAL",11/7/2006
COOK,"COOK, GORDON THOMAS","100 ROBERT HUNT DR",CARRBORO,NC,27510,100,"","ROBERT HUNT","",DR,"","",CARRBORO,NC,27510,53,MALE,CARRBORO,"56TH HOUSE","NORTH CARRBORO","CHAPEL HILL",REPUBLICAN,WHITE,ACTIVE,"11/07/2006 GENERAL",11/7/2006
COOPER,"COOPER, COREY DENNIS","107 ROCK SPRING CT",CARRBORO,NC,27510,107,"","ROCK SPRING","",CT,"","",CARRBORO,NC,27510,56,MALE,CARRBORO,"56TH HOUSE","NORTH CARRBORO","CHAPEL HILL",REPUBLICAN,WHITE,ACTIVE,"11/07/2006 GENERAL",11/7/2006
COREY,"COREY, JOHN DANIEL","110 AMBER CT",CARRBORO,NC,27510,110,"",AMBER,"",CT,"","",CARRBORO,NC,27510,50,MALE,CARRBORO,"56TH HOUSE","NORTH CARRBORO","CHAPEL HILL",REPUBLICAN,WHITE,ACTIVE,"11/07/2006 GENERAL",11/7/2006
CORNWELL,"CORNWELL, THOMAS BANCROFT","304 RAINBOW DR",CARRBORO,NC,27510,304,"",RAINBOW,"",DR,"","",CARRBORO,NC,27510,42,MALE,CARRBORO,"56TH HOUSE",CARRBORO,"CHAPEL HILL",REPUBLICAN,WHITE,ACTIVE,"11/07/2006 GENERAL",11/7/2006
CRAIN,"CRAIN, RITA ANN","102 JASMINE CT",CARRBORO,NC,27510,102,"",JASMINE,"",CT,"","",CARRBORO,NC,27510,48,FEMALE,CARRBORO,"56TH HOUSE","NORTH CARRBORO","CHAPEL HILL",REPUBLICAN,WHITE,ACTIVE,"11/07/2006 GENERAL",11/7/2006
CURRIE,"CURRIE, JOSH DAVID","105 FIDELITY ST   #A5",CARRBORO,NC,27510,105,"",FIDELITY,"",ST,"",A5,CARRBORO,NC,27510,26,MALE,CARRBORO,"56TH HOUSE","LIONS CLUB","CHAPEL HILL",REPUBLICAN,WHITE,ACTIVE,"11/07/2006 GENERAL",11/7/2006
CUTRELL,"CUTRELL, BENJAMIN GARLON","301 HOGAN WOODS CIR","CHAPEL HILL",NC,27516,301,"","HOGAN WOODS","",CIR,"","","CHAPEL HILL",NC,27516,52,MALE,CARRBORO,"50TH HOUSE","HOGAN FARMS","CHAPEL HILL",REPUBLICAN,WHITE,ACTIVE,"11/07/2006 GENERAL",11/7/2006
DAVIS,"DAVIS, ANGELA","200 CREST ST   #A-12",CARRBORO,NC,27510,200,"",CREST,"",ST,"",A-12,CARRBORO,NC,27510,36,FEMALE,CARRBORO,"56TH HOUSE","TOWN HALL","CHAPEL HILL",REPUBLICAN,"BLACK or AFRICAN AMERICAN",ACTIVE,"11/07/2006 GENERAL",11/7/2006
DEBERRY,"DEBERRY, GRANT EUGENE","400 DAVIE RD   #20",CARRBORO,NC,27510,400,"",DAVIE,"",RD,"",20,CARRBORO,NC,27510,32,MALE,CARRBORO,"56TH HOUSE","LIONS CLUB","CHAPEL HILL",REPUBLICAN,"BLACK or AFRICAN AMERICAN",ACTIVE,"11/07/2006 GENERAL",11/7/2006
DEGUZMAN,"DEGUZMAN, FELIPE","103 PAINTED TURTLE LN","CHAPEL HILL",NC,27516,103,"","PAINTED TURTLE","",LN,"","","CHAPEL HILL",NC,27516,38,MALE,CARRBORO,"50TH HOUSE","HOGAN FARMS","CHAPEL HILL",REPUBLICAN,WHITE,ACTIVE,"11/07/2006 GENERAL",11/7/2006
DEHART,"DEHART, JOHN PEYTON","100 SOUTH FIELDS CIR","CHAPEL HILL",NC,27516,100,"","SOUTH FIELDS","",CIR,"","","CHAPEL HILL",NC,27516,50,MALE,CARRBORO,"50TH HOUSE","HOGAN FARMS","CHAPEL HILL",REPUBLICAN,WHITE,ACTIVE,"11/07/2006 GENERAL",11/7/2006
DEMORE,"DEMORE, EDWARD JOSEPH","105 WHISPERING OAK CT","CHAPEL HILL",NC,27516,105,"","WHISPERING OAK","",CT,"","","CHAPEL HILL",NC,27516,50,MALE,CARRBORO,"50TH HOUSE","HOGAN FARMS","CHAPEL HILL",REPUBLICAN,WHITE,ACTIVE,"11/07/2006 GENERAL",11/7/2006
DEMORE,"DEMORE, NANCY KLAUBER","105 WHISPERING OAK CT","CHAPEL HILL",NC,27516,105,"","WHISPERING OAK","",CT,"","","CHAPEL HILL",NC,27516,41,FEMALE,CARRBORO,"50TH HOUSE","HOGAN FARMS","CHAPEL HILL",REPUBLICAN,WHITE,ACTIVE,"11/07/2006 GENERAL",11/7/2006
DERMODY,"DERMODY, ROBERT J","405 ROBERT HUNT DR",CARRBORO,NC,27510,405,"","ROBERT HUNT","",DR,"","",CARRBORO,NC,27510,55,MALE,CARRBORO,"56TH HOUSE","NORTH CARRBORO","CHAPEL HILL",REPUBLICAN,WHITE,ACTIVE,"11/07/2006 GENERAL",11/7/2006
DEVER,"DEVER, PETER JOHN","101 GATERIDGE PL",CARRBORO,NC,27510,101,"",GATERIDGE,"",PL,"","",CARRBORO,NC,27510,46,MALE,CARRBORO,"54TH HOUSE",DAMASCUS,"CHAPEL HILL",REPUBLICAN,WHITE,ACTIVE,"11/07/2006 GENERAL",11/7/2006
DEVON,"DEVON, ARLENE MARIE","605 JONES FERRY RD   #RR-4",CARRBORO,NC,27510,605,"","JONES FERRY","",RD,"",RR-4,CARRBORO,NC,27510,69,FEMALE,CARRBORO,"56TH HOUSE",OWASA,"CHAPEL HILL",REPUBLICAN,WHITE,ACTIVE,"11/07/2006 GENERAL",11/7/2006
DICECCO,"DICECCO, KIMBERLY ELLEN","112 JONES CREEK PL","CHAPEL HILL",NC,27516,112,"","JONES CREEK","",PL,"","","CHAPEL HILL",NC,27516,40,FEMALE,CARRBORO,"50TH HOUSE","HOGAN FARMS","CHAPEL HILL",REPUBLICAN,WHITE,ACTIVE,"11/07/2006 GENERAL",11/7/2006
DICECCO,"DICECCO, RAYMOND ROBERT","112 JONES CREEK PL","CHAPEL HILL",NC,27516,112,"","JONES CREEK","",PL,"","","CHAPEL HILL",NC,27516,42,MALE,CARRBORO,"50TH HOUSE","HOGAN FARMS","CHAPEL HILL",REPUBLICAN,WHITE,ACTIVE,"11/07/2006 GENERAL",11/7/2006
DICKERSON,"DICKERSON, SHANNON ELYSE","108 PINE ST   #A",CARRBORO,NC,27510,108,"",PINE,"",ST,"",A,CARRBORO,NC,27510,22,FEMALE,CARRBORO,"56TH HOUSE",CARRBORO,"CHAPEL HILL",REPUBLICAN,WHITE,ACTIVE,"11/07/2006 GENERAL",11/7/2006
DILLON,"DILLON, BRETT PAUL","208 WILD OAK LN",CARRBORO,NC,27510,208,"","WILD OAK","",LN,"","",CARRBORO,NC,27510,50,MALE,CARRBORO,"56TH HOUSE","NORTH CARRBORO","CHAPEL HILL",REPUBLICAN,WHITE,ACTIVE,"11/07/2006 GENERAL",11/7/2006
DOBLE,"DOBLE, CHERYL LEE","115 SHADOW RIDGE PL","CHAPEL HILL",NC,27516,115,"","SHADOW RIDGE","",PL,"","","CHAPEL HILL",NC,27516,40,FEMALE,CARRBORO,"50TH HOUSE","HOGAN FARMS","CHAPEL HILL",REPUBLICAN,WHITE,ACTIVE,"11/07/2006 GENERAL",11/7/2006
DOUGLASS,"DOUGLASS, CLARE","140 BPW CLUB RD   #B20",CARRBORO,NC,27510,140,"","BPW CLUB","",RD,"",B20,CARRBORO,NC,27510,29,FEMALE,CARRBORO,"54TH HOUSE",DAMASCUS,"CHAPEL HILL",REPUBLICAN,WHITE,ACTIVE,"11/07/2006 GENERAL",11/7/2006
DOW,"DOW, DAPHNE E","810 OLD FAYETTEVILLE RD   #13","CHAPEL HILL",NC,27516,810,"","OLD FAYETTEVILLE","",RD,"",13,"CHAPEL HILL",NC,27516,46,FEMALE,CARRBORO,"56TH HOUSE",CARRBORO,"CHAPEL HILL",REPUBLICAN,WHITE,ACTIVE,"11/07/2006 GENERAL",11/7/2006
DOYLE,"DOYLE, SUSAN PADDOCK","311 TRIPP FARM RD","CHAPEL HILL",NC,27516,311,"","TRIPP FARM","",RD,"","","CHAPEL HILL",NC,27516,48,FEMALE,CARRBORO,"56TH HOUSE","NORTH CARRBORO","CHAPEL HILL",REPUBLICAN,WHITE,ACTIVE,"11/07/2006 GENERAL",11/7/2006
DRESHER,"DRESHER, HELGA MARIA","400 DAVIE RD   #66",CARRBORO,NC,27510,400,"",DAVIE,"",RD,"",66,CARRBORO,NC,27510,39,FEMALE,CARRBORO,"56TH HOUSE","LIONS CLUB","CHAPEL HILL",REPUBLICAN,OTHER,ACTIVE,"11/07/2006 GENERAL",11/7/2006
DRESHER,"DRESHER, PAUL RAYMOND","400 DAVIE RD   #66",CARRBORO,NC,27510,400,"",DAVIE,"",RD,"",66,CARRBORO,NC,27510,36,MALE,CARRBORO,"56TH HOUSE","LIONS CLUB","CHAPEL HILL",REPUBLICAN,WHITE,ACTIVE,"11/07/2006 GENERAL",11/7/2006
DUFFY,"DUFFY, CYNTHIA LARAINE","103 STRATFORD DR","CHAPEL HILL",NC,27516,103,"",STRATFORD,"",DR,"","","CHAPEL HILL",NC,27516,40,FEMALE,CARRBORO,"56TH HOUSE","NORTH CARRBORO","CHAPEL HILL",REPUBLICAN,WHITE,ACTIVE,"11/07/2006 GENERAL",11/7/2006
DUFFY,"DUFFY, LYNN S","111 SUFFOLK PL","CHAPEL HILL",NC,27516,111,"",SUFFOLK,"",PL,"","","CHAPEL HILL",NC,27516,44,FEMALE,CARRBORO,"56TH HOUSE","NORTH CARRBORO","CHAPEL HILL",REPUBLICAN,WHITE,ACTIVE,"11/07/2006 GENERAL",11/7/2006
DUNN,"DUNN, KIM LACOCK","106 DILLARD ST",CARRBORO,NC,27510,106,"",DILLARD,"",ST,"","",CARRBORO,NC,27510,39,FEMALE,CARRBORO,"56TH HOUSE",CARRBORO,"CHAPEL HILL",REPUBLICAN,WHITE,ACTIVE,"11/07/2006 GENERAL",11/7/2006
DWORSKY,"DWORSKY, FRANK H","P.O. BOX 2175","CHAPEL HILL",NC,27516,108,"",ELLSWORTH,"",PL,"","","CHAPEL HILL",NC,27516,56,MALE,CARRBORO,"56TH HOUSE","NORTH CARRBORO","CHAPEL HILL",REPUBLICAN,WHITE,ACTIVE,"11/07/2006 GENERAL",11/7/2006
DWYER,"DWYER, JOHN JAMES JR","102 BUCK TAYLOR TRL","CHAPEL HILL",NC,27516,102,"","BUCK TAYLOR","",TRL,"","","CHAPEL HILL",NC,27516,40,MALE,CARRBORO,"56TH HOUSE","NORTH CARRBORO","CHAPEL HILL",REPUBLICAN,WHITE,ACTIVE,"11/07/2006 GENERAL",11/7/2006
DYESS,"DYESS, LESLIE JONES","313 ROSSBURN WAY","CHAPEL HILL",NC,27516,313,"",ROSSBURN,"",WAY,"","","CHAPEL HILL",NC,27516,49,FEMALE,CARRBORO,"54TH HOUSE",DAMASCUS,"CHAPEL HILL",REPUBLICAN,WHITE,ACTIVE,"11/07/2006 GENERAL",11/7/2006
EADES,"EADES, BARBARA LYNN","605 JONES FERRY RD   #CC-7",CARRBORO,NC,27510,605,"","JONES FERRY","",RD,"",CC-7,CARRBORO,NC,27510,42,FEMALE,CARRBORO,"56TH HOUSE",OWASA,"CHAPEL HILL",REPUBLICAN,WHITE,ACTIVE,"11/07/2006 GENERAL",11/7/2006
ECKEL,"ECKEL, ELAINE MARTHA","2208 PATHWAY DR","CHAPEL HILL",NC,27516,2208,"",PATHWAY,"",DR,"","","CHAPEL HILL",NC,27516,66,FEMALE,CARRBORO,"56TH HOUSE","NORTH CARRBORO","CHAPEL HILL",REPUBLICAN,WHITE,ACTIVE,"11/07/2006 GENERAL",11/7/2006
ELDERKIN,"ELDERKIN, KIM D","1220 TALLYHO TRL","CHAPEL HILL",NC,27516,1220,"",TALLYHO,"",TRL,"","","CHAPEL HILL",NC,27516,50,FEMALE,CARRBORO,"50TH HOUSE","HOGAN FARMS","CHAPEL HILL",REPUBLICAN,WHITE,ACTIVE,"11/07/2006 GENERAL",11/7/2006
ELLINGTON,"ELLINGTON, VIRGINIA TRIGG","709A W MAIN ST",CARRBORO,NC,27510,709,W,MAIN,"",ST,"","",CARRBORO,NC,27510,80,FEMALE,CARRBORO,"56TH HOUSE","LIONS CLUB","CHAPEL HILL",REPUBLICAN,WHITE,ACTIVE,"11/07/2006 GENERAL",11/7/2006
ELLIS,"ELLIS, GAIL JEAN","102 CANTON CT","CHAPEL HILL",NC,27516,102,"",CANTON,"",CT,"","","CHAPEL HILL",NC,27516,56,FEMALE,CARRBORO,"56TH HOUSE","NORTH CARRBORO","CHAPEL HILL",REPUBLICAN,WHITE,ACTIVE,"11/07/2006 GENERAL",11/7/2006
ELLIS,"ELLIS, JOHNNIE MELVIN JR","502 W POPLAR AVE #D2",CARRBORO,NC,27510,502,W,POPLAR,"",AVE,"",D2,CARRBORO,NC,27510,48,MALE,CARRBORO,"56TH HOUSE","LIONS CLUB","CHAPEL HILL",REPUBLICAN,WHITE,ACTIVE,"11/07/2006 GENERAL",11/7/2006
EMERSON,"EMERSON, RICHARD RILEY","200 LAKE MANOR RD","CHAPEL HILL",NC,27516,200,"","LAKE MANOR","",RD,"","","CHAPEL HILL",NC,27516,49,MALE,CARRBORO,"50TH HOUSE","HOGAN FARMS","CHAPEL HILL",REPUBLICAN,WHITE,ACTIVE,"11/07/2006 GENERAL",11/7/2006
ERWIN,"ERWIN, SANDRA WEAVER","101 COLSON ST",CARRBORO,NC,27510,101,"",COLSON,"",ST,"","",CARRBORO,NC,27510,63,FEMALE,CARRBORO,"56TH HOUSE","LIONS CLUB","CHAPEL HILL",REPUBLICAN,"BLACK or AFRICAN AMERICAN",ACTIVE,"11/07/2006 GENERAL",11/7/2006
EVANS,"EVANS, JAMES","601 JONES FERRY RD   #M6",CARRBORO,NC,27510,601,"","JONES FERRY","",RD,"",M6,CARRBORO,NC,27510,25,MALE,CARRBORO,"56TH HOUSE",OWASA,"CHAPEL HILL",REPUBLICAN,WHITE,ACTIVE,"11/07/2006 GENERAL",11/7/2006
EVERSON,"EVERSON, MATTHEW DAVID","109 COBBLESTONE DR","CHAPEL HILL",NC,27516,109,"",COBBLESTONE,"",DR,"","","CHAPEL HILL",NC,27516,22,MALE,CARRBORO,"56TH HOUSE","NORTH CARRBORO","CHAPEL HILL",REPUBLICAN,WHITE,ACTIVE,"11/07/2006 GENERAL",11/7/2006
FAIR,"FAIR, EVELYN JONES","205 STRATFORD DR","CHAPEL HILL",NC,27516,205,"",STRATFORD,"",DR,"","","CHAPEL HILL",NC,27516,49,FEMALE,CARRBORO,"56TH HOUSE","NORTH CARRBORO","CHAPEL HILL",REPUBLICAN,WHITE,ACTIVE,"11/07/2006 GENERAL",11/7/2006
FARLEY,"FARLEY, AMY NUGENT","103 RICHLAND CT","CHAPEL HILL",NC,27516,103,"",RICHLAND,"",CT,"","","CHAPEL HILL",NC,27516,49,FEMALE,CARRBORO,"56TH HOUSE","NORTH CARRBORO","CHAPEL HILL",REPUBLICAN,WHITE,ACTIVE,"11/07/2006 GENERAL",11/7/2006
FAULKNER,"FAULKNER, ADRIAN DEAN","2300 PATHWAY DR","CHAPEL HILL",NC,27516,2300,"",PATHWAY,"",DR,"","","CHAPEL HILL",NC,27516,57,MALE,CARRBORO,"56TH HOUSE","NORTH CARRBORO","CHAPEL HILL",REPUBLICAN,WHITE,ACTIVE,"11/07/2006 GENERAL",11/7/2006
FAULKNER,"FAULKNER, BETSY HUNTINGTON","2300 PATHWAY DR","CHAPEL HILL",NC,27516,2300,"",PATHWAY,"",DR,"","","CHAPEL HILL",NC,27516,56,FEMALE,CARRBORO,"56TH HOUSE","NORTH CARRBORO","CHAPEL HILL",REPUBLICAN,WHITE,ACTIVE,"11/07/2006 GENERAL",11/7/2006
FEENEY,"FEENEY, WILLIAM ROBERT","100 ROCK HAVEN RD   #K306",CARRBORO,NC,27510,100,"","ROCK HAVEN","",RD,"",K306,CARRBORO,NC,27510,30,MALE,CARRBORO,"54TH HOUSE",DAMASCUS,"CHAPEL HILL",REPUBLICAN,WHITE,ACTIVE,"11/07/2006 GENERAL",11/7/2006
FLOURNOY,"FLOURNOY, WAYNE JOSEF","304 FARM HOUSE DR","CHAPEL HILL",NC,27516,304,"","FARM HOUSE","",DR,"","","CHAPEL HILL",NC,27516,48,MALE,CARRBORO,"56TH HOUSE","NORTH CARRBORO","CHAPEL HILL",REPUBLICAN,WHITE,ACTIVE,"11/07/2006 GENERAL",11/7/2006
FLOYD,"FLOYD, TINA RIGGSBEE","131 COBBLESTONE DR","CHAPEL HILL",NC,27516,131,"",COBBLESTONE,"",DR,"","","CHAPEL HILL",NC,27516,51,FEMALE,CARRBORO,"56TH HOUSE","NORTH CARRBORO","CHAPEL HILL",REPUBLICAN,WHITE,ACTIVE,"11/07/2006 GENERAL",11/7/2006
FLUDE,"FLUDE, JOHN DAVID","1004 N GREENSBORO ST",CARRBORO,NC,27510,1004,N,GREENSBORO,"",ST,"","",CARRBORO,NC,27510,35,MALE,CARRBORO,"56TH HOUSE","TOWN HALL","CHAPEL HILL",REPUBLICAN,WHITE,ACTIVE,"11/07/2006 GENERAL",11/7/2006
FOGLEMAN,"FOGLEMAN, VIRGINIA STONE","107 MELBA CIR",CARRBORO,NC,27510,107,"",MELBA,"",CIR,"","",CARRBORO,NC,27510,60,FEMALE,CARRBORO,"56TH HOUSE",CARRBORO,"CHAPEL HILL",REPUBLICAN,WHITE,ACTIVE,"11/07/2006 GENERAL",11/7/2006
FOLEY,"FOLEY, BARBARA JO","506 MANOR RIDGE DR",CARRBORO,NC,27510,506,"","MANOR RIDGE","",DR,"","",CARRBORO,NC,27510,61,FEMALE,CARRBORO,"54TH HOUSE",DAMASCUS,"CHAPEL HILL",REPUBLICAN,WHITE,ACTIVE,"11/07/2006 GENERAL",11/7/2006
FOX,"FOX, ANJEANNETTE MARIE","615 W MAIN ST   #B",CARRBORO,NC,27510,615,W,MAIN,"",ST,"",B,CARRBORO,NC,27510,47,FEMALE,CARRBORO,"56TH HOUSE","LIONS CLUB","CHAPEL HILL",REPUBLICAN,WHITE,ACTIVE,"11/07/2006 GENERAL",11/7/2006
FOX,"FOX, BRAD","105 PAINTED TURTLE LN","CHAPEL HILL",NC,27516,105,"","PAINTED TURTLE","",LN,"","","CHAPEL HILL",NC,27516,44,MALE,CARRBORO,"50TH HOUSE","HOGAN FARMS","CHAPEL HILL",REPUBLICAN,UNDESIGNATED,ACTIVE,"11/07/2006 GENERAL",11/7/2006
FRISCH,"FRISCH, MICHAEL FRANK","201 COLFAX DR","CHAPEL HILL",NC,27516,201,"",COLFAX,"",DR,"","","CHAPEL HILL",NC,27516,49,MALE,CARRBORO,"56TH HOUSE","NORTH CARRBORO","CHAPEL HILL",REPUBLICAN,WHITE,ACTIVE,"11/07/2006 GENERAL",11/7/2006
GALE,"GALE, STEVEN ANDREW","116 CHAUCER CT",CARRBORO,NC,27510,116,"",CHAUCER,"",CT,"","",CARRBORO,NC,27510,45,MALE,CARRBORO,"56TH HOUSE",OWASA,"CHAPEL HILL",REPUBLICAN,WHITE,ACTIVE,"11/07/2006 GENERAL",11/7/2006
GALLAGHER,"GALLAGHER, CAROLYN MILES","8320 LOCH LAVEN LN","CHAPEL HILL",NC,27516,8320,"","LOCH LAVEN","",LN,"","","CHAPEL HILL",NC,27516,44,FEMALE,CARRBORO,"50TH HOUSE","HOGAN FARMS","CHAPEL HILL",REPUBLICAN,WHITE,ACTIVE,"11/07/2006 GENERAL",11/7/2006
GALLAGHER,"GALLAGHER, JOHN WARD","8320 LOCH LAVEN LN","CHAPEL HILL",NC,27516,8320,"","LOCH LAVEN","",LN,"","","CHAPEL HILL",NC,27516,45,MALE,CARRBORO,"50TH HOUSE","HOGAN FARMS","CHAPEL HILL",REPUBLICAN,WHITE,ACTIVE,"11/07/2006 GENERAL",11/7/2006
GAMBER,"GAMBER, AMY CLEMENT","1223 TALLYHO TRL","CHAPEL HILL",NC,27516,1223,"",TALLYHO,"",TRL,"","","CHAPEL HILL",NC,27516,38,FEMALE,CARRBORO,"50TH HOUSE","HOGAN FARMS","CHAPEL HILL",REPUBLICAN,WHITE,ACTIVE,"11/07/2006 GENERAL",11/7/2006
GARCIA,"GARCIA, ELDERELIA A","605 JONES FERRY RD   #JJ-08",CARRBORO,NC,27510,605,"","JONES FERRY","",RD,"",JJ-08,CARRBORO,NC,27510,78,FEMALE,CARRBORO,"56TH HOUSE",OWASA,"CHAPEL HILL",REPUBLICAN,WHITE,ACTIVE,"11/07/2006 GENERAL",11/7/2006
GARCIA,"GARCIA, MANUEL J","605 JONES FERRY RD   #JJ08",CARRBORO,NC,27510,605,"","JONES FERRY","",RD,"",JJ08,CARRBORO,NC,27510,91,MALE,CARRBORO,"56TH HOUSE",OWASA,"CHAPEL HILL",REPUBLICAN,OTHER,ACTIVE,"11/07/2006 GENERAL",11/7/2006
GARDNER,"GARDNER, JAKE A JR","1604 N GREENSBORO ST",CARRBORO,NC,27510,1604,N,GREENSBORO,"",ST,"","",CARRBORO,NC,27510,58,MALE,CARRBORO,"56TH HOUSE","NORTH CARRBORO","CHAPEL HILL",REPUBLICAN,WHITE,ACTIVE,"11/07/2006 GENERAL",11/7/2006
GARDNER,"GARDNER, JENNIFER ANN","302 FARM HOUSE DR","CHAPEL HILL",NC,27516,302,"","FARM HOUSE","",DR,"","","CHAPEL HILL",NC,27516,34,FEMALE,CARRBORO,"56TH HOUSE","NORTH CARRBORO","CHAPEL HILL",REPUBLICAN,WHITE,ACTIVE,"11/07/2006 GENERAL",11/7/2006
GASDASKA,"GASDASKA, BONNIE NORWIG","213 STRATFORD DR","CHAPEL HILL",NC,27516,213,"",STRATFORD,"",DR,"","","CHAPEL HILL",NC,27516,46,FEMALE,CARRBORO,"56TH HOUSE","NORTH CARRBORO","CHAPEL HILL",REPUBLICAN,WHITE,ACTIVE,"11/07/2006 GENERAL",11/7/2006
GERSTENBERGER,"GERSTENBERGER, NANCY GAIL","200 BARNES ST   #H11",CARRBORO,NC,27510,200,"",BARNES,"",ST,"",H11,CARRBORO,NC,27510,47,FEMALE,CARRBORO,"56TH HOUSE",OWASA,"CHAPEL HILL",REPUBLICAN,WHITE,ACTIVE,"11/07/2006 GENERAL",11/7/2006
GILLESKIE,"GILLESKIE, DONNA BOSWELL","308 HOGAN WOODS CIR","CHAPEL HILL",NC,27516,308,"","HOGAN WOODS","",CIR,"","","CHAPEL HILL",NC,27516,40,FEMALE,CARRBORO,"50TH HOUSE","HOGAN FARMS","CHAPEL HILL",REPUBLICAN,WHITE,ACTIVE,"11/07/2006 GENERAL",11/7/2006
GILLESPIE,"GILLESPIE, BETTY DUNN","600 W POPLAR AVE #239",CARRBORO,NC,27510,600,W,POPLAR,"",AVE,"",239,CARRBORO,NC,27510,91,FEMALE,CARRBORO,"56TH HOUSE","LIONS CLUB","CHAPEL HILL",REPUBLICAN,WHITE,ACTIVE,"11/07/2006 GENERAL",11/7/2006
GIRMAN,"GIRMAN, THOMAS PAUL","107 TURTLEBACK CROSSING DR","CHAPEL HILL",NC,27516,107,"","TURTLEBACK CROSSING","",DR,"","","CHAPEL HILL",NC,27516,53,MALE,CARRBORO,"50TH HOUSE","HOGAN FARMS","CHAPEL HILL",REPUBLICAN,WHITE,ACTIVE,"11/07/2006 GENERAL",11/7/2006
GLOTZER,"GLOTZER, JANA M","202 CATES FARM RD","CHAPEL HILL",NC,27516,202,"","CATES FARM","",RD,"","","CHAPEL HILL",NC,27516,49,FEMALE,CARRBORO,"56TH HOUSE","NORTH CARRBORO","CHAPEL HILL",REPUBLICAN,WHITE,ACTIVE,"11/07/2006 GENERAL",11/7/2006
GOLDBACH,"GOLDBACH, LEONIA L","123 WAVERLY FOREST LN","CHAPEL HILL",NC,27516,123,"","WAVERLY FOREST","",LN,"","","CHAPEL HILL",NC,27516,45,FEMALE,CARRBORO,"56TH HOUSE","NORTH CARRBORO","CHAPEL HILL",REPUBLICAN,WHITE,ACTIVE,"11/07/2006 GENERAL",11/7/2006
GOLDBACH,"GOLDBACH, ROBERT HERMAN","123 WAVERLY FOREST LN","CHAPEL HILL",NC,27516,123,"","WAVERLY FOREST","",LN,"","","CHAPEL HILL",NC,27516,45,MALE,CARRBORO,"56TH HOUSE","NORTH CARRBORO","CHAPEL HILL",REPUBLICAN,WHITE,ACTIVE,"11/07/2006 GENERAL",11/7/2006
GOLDING,"GOLDING, THOMAS SMITH","136 SHADOW RIDGE PL","CHAPEL HILL",NC,27516,136,"","SHADOW RIDGE","",PL,"","","CHAPEL HILL",NC,27516,49,MALE,CARRBORO,"50TH HOUSE","HOGAN FARMS","CHAPEL HILL",REPUBLICAN,WHITE,ACTIVE,"11/07/2006 GENERAL",11/7/2006
GONZALEZ,"GONZALEZ, ROBIN RAE","123 SHADOW RIDGE PL","CHAPEL HILL",NC,27516,123,"","SHADOW RIDGE","",PL,"","","CHAPEL HILL",NC,27516,50,FEMALE,CARRBORO,"50TH HOUSE","HOGAN FARMS","CHAPEL HILL",REPUBLICAN,WHITE,ACTIVE,"11/07/2006 GENERAL",11/7/2006
GOVERT,"GOVERT, JANINE MARIE","123 LAKE HOGAN FARM RD","CHAPEL HILL",NC,27516,123,"","LAKE HOGAN FARM","",RD,"","","CHAPEL HILL",NC,27516,41,FEMALE,CARRBORO,"50TH HOUSE","HOGAN FARMS","CHAPEL HILL",REPUBLICAN,WHITE,ACTIVE,"11/07/2006 GENERAL",11/7/2006
GOVERT,"GOVERT, JOHN VICTOR","123 LAKE HOGAN FARM RD","CHAPEL HILL",NC,27516,123,"","LAKE HOGAN FARM","",RD,"","","CHAPEL HILL",NC,27516,41,MALE,CARRBORO,"50TH HOUSE","HOGAN FARMS","CHAPEL HILL",REPUBLICAN,WHITE,ACTIVE,"11/07/2006 GENERAL",11/7/2006
GRAHAM,"GRAHAM, BETTIE LOU WILLIAMS","103 CULBRETH RD   #303","CHAPEL HILL",NC,27516,103,"",CULBRETH,"",RD,"",303,"CHAPEL HILL",NC,27516,76,FEMALE,CARRBORO,"54TH HOUSE",DAMASCUS,"CHAPEL HILL",REPUBLICAN,WHITE,ACTIVE,"11/07/2006 GENERAL",11/7/2006
GRAUER,"GRAUER, ANDREW JONATHAN","140 BPW CLUB RD   #D-22",CARRBORO,NC,27510,140,"","BPW CLUB","",RD,"",D-22,CARRBORO,NC,27510,36,MALE,CARRBORO,"54TH HOUSE",DAMASCUS,"CHAPEL HILL",REPUBLICAN,WHITE,ACTIVE,"11/07/2006 GENERAL",11/7/2006
GRAVES,"GRAVES, STEVEN JOSEPH","PO BOX 1198",CARRBORO,NC,27510,1207,W,MAIN,"",ST,"","",CARRBORO,NC,27510,48,MALE,CARRBORO,"56TH HOUSE","LIONS CLUB","CHAPEL HILL",REPUBLICAN,WHITE,ACTIVE,"11/07/2006 GENERAL",11/7/2006
GREENWOOD,"GREENWOOD, THOMAS MARSHALL","112 NC HWY 54 BYP   #P6",CARRBORO,NC,27510,112,"","NC HWY 54","",BYP,"",P6,CARRBORO,NC,27510,32,MALE,CARRBORO,"56TH HOUSE","LIONS CLUB","CHAPEL HILL",REPUBLICAN,WHITE,ACTIVE,"11/07/2006 GENERAL",11/7/2006
GRICE,"GRICE, WILLIAM FRANKLIN","107 DILLARD ST",CARRBORO,NC,27510,107,"",DILLARD,"",ST,"","",CARRBORO,NC,27510,83,MALE,CARRBORO,"56TH HOUSE",CARRBORO,"CHAPEL HILL",REPUBLICAN,WHITE,ACTIVE,"11/07/2006 GENERAL",11/7/2006
GROCHOWSKI,"GROCHOWSKI, KRZYSZTOF","105 HANFORD RD","CHAPEL HILL",NC,27516,105,"",HANFORD,"",RD,"","","CHAPEL HILL",NC,27516,55,MALE,CARRBORO,"56TH HOUSE","NORTH CARRBORO","CHAPEL HILL",REPUBLICAN,WHITE,ACTIVE,"11/07/2006 GENERAL",11/7/2006
GROCHOWSKI,"GROCHOWSKI, URSZULA KACZYWSKA","105 HANFORD RD","CHAPEL HILL",NC,27516,105,"",HANFORD,"",RD,"","","CHAPEL HILL",NC,27516,53,FEMALE,CARRBORO,"56TH HOUSE","NORTH CARRBORO","CHAPEL HILL",REPUBLICAN,WHITE,ACTIVE,"11/07/2006 GENERAL",11/7/2006
GUSTAINIS,"GUSTAINIS, JOSEPH DONALD","300 ROSSBURN WAY","CHAPEL HILL",NC,27516,300,"",ROSSBURN,"",WAY,"","","CHAPEL HILL",NC,27516,42,MALE,CARRBORO,"54TH HOUSE",DAMASCUS,"CHAPEL HILL",REPUBLICAN,WHITE,ACTIVE,"11/07/2006 GENERAL",11/7/2006
GWALTNEY,"GWALTNEY, JENIFER WOMBLE","700 LONG MEADOWS RD","CHAPEL HILL",NC,27516,700,"","LONG MEADOWS","",RD,"","","CHAPEL HILL",NC,27516,32,FEMALE,CARRBORO,"50TH HOUSE","HOGAN FARMS","CHAPEL HILL",REPUBLICAN,WHITE,ACTIVE,"11/07/2006 GENERAL",11/7/2006
HAINES,"HAINES, CAROL ANN","303 WYNDHAM DR","CHAPEL HILL",NC,27516,303,"",WYNDHAM,"",DR,"","","CHAPEL HILL",NC,27516,47,FEMALE,CARRBORO,"56TH HOUSE","NORTH CARRBORO","CHAPEL HILL",REPUBLICAN,WHITE,ACTIVE,"11/07/2006 GENERAL",11/7/2006
HAMILTON,"HAMILTON, MARGARET ANNE","108 PINE ST   #A",CARRBORO,NC,27510,108,"",PINE,"",ST,"",A,CARRBORO,NC,27510,22,FEMALE,CARRBORO,"56TH HOUSE",CARRBORO,"CHAPEL HILL",REPUBLICAN,WHITE,ACTIVE,"11/07/2006 GENERAL",11/7/2006
HAMNER,"HAMNER, JEANINE MARIE","128 SOUTH FIELDS CIR","CHAPEL HILL",NC,27516,128,"","SOUTH FIELDS","",CIR,"","","CHAPEL HILL",NC,27516,45,FEMALE,CARRBORO,"50TH HOUSE","HOGAN FARMS","CHAPEL HILL",REPUBLICAN,WHITE,ACTIVE,"11/07/2006 GENERAL",11/7/2006
HANSON,"HANSON, SONIA PINEDA","1003 CAMDEN LN","CHAPEL HILL",NC,27516,1003,"",CAMDEN,"",LN,"","","CHAPEL HILL",NC,27516,54,FEMALE,CARRBORO,"50TH HOUSE","HOGAN FARMS","CHAPEL HILL",REPUBLICAN,WHITE,ACTIVE,"11/07/2006 GENERAL",11/7/2006
HANSON,"HANSON, SOPHIA LILIAN","1003 CAMDEN LN","CHAPEL HILL",NC,27516,1003,"",CAMDEN,"",LN,"","","CHAPEL HILL",NC,27516,20,FEMALE,CARRBORO,"50TH HOUSE","HOGAN FARMS","CHAPEL HILL",REPUBLICAN,WHITE,ACTIVE,"11/07/2006 GENERAL",11/7/2006
HARGROVE,"HARGROVE, JAY PENN","111 RIVERBIRCH PT",CARRBORO,NC,27510,111,"",RIVERBIRCH,"",PT,"","",CARRBORO,NC,27510,69,MALE,CARRBORO,"56TH HOUSE",OWASA,"CHAPEL HILL",REPUBLICAN,WHITE,ACTIVE,"11/07/2006 GENERAL",11/7/2006
HARPER,"HARPER, JILL DIANE","207 TOWNE RIDGE LN","CHAPEL HILL",NC,27516,207,"","TOWNE RIDGE","",LN,"","","CHAPEL HILL",NC,27516,30,FEMALE,CARRBORO,"50TH HOUSE","HOGAN FARMS","CHAPEL HILL",REPUBLICAN,WHITE,ACTIVE,"11/07/2006 GENERAL",11/7/2006
HARPER,"HARPER, JOSHUA OWEN","303 SMITH LEVEL RD   #23A","CHAPEL HILL",NC,27516,303,"","SMITH LEVEL","",RD,"",23A,"CHAPEL HILL",NC,27516,22,MALE,CARRBORO,"54TH HOUSE",DAMASCUS,"CHAPEL HILL",REPUBLICAN,WHITE,ACTIVE,"11/07/2006 GENERAL",11/7/2006
HARRIS,"HARRIS, RAY","306 ESTES DRIVE EXT   #F-1",CARRBORO,NC,27510,306,"","ESTES DRIVE","",EXT,"",F-1,CARRBORO,NC,27510,47,MALE,CARRBORO,"56TH HOUSE","TOWN HALL","CHAPEL HILL",REPUBLICAN,WHITE,ACTIVE,"11/07/2006 GENERAL",11/7/2006
HARRISON,"HARRISON, GARY LEE","100 ROCK HAVEN RD   #A-106",CARRBORO,NC,27510,100,"","ROCK HAVEN","",RD,"",A-106,CARRBORO,NC,27510,39,MALE,CARRBORO,"54TH HOUSE",DAMASCUS,"CHAPEL HILL",REPUBLICAN,WHITE,ACTIVE,"11/07/2006 GENERAL",11/7/2006
HART,"HART, DOUGLAS RAY","217 ROBERT HUNT DR",CARRBORO,NC,27510,217,"","ROBERT HUNT","",DR,"","",CARRBORO,NC,27510,44,MALE,CARRBORO,"56TH HOUSE","NORTH CARRBORO","CHAPEL HILL",REPUBLICAN,WHITE,ACTIVE,"11/07/2006 GENERAL",11/7/2006
HASKINS,"HASKINS, TERESA T","203 SUNSET CREEK CIR","CHAPEL HILL",NC,27516,203,"","SUNSET CREEK","",CIR,"","","CHAPEL HILL",NC,27516,46,FEMALE,CARRBORO,"56TH HOUSE","NORTH CARRBORO","CHAPEL HILL",REPUBLICAN,WHITE,ACTIVE,"11/07/2006 GENERAL",11/7/2006
HASTAY,"HASTAY, JOHN WILLIAM","600 W POPLAR AVE #351",CARRBORO,NC,27510,600,W,POPLAR,"",AVE,"",351,CARRBORO,NC,27510,89,MALE,CARRBORO,"56TH HOUSE","LIONS CLUB","CHAPEL HILL",REPUBLICAN,WHITE,ACTIVE,"11/07/2006 GENERAL",11/7/2006
HASTAY,"HASTAY, LUCILLE N","600 W POPLAR AVE #351",CARRBORO,NC,27510,600,W,POPLAR,"",AVE,"",351,CARRBORO,NC,27510,88,FEMALE,CARRBORO,"56TH HOUSE","LIONS CLUB","CHAPEL HILL",REPUBLICAN,WHITE,ACTIVE,"11/07/2006 GENERAL",11/7/2006
HASTINGS,"HASTINGS, JOHN HENRY JR","113 SOUTH FIELDS CIR","CHAPEL HILL",NC,27516,113,"","SOUTH FIELDS","",CIR,"","","CHAPEL HILL",NC,27516,46,MALE,CARRBORO,"50TH HOUSE","HOGAN FARMS","CHAPEL HILL",REPUBLICAN,UNDESIGNATED,ACTIVE,"11/07/2006 GENERAL",11/7/2006
HATFIELD,"HATFIELD, RICHARD GALEN","102 OAK SPRING CT",CARRBORO,NC,27510,102,"","OAK SPRING","",CT,"","",CARRBORO,NC,27510,57,MALE,CARRBORO,"54TH HOUSE",DAMASCUS,"CHAPEL HILL",REPUBLICAN,WHITE,ACTIVE,"11/07/2006 GENERAL",11/7/2006
HAVENER,"HAVENER, TAMMY MOSER","402 HOGAN WOODS CIR","CHAPEL HILL",NC,27516,402,"","HOGAN WOODS","",CIR,"","","CHAPEL HILL",NC,27516,42,FEMALE,CARRBORO,"50TH HOUSE","HOGAN FARMS","CHAPEL HILL",REPUBLICAN,WHITE,ACTIVE,"11/07/2006 GENERAL",11/7/2006
HAYE,"HAYE, DONNIE DENISE","107 LAKE MANOR RD","CHAPEL HILL",NC,27516,107,"","LAKE MANOR","",RD,"","","CHAPEL HILL",NC,27516,48,FEMALE,CARRBORO,"50TH HOUSE","HOGAN FARMS","CHAPEL HILL",REPUBLICAN,WHITE,ACTIVE,"11/07/2006 GENERAL",11/7/2006
HEANEY,"HEANEY, DEBORAH LOWE","123 SOUTH FIELDS CIR","CHAPEL HILL",NC,27516,123,"","SOUTH FIELDS","",CIR,"","","CHAPEL HILL",NC,27516,59,FEMALE,CARRBORO,"50TH HOUSE","HOGAN FARMS","CHAPEL HILL",REPUBLICAN,WHITE,ACTIVE,"11/07/2006 GENERAL",11/7/2006
HEANEY,"HEANEY, JAMES ALFRED","123 SOUTH FIELDS CIR","CHAPEL HILL",NC,27516,123,"","SOUTH FIELDS","",CIR,"","","CHAPEL HILL",NC,27516,64,MALE,CARRBORO,"50TH HOUSE","HOGAN FARMS","CHAPEL HILL",REPUBLICAN,WHITE,ACTIVE,"11/07/2006 GENERAL",11/7/2006
HEAVLIN,"HEAVLIN, LEE BERNARD","209 BLUERIDGE RD",CARRBORO,NC,27510,209,"",BLUERIDGE,"",RD,"","",CARRBORO,NC,27510,61,MALE,CARRBORO,"56TH HOUSE","NORTH CARRBORO","CHAPEL HILL",REPUBLICAN,WHITE,ACTIVE,"11/07/2006 GENERAL",11/7/2006
HEINE,"HEINE, MARY AUSTERBERRY","303 LONG MEADOWS RD","CHAPEL HILL",NC,27516,303,"","LONG MEADOWS","",RD,"","","CHAPEL HILL",NC,27516,46,FEMALE,CARRBORO,"50TH HOUSE","HOGAN FARMS","CHAPEL HILL",REPUBLICAN,WHITE,ACTIVE,"11/07/2006 GENERAL",11/7/2006
HEISER,"HEISER, THEODORE FRANCIS","8316 LOCH LAVEN LN","CHAPEL HILL",NC,27516,8316,"","LOCH LAVEN","",LN,"","","CHAPEL HILL",NC,27516,49,MALE,CARRBORO,"50TH HOUSE","HOGAN FARMS","CHAPEL HILL",REPUBLICAN,WHITE,ACTIVE,"11/07/2006 GENERAL",11/7/2006
HEISER,"HEISER, YOLANDA MARTA","8316 LOCH LAVEN LN","CHAPEL HILL",NC,27516,8316,"","LOCH LAVEN","",LN,"","","CHAPEL HILL",NC,27516,55,FEMALE,CARRBORO,"50TH HOUSE","HOGAN FARMS","CHAPEL HILL",REPUBLICAN,WHITE,ACTIVE,"11/07/2006 GENERAL",11/7/2006
HENDERSON,"HENDERSON, LEMUEL W","305 HILLSBOROUGH RD",CARRBORO,NC,27510,305,"",HILLSBOROUGH,"",RD,"","",CARRBORO,NC,27510,67,MALE,CARRBORO,"56TH HOUSE",CARRBORO,"CHAPEL HILL",REPUBLICAN,WHITE,ACTIVE,"11/07/2006 GENERAL",11/7/2006
HEWETT,"HEWETT, BRYAN ANTHONY","203 PLEASANT DR",CARRBORO,NC,27510,203,"",PLEASANT,"",DR,"","",CARRBORO,NC,27510,48,MALE,CARRBORO,"56TH HOUSE","TOWN HALL","CHAPEL HILL",REPUBLICAN,WHITE,ACTIVE,"11/07/2006 GENERAL",11/7/2006
HEWITT,"HEWITT, ANDREA EDWARDS","114 NORTH FIELDS CIR","CHAPEL HILL",NC,27516,114,"","NORTH FIELDS","",CIR,"","","CHAPEL HILL",NC,27516,36,FEMALE,CARRBORO,"50TH HOUSE","HOGAN FARMS","CHAPEL HILL",REPUBLICAN,WHITE,INACTIVE,"11/07/2006 GENERAL",11/7/2006
HEWITT,"HEWITT, JOHN DAVID","114 NORTH FIELDS CIR","CHAPEL HILL",NC,27516,114,"","NORTH FIELDS","",CIR,"","","CHAPEL HILL",NC,27516,37,MALE,CARRBORO,"50TH HOUSE","HOGAN FARMS","CHAPEL HILL",REPUBLICAN,WHITE,INACTIVE,"11/07/2006 GENERAL",11/7/2006
HILL,"HILL, JONATHAN YATES SR","208 PURPLE LEAF PL",CARRBORO,NC,27510,208,"","PURPLE LEAF","",PL,"","",CARRBORO,NC,27510,50,MALE,CARRBORO,"56TH HOUSE","TOWN HALL","CHAPEL HILL",REPUBLICAN,WHITE,ACTIVE,"11/07/2006 GENERAL",11/7/2006
HILL,"HILL, KARL NEIMANN III","102 CREEKVIEW CIR",CARRBORO,NC,27510,102,"",CREEKVIEW,"",CIR,"","",CARRBORO,NC,27510,42,MALE,CARRBORO,"56TH HOUSE","NORTH CARRBORO","CHAPEL HILL",REPUBLICAN,WHITE,ACTIVE,"11/07/2006 GENERAL",11/7/2006
HILL,"HILL, MARY JANE MARTIN","208 PURPLE LEAF PL",CARRBORO,NC,27510,208,"","PURPLE LEAF","",PL,"","",CARRBORO,NC,27510,49,FEMALE,CARRBORO,"56TH HOUSE","TOWN HALL","CHAPEL HILL",REPUBLICAN,WHITE,ACTIVE,"11/07/2006 GENERAL",11/7/2006
HINCHMAN,"HINCHMAN, JEFFREY ALLEN","148 NORTH FIELDS CIR","CHAPEL HILL",NC,27516,148,"","NORTH FIELDS","",CIR,"","","CHAPEL HILL",NC,27516,47,MALE,CARRBORO,"50TH HOUSE","HOGAN FARMS","CHAPEL HILL",REPUBLICAN,WHITE,ACTIVE,"11/07/2006 GENERAL",11/7/2006
HIRTH,"HIRTH, FLORENCE MARIE","600 W POPLAR AVE   #210",CARRBORO,NC,27510,600,W,POPLAR,"",AVE,"",210,CARRBORO,NC,27510,76,FEMALE,CARRBORO,"56TH HOUSE","LIONS CLUB","CHAPEL HILL",REPUBLICAN,WHITE,ACTIVE,"11/07/2006 GENERAL",11/7/2006
"HO TONG","HO TONG, ANTHONY L","502 CATES FARM RD","CHAPEL HILL",NC,27516,502,"","CATES FARM","",RD,"","","CHAPEL HILL",NC,27516,45,MALE,CARRBORO,"56TH HOUSE","NORTH CARRBORO","CHAPEL HILL",REPUBLICAN,OTHER,ACTIVE,"11/07/2006 GENERAL",11/7/2006
HOBBS,"HOBBS, JENNIFER ELISE","128 MARLOWE CT",CARRBORO,NC,27510,128,"",MARLOWE,"",CT,"","",CARRBORO,NC,27510,26,FEMALE,CARRBORO,"56TH HOUSE",OWASA,"CHAPEL HILL",REPUBLICAN,WHITE,ACTIVE,"11/07/2006 GENERAL",11/7/2006
HOCHHALTER,"HOCHHALTER, BETTY AYERS","1001 GLOUCESTER CT","CHAPEL HILL",NC,27516,1001,"",GLOUCESTER,"",CT,"","","CHAPEL HILL",NC,27516,66,FEMALE,CARRBORO,"50TH HOUSE","HOGAN FARMS","CHAPEL HILL",REPUBLICAN,WHITE,ACTIVE,"11/07/2006 GENERAL",11/7/2006
HOCHHALTER,"HOCHHALTER, MELVIN E","1001 GLOUCESTER CT","CHAPEL HILL",NC,27516,1001,"",GLOUCESTER,"",CT,"","","CHAPEL HILL",NC,27516,66,MALE,CARRBORO,"50TH HOUSE","HOGAN FARMS","CHAPEL HILL",REPUBLICAN,WHITE,ACTIVE,"11/07/2006 GENERAL",11/7/2006
HOGAN,"HOGAN, CAROLYN S","413 HOMESTEAD RD","CHAPEL HILL",NC,27516,413,"",HOMESTEAD,"",RD,"","","CHAPEL HILL",NC,27516,71,FEMALE,CARRBORO,"56TH HOUSE","NORTH CARRBORO","CHAPEL HILL",REPUBLICAN,WHITE,ACTIVE,"11/07/2006 GENERAL",11/7/2006
HOLLEMAN,"HOLLEMAN, ANN H","124 COBBLESTONE DR","CHAPEL HILL",NC,27516,124,"",COBBLESTONE,"",DR,"","","CHAPEL HILL",NC,27516,49,FEMALE,CARRBORO,"56TH HOUSE","NORTH CARRBORO","CHAPEL HILL",REPUBLICAN,WHITE,ACTIVE,"11/07/2006 GENERAL",11/7/2006
HOLLEMAN,"HOLLEMAN, MARJORIE CHRISTINE","124 COBBLESTONE DR","CHAPEL HILL",NC,27516,124,"",COBBLESTONE,"",DR,"","","CHAPEL HILL",NC,27516,25,FEMALE,CARRBORO,"56TH HOUSE","NORTH CARRBORO","CHAPEL HILL",REPUBLICAN,WHITE,ACTIVE,"11/07/2006 GENERAL",11/7/2006
HOLLEMAN,"HOLLEMAN, TIMOTHY AARON","PO BOX 816",CARRBORO,NC,27510,124,"",COBBLESTONE,"",DR,"","","CHAPEL HILL",NC,27516,51,MALE,CARRBORO,"56TH HOUSE","NORTH CARRBORO","CHAPEL HILL",REPUBLICAN,WHITE,ACTIVE,"11/07/2006 GENERAL",11/7/2006
HOLSOMBACK,"HOLSOMBACK, FRANCES GUESS","600 W POPLAR AVE   #330",CARRBORO,NC,27510,600,W,POPLAR,"",AVE,"",330,CARRBORO,NC,27510,89,FEMALE,CARRBORO,"56TH HOUSE","LIONS CLUB","CHAPEL HILL",REPUBLICAN,WHITE,ACTIVE,"11/07/2006 GENERAL",11/7/2006
HOLT,"HOLT, HUGH FRANKLIN","100 STRATFORD DR","CHAPEL HILL",NC,27516,100,"",STRATFORD,"",DR,"","","CHAPEL HILL",NC,27516,50,MALE,CARRBORO,"56TH HOUSE","NORTH CARRBORO","CHAPEL HILL",REPUBLICAN,WHITE,ACTIVE,"11/07/2006 GENERAL",11/7/2006
HOLT,"HOLT, THOMAS RUSSELL","127 NORTH FIELDS CIR","CHAPEL HILL",NC,27516,127,"","NORTH FIELDS","",CIR,"","","CHAPEL HILL",NC,27516,49,MALE,CARRBORO,"50TH HOUSE","HOGAN FARMS","CHAPEL HILL",REPUBLICAN,WHITE,ACTIVE,"11/07/2006 GENERAL",11/7/2006
HOPPER,"HOPPER, TRENT ALAN","2213 PATHWAY DR","CHAPEL HILL",NC,27516,2213,"",PATHWAY,"",DR,"","","CHAPEL HILL",NC,27516,23,MALE,CARRBORO,"56TH HOUSE","NORTH CARRBORO","CHAPEL HILL",REPUBLICAN,WHITE,ACTIVE,"11/07/2006 GENERAL",11/7/2006
HOWES,"HOWES, IAN ARTHUR WILLIAM","219 STRATFORD DR","CHAPEL HILL",NC,27516,219,"",STRATFORD,"",DR,"","","CHAPEL HILL",NC,27516,48,MALE,CARRBORO,"56TH HOUSE","NORTH CARRBORO","CHAPEL HILL",REPUBLICAN,WHITE,ACTIVE,"11/07/2006 GENERAL",11/7/2006
HOWES,"HOWES, MARGARET M.K","219 STRATFORD DR","CHAPEL HILL",NC,27516,219,"",STRATFORD,"",DR,"","","CHAPEL HILL",NC,27516,41,FEMALE,CARRBORO,"56TH HOUSE","NORTH CARRBORO","CHAPEL HILL",REPUBLICAN,WHITE,ACTIVE,"11/07/2006 GENERAL",11/7/2006
HUME,"HUME, DAVID EMORY","8409 INVERNESS WAY","CHAPEL HILL",NC,27516,8409,"",INVERNESS,"",WAY,"","","CHAPEL HILL",NC,27516,48,MALE,CARRBORO,"50TH HOUSE","HOGAN FARMS","CHAPEL HILL",REPUBLICAN,WHITE,ACTIVE,"11/07/2006 GENERAL",11/7/2006
HUNTSMAN,"HUNTSMAN, JUDY SUITT","205 SHELTON ST",CARRBORO,NC,27510,205,"",SHELTON,"",ST,"","",CARRBORO,NC,27510,61,FEMALE,CARRBORO,"56TH HOUSE","TOWN HALL","CHAPEL HILL",REPUBLICAN,WHITE,ACTIVE,"11/07/2006 GENERAL",11/7/2006
HUPMAN,"HUPMAN, DANE L","300 PLEASANT DR",CARRBORO,NC,27510,300,"",PLEASANT,"",DR,"","",CARRBORO,NC,27510,44,MALE,CARRBORO,"56TH HOUSE","TOWN HALL","CHAPEL HILL",REPUBLICAN,WHITE,ACTIVE,"11/07/2006 GENERAL",11/7/2006
IACHETTA,"IACHETTA, CHARLES JOSEPH","124 SHADOW RIDGE PL","CHAPEL HILL",NC,27516,124,"","SHADOW RIDGE","",PL,"","","CHAPEL HILL",NC,27516,40,MALE,CARRBORO,"50TH HOUSE","HOGAN FARMS","CHAPEL HILL",REPUBLICAN,WHITE,ACTIVE,"11/07/2006 GENERAL",11/7/2006
JACAK,"JACAK, RONALD JERZY","140 BPW CLUB RD   #A3",CARRBORO,NC,27510,140,"","BPW CLUB","",RD,"",A3,CARRBORO,NC,27510,26,MALE,CARRBORO,"54TH HOUSE",DAMASCUS,"CHAPEL HILL",REPUBLICAN,WHITE,ACTIVE,"11/07/2006 GENERAL",11/7/2006
JACKSON,"JACKSON, BARBARA MUSIL","204 LAKE MANOR RD","CHAPEL HILL",NC,27516,204,"","LAKE MANOR","",RD,"","","CHAPEL HILL",NC,27516,46,FEMALE,CARRBORO,"50TH HOUSE","HOGAN FARMS","CHAPEL HILL",REPUBLICAN,WHITE,ACTIVE,"11/07/2006 GENERAL",11/7/2006
JACKSON,"JACKSON, GLENN THOMAS","204 LAKE MANOR RD","CHAPEL HILL",NC,27516,204,"","LAKE MANOR","",RD,"","","CHAPEL HILL",NC,27516,47,MALE,CARRBORO,"50TH HOUSE","HOGAN FARMS","CHAPEL HILL",REPUBLICAN,WHITE,ACTIVE,"11/07/2006 GENERAL",11/7/2006
JACKSON,"JACKSON, TIFFANIE APRIL","606 N GREENSBORO ST   #D2",CARRBORO,NC,27510,606,N,GREENSBORO,"",ST,"",D2,CARRBORO,NC,27510,29,FEMALE,CARRBORO,"56TH HOUSE","TOWN HALL","CHAPEL HILL",REPUBLICAN,WHITE,ACTIVE,"11/07/2006 GENERAL",11/7/2006
JAMES,"JAMES, LINDA ANN","2305 PATHWAY DR","CHAPEL HILL",NC,27516,2305,"",PATHWAY,"",DR,"","","CHAPEL HILL",NC,27516,48,FEMALE,CARRBORO,"56TH HOUSE","NORTH CARRBORO","CHAPEL HILL",REPUBLICAN,WHITE,ACTIVE,"11/07/2006 GENERAL",11/7/2006
JAMES,"JAMES, RICHARD STEVEN SR","2305 PATHWAY DR","CHAPEL HILL",NC,27516,2305,"",PATHWAY,"",DR,"","","CHAPEL HILL",NC,27516,50,MALE,CARRBORO,"56TH HOUSE","NORTH CARRBORO","CHAPEL HILL",REPUBLICAN,WHITE,ACTIVE,"11/07/2006 GENERAL",11/7/2006
JANSEN,"JANSEN, INGER MARGIT","108 ELLSWORTH PL","CHAPEL HILL",NC,27516,108,"",ELLSWORTH,"",PL,"","","CHAPEL HILL",NC,27516,40,FEMALE,CARRBORO,"56TH HOUSE","NORTH CARRBORO","CHAPEL HILL",REPUBLICAN,WHITE,ACTIVE,"11/07/2006 GENERAL",11/7/2006
JELINEK,"JELINEK, ANNE HODGES","2002 WHITMORE CIR","CHAPEL HILL",NC,27516,2002,"",WHITMORE,"",CIR,"","","CHAPEL HILL",NC,27516,63,FEMALE,CARRBORO,"50TH HOUSE","HOGAN FARMS","CHAPEL HILL",REPUBLICAN,WHITE,ACTIVE,"11/07/2006 GENERAL",11/7/2006
JOHNSON,"JOHNSON, AMANDA LEA","222 OLD FAYETTEVILLE RD   #G206",CARRBORO,NC,27510,222,"","OLD FAYETTEVILLE","",RD,"",G206,CARRBORO,NC,27510,24,FEMALE,CARRBORO,"56TH HOUSE","LIONS CLUB","CHAPEL HILL",REPUBLICAN,WHITE,ACTIVE,"11/07/2006 GENERAL",11/7/2006
JOHNSON,"JOHNSON, CATHERINE MARIE","104 BERT ST",CARRBORO,NC,27510,104,"",BERT,"",ST,"","",CARRBORO,NC,27510,70,FEMALE,CARRBORO,"56TH HOUSE","LIONS CLUB","CHAPEL HILL",REPUBLICAN,"BLACK or AFRICAN AMERICAN",ACTIVE,"11/07/2006 GENERAL",11/7/2006
JOHNSON,"JOHNSON, JENNIFER HOGG","403 LAKE HOGAN FARM RD","CHAPEL HILL",NC,27516,403,"","LAKE HOGAN FARM","",RD,"","","CHAPEL HILL",NC,27516,43,FEMALE,CARRBORO,"50TH HOUSE","HOGAN FARMS","CHAPEL HILL",REPUBLICAN,WHITE,ACTIVE,"11/07/2006 GENERAL",11/7/2006
JOHNSON,"JOHNSON, JOANNA CLAIRE","220 OLD FAYETTEVILLE RD   #C-302","CHAPEL HILL",NC,27516,220,"","OLD FAYETTEVILLE","",RD,"",C-302,"CHAPEL HILL",NC,27516,23,FEMALE,CARRBORO,"56TH HOUSE","LIONS CLUB","CHAPEL HILL",REPUBLICAN,WHITE,INACTIVE,"11/07/2006 GENERAL",11/7/2006
JOHNSON,"JOHNSON, ROBERT EVANS","403 LAKE HOGAN FARM RD","CHAPEL HILL",NC,27516,403,"","LAKE HOGAN FARM","",RD,"","","CHAPEL HILL",NC,27516,43,MALE,CARRBORO,"50TH HOUSE","HOGAN FARMS","CHAPEL HILL",REPUBLICAN,WHITE,ACTIVE,"11/07/2006 GENERAL",11/7/2006
JONES,"JONES, MILDRED HORNE","818 OLD FAYETTEVILLE RD","CHAPEL HILL",NC,27516,818,"","OLD FAYETTEVILLE","",RD,"","","CHAPEL HILL",NC,27516,78,FEMALE,CARRBORO,"56TH HOUSE",CARRBORO,"CHAPEL HILL",REPUBLICAN,WHITE,ACTIVE,"11/07/2006 GENERAL",11/7/2006
JORDAN,"JORDAN, GLORIA COTHREN","100 CALUMET CT",CARRBORO,NC,27510,100,"",CALUMET,"",CT,"","",CARRBORO,NC,27510,52,FEMALE,CARRBORO,"56TH HOUSE","NORTH CARRBORO","CHAPEL HILL",REPUBLICAN,WHITE,ACTIVE,"11/07/2006 GENERAL",11/7/2006
JORDAN,"JORDAN, JOHN DICKSON JR","100 CALUMET CT",CARRBORO,NC,27510,100,"",CALUMET,"",CT,"","",CARRBORO,NC,27510,53,MALE,CARRBORO,"56TH HOUSE","NORTH CARRBORO","CHAPEL HILL",REPUBLICAN,WHITE,ACTIVE,"11/07/2006 GENERAL",11/7/2006
JORGENSEN,"JORGENSEN, ANNE KATHERINE","103 BRIGHTON SQ",CARRBORO,NC,27510,121,"",WESTVIEW,"",DR,"","",CARRBORO,NC,27510,60,FEMALE,CARRBORO,"56TH HOUSE","LIONS CLUB","CHAPEL HILL",REPUBLICAN,WHITE,ACTIVE,"11/07/2006 GENERAL",11/7/2006
KAGETSU,"KAGETSU, NAOMI JAYNE","220 STRATFORD DR","CHAPEL HILL",NC,27516,220,"",STRATFORD,"",DR,"","","CHAPEL HILL",NC,27516,45,FEMALE,CARRBORO,"56TH HOUSE","NORTH CARRBORO","CHAPEL HILL",REPUBLICAN,OTHER,ACTIVE,"11/07/2006 GENERAL",11/7/2006
KAIRALLA,"KAIRALLA, ANNA ASHLEY","123 CHAUCER CT",CARRBORO,NC,27510,123,"",CHAUCER,"",CT,"","",CARRBORO,NC,27510,26,FEMALE,CARRBORO,"56TH HOUSE",OWASA,"CHAPEL HILL",REPUBLICAN,WHITE,ACTIVE,"11/07/2006 GENERAL",11/7/2006
KALOS,"KALOS, MICHAEL DENNIS","115 COBBLESTONE DR","CHAPEL HILL",NC,27516,115,"",COBBLESTONE,"",DR,"","","CHAPEL HILL",NC,27516,36,MALE,CARRBORO,"56TH HOUSE","NORTH CARRBORO","CHAPEL HILL",REPUBLICAN,WHITE,ACTIVE,"11/07/2006 GENERAL",11/7/2006
KAPLAN,"KAPLAN, NEAL GARY","1215 TALLYHO TRL","CHAPEL HILL",NC,27516,1215,"",TALLYHO,"",TRL,"","","CHAPEL HILL",NC,27516,55,MALE,CARRBORO,"50TH HOUSE","HOGAN FARMS","CHAPEL HILL",REPUBLICAN,WHITE,ACTIVE,"11/07/2006 GENERAL",11/7/2006
KEEFE,"KEEFE, NANCY E","918 TALLYHO TRL","CHAPEL HILL",NC,27516,918,"",TALLYHO,"",TRL,"","","CHAPEL HILL",NC,27516,50,FEMALE,CARRBORO,"50TH HOUSE","HOGAN FARMS","CHAPEL HILL",REPUBLICAN,WHITE,ACTIVE,"11/07/2006 GENERAL",11/7/2006
KELLEY,"KELLEY, AMANDA BULLARD","116 CHESWICK CT",CARRBORO,NC,27510,116,"",CHESWICK,"",CT,"","",CARRBORO,NC,27510,32,FEMALE,CARRBORO,"56TH HOUSE",CARRBORO,"CHAPEL HILL",REPUBLICAN,WHITE,ACTIVE,"11/07/2006 GENERAL",11/7/2006
KENT,"KENT, SUSAN BETHUNE","600 W POPLAR AVE   #318",CARRBORO,NC,27510,600,W,POPLAR,"",AVE,"",318,CARRBORO,NC,27510,67,FEMALE,CARRBORO,"56TH HOUSE","LIONS CLUB","CHAPEL HILL",REPUBLICAN,WHITE,ACTIVE,"11/07/2006 GENERAL",11/7/2006
KESSLER,"KESSLER, JOHN MICHAEL","704 BOLIN CREEK DR",CARRBORO,NC,27510,704,"","BOLIN CREEK","",DR,"","",CARRBORO,NC,27510,52,MALE,CARRBORO,"56TH HOUSE","NORTH CARRBORO","CHAPEL HILL",REPUBLICAN,WHITE,ACTIVE,"11/07/2006 GENERAL",11/7/2006
KIESTER,"KIESTER, SYLVIA PHILLIPS","130 BEECHWOOD DR",CARRBORO,NC,27510,130,"",BEECHWOOD,"",DR,"","",CARRBORO,NC,27510,77,FEMALE,CARRBORO,"56TH HOUSE",OWASA,"CHAPEL HILL",REPUBLICAN,WHITE,ACTIVE,"11/07/2006 GENERAL",11/7/2006
KILB,"KILB, JOANNE RILEY","406 MANOR RIDGE DR",CARRBORO,NC,27510,406,"","MANOR RIDGE","",DR,"","",CARRBORO,NC,27510,51,FEMALE,CARRBORO,"54TH HOUSE",DAMASCUS,"CHAPEL HILL",REPUBLICAN,WHITE,ACTIVE,"11/07/2006 GENERAL",11/7/2006
KILPATRICK,"KILPATRICK, MARCELLINE WOODS","306 WYNDHAM DR","CHAPEL HILL",NC,27516,306,"",WYNDHAM,"",DR,"","","CHAPEL HILL",NC,27516,43,FEMALE,CARRBORO,"56TH HOUSE","NORTH CARRBORO","CHAPEL HILL",REPUBLICAN,WHITE,ACTIVE,"11/07/2006 GENERAL",11/7/2006
KIM,"KIM, SANDRA","140 BPW CLUB RD   #A7",CARRBORO,NC,27510,140,"","BPW CLUB","",RD,"",A7,CARRBORO,NC,27510,38,FEMALE,CARRBORO,"54TH HOUSE",DAMASCUS,"CHAPEL HILL",REPUBLICAN,OTHER,ACTIVE,"11/07/2006 GENERAL",11/7/2006
KING,"KING, STEPHANIE ANNE","116 WATTERS RD",CARRBORO,NC,27510,116,"",WATTERS,"",RD,"","",CARRBORO,NC,27510,26,FEMALE,CARRBORO,"56TH HOUSE","TOWN HALL","CHAPEL HILL",REPUBLICAN,WHITE,ACTIVE,"11/07/2006 GENERAL",11/7/2006
KINGAN,"KINGAN, SARAH ELIZABETH","1204 TALLYHO TRL","CHAPEL HILL",NC,27516,1204,"",TALLYHO,"",TRL,"","","CHAPEL HILL",NC,27516,58,FEMALE,CARRBORO,"50TH HOUSE","HOGAN FARMS","CHAPEL HILL",REPUBLICAN,WHITE,ACTIVE,"11/07/2006 GENERAL",11/7/2006
KOBESKY,"KOBESKY, LAWRENCE J","508 MANOR RIDGE DR",CARRBORO,NC,27510,508,"","MANOR RIDGE","",DR,"","",CARRBORO,NC,27510,56,MALE,CARRBORO,"54TH HOUSE",DAMASCUS,"CHAPEL HILL",REPUBLICAN,WHITE,ACTIVE,"11/07/2006 GENERAL",11/7/2006
KOMADA,"KOMADA, MICHAEL RUDOLPH","107 LAKE RIDGE PL","CHAPEL HILL",NC,27516,107,"","LAKE RIDGE","",PL,"","","CHAPEL HILL",NC,27516,39,MALE,CARRBORO,"50TH HOUSE","HOGAN FARMS","CHAPEL HILL",REPUBLICAN,WHITE,ACTIVE,"11/07/2006 GENERAL",11/7/2006
KOMIVES,"KOMIVES, STEPHEN MICHAEL","201 FOREST CT",CARRBORO,NC,27510,201,"",FOREST,"",CT,"","",CARRBORO,NC,27510,70,MALE,CARRBORO,"56TH HOUSE","NORTH CARRBORO","CHAPEL HILL",REPUBLICAN,WHITE,ACTIVE,"11/07/2006 GENERAL",11/7/2006
KRAMER,"KRAMER, BRADLEY JOHN","105 JASMINE CT",CARRBORO,NC,27510,105,"",JASMINE,"",CT,"","",CARRBORO,NC,27510,51,MALE,CARRBORO,"56TH HOUSE","NORTH CARRBORO","CHAPEL HILL",REPUBLICAN,WHITE,ACTIVE,"11/07/2006 GENERAL",11/7/2006
KRASNOV,"KRASNOV, MICHAEL ROBERT","124 COLFAX DR","CHAPEL HILL",NC,27516,124,"",COLFAX,"",DR,"","","CHAPEL HILL",NC,27516,55,MALE,CARRBORO,"56TH HOUSE","NORTH CARRBORO","CHAPEL HILL",REPUBLICAN,WHITE,ACTIVE,"11/07/2006 GENERAL",11/7/2006
KRISTIANSEN,"KRISTIANSEN, CARLY RENEE","1000 SMITH LEVEL RD   #A15",CARRBORO,NC,27510,1000,"","SMITH LEVEL","",RD,"",A15,CARRBORO,NC,27510,24,FEMALE,CARRBORO,"54TH HOUSE",DAMASCUS,"CHAPEL HILL",REPUBLICAN,WHITE,ACTIVE,"11/07/2006 GENERAL",11/7/2006
KUENZLI,"KUENZLI, NANCY SMITH","307 HOGAN WOODS CIR","CHAPEL HILL",NC,27516,307,"","HOGAN WOODS","",CIR,"","","CHAPEL HILL",NC,27516,43,FEMALE,CARRBORO,"50TH HOUSE","HOGAN FARMS","CHAPEL HILL",REPUBLICAN,WHITE,ACTIVE,"11/07/2006 GENERAL",11/7/2006
KUHN,"KUHN, MARCIA VALONE","209 COMMONS WAY DR","CHAPEL HILL",NC,27516,209,"","COMMONS WAY","",DR,"","","CHAPEL HILL",NC,27516,49,FEMALE,CARRBORO,"50TH HOUSE","HOGAN FARMS","CHAPEL HILL",REPUBLICAN,UNDESIGNATED,ACTIVE,"11/07/2006 GENERAL",11/7/2006
LANDIS,"LANDIS, SARAH HENRY","108 OLD PITTSBORO RD   #B",CARRBORO,NC,27510,108,"","OLD PITTSBORO","",RD,"",B,CARRBORO,NC,27510,34,FEMALE,CARRBORO,"56TH HOUSE",OWASA,"CHAPEL HILL",REPUBLICAN,WHITE,ACTIVE,"11/07/2006 GENERAL",11/7/2006
LANE,"LANE, GREGORY JAMES","100 BUCK TAYLOR TRL","CHAPEL HILL",NC,27516,100,"","BUCK TAYLOR","",TRL,"","","CHAPEL HILL",NC,27516,49,MALE,CARRBORO,"56TH HOUSE","NORTH CARRBORO","CHAPEL HILL",REPUBLICAN,WHITE,ACTIVE,"11/07/2006 GENERAL",11/7/2006
LANE-CREA,"LANE-CREA, LEA KATHRYN","100 ROCK HAVEN RD   #D104",CARRBORO,NC,27510,100,"","ROCK HAVEN","",RD,"",D104,CARRBORO,NC,27510,33,FEMALE,CARRBORO,"54TH HOUSE",DAMASCUS,"CHAPEL HILL",REPUBLICAN,WHITE,ACTIVE,"11/07/2006 GENERAL",11/7/2006
LARSON,"LARSON, ERIC WRIGHT","102 WILLIAM WHITE CT",CARRBORO,NC,27510,102,"","WILLIAM WHITE","",CT,"","",CARRBORO,NC,27510,59,MALE,CARRBORO,"56TH HOUSE","NORTH CARRBORO","CHAPEL HILL",REPUBLICAN,WHITE,ACTIVE,"11/07/2006 GENERAL",11/7/2006
LEACH,"LEACH, RICHARD F","312 WESTBROOK DR",CARRBORO,NC,27510,312,"",WESTBROOK,"",DR,"","",CARRBORO,NC,27510,81,MALE,CARRBORO,"56TH HOUSE",OWASA,"CHAPEL HILL",REPUBLICAN,WHITE,ACTIVE,"11/07/2006 GENERAL",11/7/2006
LEE,"LEE, ANN JONES","215 STRATFORD DR","CHAPEL HILL",NC,27516,215,"",STRATFORD,"",DR,"","","CHAPEL HILL",NC,27516,66,FEMALE,CARRBORO,"56TH HOUSE","NORTH CARRBORO","CHAPEL HILL",REPUBLICAN,WHITE,ACTIVE,"11/07/2006 GENERAL",11/7/2006
LEE,"LEE, KERRY LAMONT","215 STRATFORD DR","CHAPEL HILL",NC,27516,215,"",STRATFORD,"",DR,"","","CHAPEL HILL",NC,27516,65,MALE,CARRBORO,"56TH HOUSE","NORTH CARRBORO","CHAPEL HILL",REPUBLICAN,WHITE,ACTIVE,"11/07/2006 GENERAL",11/7/2006
LEE,"LEE, MATTHEW YING-MING","8115 N HOUND CT","CHAPEL HILL",NC,27516,8115,N,HOUND,"",CT,"","","CHAPEL HILL",NC,27516,28,MALE,CARRBORO,"50TH HOUSE","HOGAN FARMS","CHAPEL HILL",REPUBLICAN,WHITE,ACTIVE,"11/07/2006 GENERAL",11/7/2006
LEHMAN,"LEHMAN, TONI GALL","112 WOODS WALK CT",CARRBORO,NC,27510,112,"","WOODS WALK","",CT,"","",CARRBORO,NC,27510,44,FEMALE,CARRBORO,"56TH HOUSE",CARRBORO,"CHAPEL HILL",REPUBLICAN,WHITE,ACTIVE,"11/07/2006 GENERAL",11/7/2006
LEONARZ,"LEONARZ, TERESA JEANNE","204 CAROL ST",CARRBORO,NC,27510,204,"",CAROL,"",ST,"","",CARRBORO,NC,27510,47,FEMALE,CARRBORO,"56TH HOUSE",CARRBORO,"CHAPEL HILL",REPUBLICAN,WHITE,ACTIVE,"11/07/2006 GENERAL",11/7/2006
LEWIS,"LEWIS, JENNIFER TAYLOR","112 W POPLAR AVE",CARRBORO,NC,27510,112,W,POPLAR,"",AVE,"","",CARRBORO,NC,27510,55,MALE,CARRBORO,"56TH HOUSE","LIONS CLUB","CHAPEL HILL",REPUBLICAN,WHITE,ACTIVE,"11/07/2006 GENERAL",11/7/2006
LLOYD,"LLOYD, GLORIA MARIE","601 JONES FERRY RD   #M6",CARRBORO,NC,27510,601,"","JONES FERRY","",RD,"",M6,CARRBORO,NC,27510,24,FEMALE,CARRBORO,"56TH HOUSE",OWASA,"CHAPEL HILL",REPUBLICAN,WHITE,ACTIVE,"11/07/2006 GENERAL",11/7/2006
LOBDELL,"LOBDELL, DANELLE TERESA","605 JONES FERRY RD   #MM-1",CARRBORO,NC,27510,605,"","JONES FERRY","",RD,"",MM-1,CARRBORO,NC,27510,37,FEMALE,CARRBORO,"56TH HOUSE",OWASA,"CHAPEL HILL",REPUBLICAN,WHITE,ACTIVE,"11/07/2006 GENERAL",11/7/2006
LORIO,"LORIO, JEANNE GENRE","104 WEATHERVANE DR",CARRBORO,NC,27510,104,"",WEATHERVANE,"",DR,"","",CARRBORO,NC,27510,65,FEMALE,CARRBORO,"56TH HOUSE","TOWN HALL","CHAPEL HILL",REPUBLICAN,WHITE,ACTIVE,"11/07/2006 GENERAL",11/7/2006
LUCAS,"LUCAS, KIMBERLY DANIELLE","111 TURTLEBACK CROSSING DR","CHAPEL HILL",NC,27516,111,"","TURTLEBACK CROSSING","",DR,"","","CHAPEL HILL",NC,27516,37,FEMALE,CARRBORO,"50TH HOUSE","HOGAN FARMS","CHAPEL HILL",REPUBLICAN,"BLACK or AFRICAN AMERICAN",ACTIVE,"11/07/2006 GENERAL",11/7/2006
LUCAS,"LUCAS, ROBERT JOSEPH JR","108 CHESWICK CT",CARRBORO,NC,27510,108,"",CHESWICK,"",CT,"","",CARRBORO,NC,27510,52,MALE,CARRBORO,"56TH HOUSE",CARRBORO,"CHAPEL HILL",REPUBLICAN,WHITE,ACTIVE,"11/07/2006 GENERAL",11/7/2006
LYTLE,"LYTLE, BARBARA L","111 WEATHERHILL PT",CARRBORO,NC,27510,111,"",WEATHERHILL,"",PT,"","",CARRBORO,NC,27510,39,FEMALE,CARRBORO,"56TH HOUSE",OWASA,"CHAPEL HILL",REPUBLICAN,WHITE,ACTIVE,"11/07/2006 GENERAL",11/7/2006
MACKENZIE,"MACKENZIE, MICHAEL LEE","222 OLD FAYETTEVILLE RD   #D203",CARRBORO,NC,27510,222,"","OLD FAYETTEVILLE","",RD,"",D203,CARRBORO,NC,27510,31,MALE,CARRBORO,"56TH HOUSE","LIONS CLUB","CHAPEL HILL",REPUBLICAN,WHITE,ACTIVE,"11/07/2006 GENERAL",11/7/2006
MALLON,"MALLON, MICHAEL TYRONE","600 W POPLAR AVE #138",CARRBORO,NC,27510,600,W,POPLAR,"",AVE,"",138,CARRBORO,NC,27510,68,MALE,CARRBORO,"56TH HOUSE","LIONS CLUB","CHAPEL HILL",REPUBLICAN,WHITE,ACTIVE,"11/07/2006 GENERAL",11/7/2006
MANOR,"MANOR, LINDA MARIE","100 WEBB DR",CARRBORO,NC,27510,100,"",WEBB,"",DR,"","",CARRBORO,NC,27510,52,FEMALE,CARRBORO,"56TH HOUSE","NORTH CARRBORO","CHAPEL HILL",REPUBLICAN,WHITE,ACTIVE,"11/07/2006 GENERAL",11/7/2006
MARCOTTE,"MARCOTTE, SHAWN PAUL","108 BUCK TAYLOR TRL","CHAPEL HILL",NC,27516,108,"","BUCK TAYLOR","",TRL,"","","CHAPEL HILL",NC,27516,43,MALE,CARRBORO,"56TH HOUSE","NORTH CARRBORO","CHAPEL HILL",REPUBLICAN,WHITE,ACTIVE,"11/07/2006 GENERAL",11/7/2006
MARDIS,"MARDIS, DANIEL JOSEPH","222 OLD FAYETTEVILLE RD   #A101",CARRBORO,NC,27510,222,"","OLD FAYETTEVILLE","",RD,"",A101,CARRBORO,NC,27510,29,UNDESIGNATED,CARRBORO,"56TH HOUSE","LIONS CLUB","CHAPEL HILL",REPUBLICAN,WHITE,ACTIVE,"11/07/2006 GENERAL",11/7/2006
MAROLD,"MAROLD, JOHN ALLEN","2301 PATHWAY DR","CHAPEL HILL",NC,27516,2301,"",PATHWAY,"",DR,"","","CHAPEL HILL",NC,27516,37,MALE,CARRBORO,"56TH HOUSE","NORTH CARRBORO","CHAPEL HILL",REPUBLICAN,OTHER,ACTIVE,"11/07/2006 GENERAL",11/7/2006
MARTIN,"MARTIN, DONNA KANNEL","1007 CAMDEN LN","CHAPEL HILL",NC,27516,1007,"",CAMDEN,"",LN,"","","CHAPEL HILL",NC,27516,47,FEMALE,CARRBORO,"50TH HOUSE","HOGAN FARMS","CHAPEL HILL",REPUBLICAN,WHITE,ACTIVE,"11/07/2006 GENERAL",11/7/2006
MARTIN,"MARTIN, DUANE ALLEN","209 TOWNE RIDGE LN","CHAPEL HILL",NC,27516,209,"","TOWNE RIDGE","",LN,"","","CHAPEL HILL",NC,27516,50,MALE,CARRBORO,"50TH HOUSE","HOGAN FARMS","CHAPEL HILL",REPUBLICAN,WHITE,ACTIVE,"11/07/2006 GENERAL",11/7/2006
MARTIN,"MARTIN, RANDALL KEANE","1007 CAMDEN LN","CHAPEL HILL",NC,27516,1007,"",CAMDEN,"",LN,"","","CHAPEL HILL",NC,27516,50,MALE,CARRBORO,"50TH HOUSE","HOGAN FARMS","CHAPEL HILL",REPUBLICAN,WHITE,ACTIVE,"11/07/2006 GENERAL",11/7/2006
MATLOCK,"MATLOCK, SHARON KAY","405 FOREST CT",CARRBORO,NC,27510,405,"",FOREST,"",CT,"","",CARRBORO,NC,27510,50,FEMALE,CARRBORO,"56TH HOUSE","NORTH CARRBORO","CHAPEL HILL",REPUBLICAN,WHITE,ACTIVE,"11/07/2006 GENERAL",11/7/2006
MATSON,"MATSON, MARTHA BARRETT","110 COBBLESTONE DR","CHAPEL HILL",NC,27516,110,"",COBBLESTONE,"",DR,"","","CHAPEL HILL",NC,27516,55,FEMALE,CARRBORO,"56TH HOUSE","NORTH CARRBORO","CHAPEL HILL",REPUBLICAN,WHITE,ACTIVE,"11/07/2006 GENERAL",11/7/2006
MAY,"MAY, RYAN CHRISTOPHER","112 NC HWY 54 BYP   #G5",CARRBORO,NC,27510,112,"","NC HWY 54","",BYP,"",G5,CARRBORO,NC,27510,25,MALE,CARRBORO,"56TH HOUSE","LIONS CLUB","CHAPEL HILL",REPUBLICAN,WHITE,ACTIVE,"11/07/2006 GENERAL",11/7/2006
MAZZOLA,"MAZZOLA, JAMES MICHAEL","1003 BRENDAN CT","CHAPEL HILL",NC,27516,1003,"",BRENDAN,"",CT,"","","CHAPEL HILL",NC,27516,50,MALE,CARRBORO,"50TH HOUSE","HOGAN FARMS","CHAPEL HILL",REPUBLICAN,WHITE,ACTIVE,"11/07/2006 GENERAL",11/7/2006
MCADOO,"MCADOO, ARCHE LEE","8013 ROGERS RD","CHAPEL HILL",NC,27516,8013,"",ROGERS,"",RD,"","","CHAPEL HILL",NC,27516,57,MALE,CARRBORO,"50TH HOUSE","HOGAN FARMS","CHAPEL HILL",REPUBLICAN,"BLACK or AFRICAN AMERICAN",ACTIVE,"11/07/2006 GENERAL",11/7/2006
MCCAFFREY,"MCCAFFREY, MARTIN JOHN","307 SUNSET CREEK CIR","CHAPEL HILL",NC,27516,307,"","SUNSET CREEK","",CIR,"","","CHAPEL HILL",NC,27516,46,MALE,CARRBORO,"56TH HOUSE","NORTH CARRBORO","CHAPEL HILL",REPUBLICAN,WHITE,ACTIVE,"11/07/2006 GENERAL",11/7/2006
MCCRAY,"MCCRAY, PATRICIA A","305 LAKE HOGAN FARM RD","CHAPEL HILL",NC,27516,305,"","LAKE HOGAN FARM","",RD,"","","CHAPEL HILL",NC,27516,50,FEMALE,CARRBORO,"50TH HOUSE","HOGAN FARMS","CHAPEL HILL",REPUBLICAN,WHITE,ACTIVE,"11/07/2006 GENERAL",11/7/2006
MCDONALD,"MCDONALD, WALTER  III","102 COMMONS WAY DR   #71","CHAPEL HILL",NC,27516,102,"","COMMONS WAY","",DR,"",71,"CHAPEL HILL",NC,27516,64,MALE,CARRBORO,"50TH HOUSE","HOGAN FARMS","CHAPEL HILL",REPUBLICAN,WHITE,ACTIVE,"11/07/2006 GENERAL",11/7/2006
MCDONNELL,"MCDONNELL, DONALD PATRICK","1002 GLOUCESTER CT","CHAPEL HILL",NC,27516,1002,"",GLOUCESTER,"",CT,"","","CHAPEL HILL",NC,27516,46,MALE,CARRBORO,"50TH HOUSE","HOGAN FARMS","CHAPEL HILL",REPUBLICAN,WHITE,ACTIVE,"11/07/2006 GENERAL",11/7/2006
MCFARLING,"MCFARLING, CLARENCE RODWELL","106 COBBLESTONE DR","CHAPEL HILL",NC,27516,106,"",COBBLESTONE,"",DR,"","","CHAPEL HILL",NC,27516,57,MALE,CARRBORO,"56TH HOUSE","NORTH CARRBORO","CHAPEL HILL",REPUBLICAN,WHITE,ACTIVE,"11/07/2006 GENERAL",11/7/2006
MCMASTER,"MCMASTER, MELINDA KAY","3008 STAFFIELD LN","CHAPEL HILL",NC,27516,3008,"",STAFFIELD,"",LN,"","","CHAPEL HILL",NC,27516,49,FEMALE,CARRBORO,"50TH HOUSE","HOGAN FARMS","CHAPEL HILL",REPUBLICAN,WHITE,ACTIVE,"11/07/2006 GENERAL",11/7/2006
MCMILLAN,"MCMILLAN, ILA M","8009 ROGERS RD","CHAPEL HILL",NC,27516,8009,"",ROGERS,"",RD,"","","CHAPEL HILL",NC,27516,57,FEMALE,CARRBORO,"50TH HOUSE","HOGAN FARMS","CHAPEL HILL",REPUBLICAN,"BLACK or AFRICAN AMERICAN",ACTIVE,"11/07/2006 GENERAL",11/7/2006
MELLOTT,"MELLOTT, CALVIN ARLEY JR","108B BARNES ST",CARRBORO,NC,27510,108,"",BARNES,"",ST,"","",CARRBORO,NC,27510,45,MALE,CARRBORO,"56TH HOUSE",OWASA,"CHAPEL HILL",REPUBLICAN,WHITE,ACTIVE,"11/07/2006 GENERAL",11/7/2006
MERGNER,"MERGNER, JAMES THADDEUS","401 HOGAN WOODS CIR","CHAPEL HILL",NC,27516,401,"","HOGAN WOODS","",CIR,"","","CHAPEL HILL",NC,27516,67,MALE,CARRBORO,"50TH HOUSE","HOGAN FARMS","CHAPEL HILL",REPUBLICAN,WHITE,ACTIVE,"11/07/2006 GENERAL",11/7/2006
MERGNER,"MERGNER, VIRGINIA SMITH","401 HOGAN WOODS CIR","CHAPEL HILL",NC,27516,401,"","HOGAN WOODS","",CIR,"","","CHAPEL HILL",NC,27516,57,FEMALE,CARRBORO,"50TH HOUSE","HOGAN FARMS","CHAPEL HILL",REPUBLICAN,WHITE,ACTIVE,"11/07/2006 GENERAL",11/7/2006
METTE,"METTE, CHRISTINE M","126 CREEKVIEW CIR",CARRBORO,NC,27510,126,"",CREEKVIEW,"",CIR,"","",CARRBORO,NC,27510,54,FEMALE,CARRBORO,"56TH HOUSE","NORTH CARRBORO","CHAPEL HILL",REPUBLICAN,WHITE,ACTIVE,"11/07/2006 GENERAL",11/7/2006
MEUNIER,"MEUNIER, THERESA MARIE","600 W POPLAR AVE   #349",CARRBORO,NC,27510,600,W,POPLAR,"",AVE,"",349,CARRBORO,NC,27510,80,FEMALE,CARRBORO,"56TH HOUSE","LIONS CLUB","CHAPEL HILL",REPUBLICAN,WHITE,ACTIVE,"11/07/2006 GENERAL",11/7/2006
MEYERS,"MEYERS, MICHELLE JEANNE","203 TRAMORE DR","CHAPEL HILL",NC,27516,203,"",TRAMORE,"",DR,"","","CHAPEL HILL",NC,27516,48,FEMALE,CARRBORO,"56TH HOUSE","NORTH CARRBORO","CHAPEL HILL",REPUBLICAN,WHITE,ACTIVE,"11/07/2006 GENERAL",11/7/2006
MILLAGER,"MILLAGER, ANDY R","406 WATERSIDE DR",CARRBORO,NC,27510,406,"",WATERSIDE,"",DR,"","",CARRBORO,NC,27510,47,MALE,CARRBORO,"56TH HOUSE","NORTH CARRBORO","CHAPEL HILL",REPUBLICAN,WHITE,ACTIVE,"11/07/2006 GENERAL",11/7/2006
MILLER,"MILLER, GERALD MICHAEL","1000 SMITH LEVEL RD   #U3",CARRBORO,NC,27510,1000,"","SMITH LEVEL","",RD,"",U3,CARRBORO,NC,27510,48,MALE,CARRBORO,"54TH HOUSE",DAMASCUS,"CHAPEL HILL",REPUBLICAN,WHITE,ACTIVE,"11/07/2006 GENERAL",11/7/2006
MILLER,"MILLER, ROBERT S","104 STRATFORD DR","CHAPEL HILL",NC,27516,104,"",STRATFORD,"",DR,"","","CHAPEL HILL",NC,27516,51,MALE,CARRBORO,"56TH HOUSE","NORTH CARRBORO","CHAPEL HILL",REPUBLICAN,WHITE,ACTIVE,"11/07/2006 GENERAL",11/7/2006
MILLS,"MILLS, KENNETH CLAYTON","403 JAMES ST",CARRBORO,NC,27510,403,"",JAMES,"",ST,"","",CARRBORO,NC,27510,62,MALE,CARRBORO,"56TH HOUSE",CARRBORO,"CHAPEL HILL",REPUBLICAN,WHITE,ACTIVE,"11/07/2006 GENERAL",11/7/2006
MILNER,"MILNER, ERIN ELIZABETH","201 WESTBROOK DR   #E5",CARRBORO,NC,27510,201,"",WESTBROOK,"",DR,"",E5,CARRBORO,NC,27510,27,FEMALE,CARRBORO,"56TH HOUSE",OWASA,"CHAPEL HILL",REPUBLICAN,WHITE,ACTIVE,"11/07/2006 GENERAL",11/7/2006
MINCHEW,"MINCHEW, JOE TOMMY","104 ELLSWORTH PL","CHAPEL HILL",NC,27516,104,"",ELLSWORTH,"",PL,"","","CHAPEL HILL",NC,27516,45,MALE,CARRBORO,"56TH HOUSE","NORTH CARRBORO","CHAPEL HILL",REPUBLICAN,WHITE,ACTIVE,"11/07/2006 GENERAL",11/7/2006
MOCHEL,"MOCHEL, NEAL GUSTAVE","104 LILAC DR",CARRBORO,NC,27510,104,"",LILAC,"",DR,"","",CARRBORO,NC,27510,64,MALE,CARRBORO,"56TH HOUSE","LIONS CLUB","CHAPEL HILL",REPUBLICAN,WHITE,ACTIVE,"11/07/2006 GENERAL",11/7/2006
MOODY,"MOODY, BRADLEY KEITH","2004 WHITMORE CIR","CHAPEL HILL",NC,27516,2004,"",WHITMORE,"",CIR,"","","CHAPEL HILL",NC,27516,45,MALE,CARRBORO,"50TH HOUSE","HOGAN FARMS","CHAPEL HILL",REPUBLICAN,WHITE,ACTIVE,"11/07/2006 GENERAL",11/7/2006
MOODY,"MOODY, JEANETTE WATTS","105 PHIPPS ST",CARRBORO,NC,27510,105,"",PHIPPS,"",ST,"","",CARRBORO,NC,27510,67,FEMALE,CARRBORO,"56TH HOUSE",CARRBORO,"CHAPEL HILL",REPUBLICAN,WHITE,ACTIVE,"11/07/2006 GENERAL",11/7/2006
MOON,"MOON, CHRISTINA ROBINSON","1104 N GREENSBORO ST #3",CARRBORO,NC,27510,1104,N,GREENSBORO,"",ST,"",3,CARRBORO,NC,27510,39,FEMALE,CARRBORO,"56TH HOUSE","TOWN HALL","CHAPEL HILL",REPUBLICAN,WHITE,ACTIVE,"11/07/2006 GENERAL",11/7/2006
MORAN,"MORAN, DAVID WINSTON","200 HWY 54 BYPASS #A-203",CARRBORO,NC,27510,200,"","NC HWY 54","",BYP,"",A-203,CARRBORO,NC,27510,53,MALE,CARRBORO,"56TH HOUSE","LIONS CLUB","CHAPEL HILL",REPUBLICAN,WHITE,ACTIVE,"11/07/2006 GENERAL",11/7/2006
MORAN,"MORAN, DOREEN ANN","1605 TALLYHO TRL","CHAPEL HILL",NC,27516,1605,"",TALLYHO,"",TRL,"","","CHAPEL HILL",NC,27516,56,FEMALE,CARRBORO,"50TH HOUSE","HOGAN FARMS","CHAPEL HILL",REPUBLICAN,WHITE,INACTIVE,"11/07/2006 GENERAL",11/7/2006
MORAN,"MORAN, JAMES JOSEPH","110 HOGAN GLEN CT","CHAPEL HILL",NC,27516,110,"","HOGAN GLEN","",CT,"","","CHAPEL HILL",NC,27516,68,MALE,CARRBORO,"50TH HOUSE","HOGAN FARMS","CHAPEL HILL",REPUBLICAN,WHITE,ACTIVE,"11/07/2006 GENERAL",11/7/2006
MORAN,"MORAN, PATRICK STUART","PO BOX 16421","CHAPEL HILL",NC,27516,1605,"",TALLYHO,"",TRL,"","","CHAPEL HILL",NC,27516,21,MALE,CARRBORO,"50TH HOUSE","HOGAN FARMS","CHAPEL HILL",REPUBLICAN,WHITE,ACTIVE,"11/07/2006 GENERAL",11/7/2006
MORRIS,"MORRIS, ARTHUR ROBERT JR","103 COLERIDGE CT",CARRBORO,NC,27510,103,"",COLERIDGE,"",CT,"","",CARRBORO,NC,27510,61,MALE,CARRBORO,"56TH HOUSE",OWASA,"CHAPEL HILL",REPUBLICAN,WHITE,ACTIVE,"11/07/2006 GENERAL",11/7/2006
MUIR,"MUIR, PATRICIA ANN","8321 BURNS PL","CHAPEL HILL",NC,27516,8321,"",BURNS,"",PL,"","","CHAPEL HILL",NC,27516,53,FEMALE,CARRBORO,"50TH HOUSE","HOGAN FARMS","CHAPEL HILL",REPUBLICAN,WHITE,ACTIVE,"11/07/2006 GENERAL",11/7/2006
MULLER,"MULLER, MICHAEL GEORGE","204 CEDARWOOD LN",CARRBORO,NC,27510,204,"",CEDARWOOD,"",LN,"","",CARRBORO,NC,27510,54,MALE,CARRBORO,"56TH HOUSE",OWASA,"CHAPEL HILL",REPUBLICAN,WHITE,ACTIVE,"11/07/2006 GENERAL",11/7/2006
MULLINS,"MULLINS, JAMES SCOTT","180 BPW CLUB RD   #N7",CARRBORO,NC,27510,180,"","BPW CLUB","",RD,"",N7,CARRBORO,NC,27510,24,MALE,CARRBORO,"54TH HOUSE",DAMASCUS,"CHAPEL HILL",REPUBLICAN,WHITE,ACTIVE,"11/07/2006 GENERAL",11/7/2006
MULLIS,"MULLIS, RANDALL EDISON","604 ROBERT HUNT DR",CARRBORO,NC,27510,604,"","ROBERT HUNT","",DR,"","",CARRBORO,NC,27510,47,MALE,CARRBORO,"56TH HOUSE","NORTH CARRBORO","CHAPEL HILL",REPUBLICAN,WHITE,ACTIVE,"11/07/2006 GENERAL",11/7/2006
MULLIS,"MULLIS, ROBIN GRAY","604 ROBERT HUNT DR",CARRBORO,NC,27510,604,"","ROBERT HUNT","",DR,"","",CARRBORO,NC,27510,49,FEMALE,CARRBORO,"56TH HOUSE","NORTH CARRBORO","CHAPEL HILL",REPUBLICAN,WHITE,ACTIVE,"11/07/2006 GENERAL",11/7/2006
MURPHY,"MURPHY, ELSIE TELFAIR","303 RAINBOW DR",CARRBORO,NC,27510,303,"",RAINBOW,"",DR,"","",CARRBORO,NC,27510,90,FEMALE,CARRBORO,"56TH HOUSE",CARRBORO,"CHAPEL HILL",REPUBLICAN,WHITE,ACTIVE,"11/07/2006 GENERAL",11/7/2006
NADOLSKI,"NADOLSKI, ANNE C","303 LAKE HOGAN FARM RD","CHAPEL HILL",NC,27516,303,"","LAKE HOGAN FARM","",RD,"","","CHAPEL HILL",NC,27516,56,FEMALE,CARRBORO,"50TH HOUSE","HOGAN FARMS","CHAPEL HILL",REPUBLICAN,WHITE,ACTIVE,"11/07/2006 GENERAL",11/7/2006
NADOLSKI,"NADOLSKI, KEITH E","303 LAKE HOGAN FARM RD","CHAPEL HILL",NC,27516,303,"","LAKE HOGAN FARM","",RD,"","","CHAPEL HILL",NC,27516,58,MALE,CARRBORO,"50TH HOUSE","HOGAN FARMS","CHAPEL HILL",REPUBLICAN,WHITE,ACTIVE,"11/07/2006 GENERAL",11/7/2006
NAFTOLOWITZ,"NAFTOLOWITZ, DAVID F","918 TALLYHO TRL","CHAPEL HILL",NC,27516,918,"",TALLYHO,"",TRL,"","","CHAPEL HILL",NC,27516,48,MALE,CARRBORO,"50TH HOUSE","HOGAN FARMS","CHAPEL HILL",REPUBLICAN,WHITE,ACTIVE,"11/07/2006 GENERAL",11/7/2006
NEILL,"NEILL, MERRILY HIBBERT","700 BOLIN CREEK DR",CARRBORO,NC,27510,700,"","BOLIN CREEK","",DR,"","",CARRBORO,NC,27510,64,FEMALE,CARRBORO,"56TH HOUSE","NORTH CARRBORO","CHAPEL HILL",REPUBLICAN,WHITE,ACTIVE,"11/07/2006 GENERAL",11/7/2006
NELSON,"NELSON, DAVID RUSSELL","6010 MEADOW RUN CT","CHAPEL HILL",NC,27516,6010,"","MEADOW RUN","",CT,"","","CHAPEL HILL",NC,27516,53,MALE,CARRBORO,"50TH HOUSE","HOGAN FARMS","CHAPEL HILL",REPUBLICAN,WHITE,ACTIVE,"11/07/2006 GENERAL",11/7/2006
NEWTON,"NEWTON, JAMES HARRISON","405 TRAMORE DR","CHAPEL HILL",NC,27516,405,"",TRAMORE,"",DR,"","","CHAPEL HILL",NC,27516,52,MALE,CARRBORO,"56TH HOUSE","NORTH CARRBORO","CHAPEL HILL",REPUBLICAN,WHITE,ACTIVE,"11/07/2006 GENERAL",11/7/2006
NEWTON,"NEWTON, SUSAN CONRAD","405 TRAMORE DR","CHAPEL HILL",NC,27516,405,"",TRAMORE,"",DR,"","","CHAPEL HILL",NC,27516,51,FEMALE,CARRBORO,"56TH HOUSE","NORTH CARRBORO","CHAPEL HILL",REPUBLICAN,WHITE,ACTIVE,"11/07/2006 GENERAL",11/7/2006
NORTON,"NORTON, JOHN A","1610 SKYE DR","CHAPEL HILL",NC,27516,1610,"",SKYE,"",DR,"","","CHAPEL HILL",NC,27516,46,MALE,CARRBORO,"50TH HOUSE","HOGAN FARMS","CHAPEL HILL",REPUBLICAN,WHITE,ACTIVE,"11/07/2006 GENERAL",11/7/2006
ODONNELL,"O DONNELL, JOHN GREGORY","215 WILD OAK LN",CARRBORO,NC,27510,215,"","WILD OAK","",LN,"","",CARRBORO,NC,27510,47,MALE,CARRBORO,"56TH HOUSE","NORTH CARRBORO","CHAPEL HILL",REPUBLICAN,WHITE,ACTIVE,"11/07/2006 GENERAL",11/7/2006
OCONNELL,"OCONNELL, THOMAS LYNCH","201 DAIRY GLEN RD","CHAPEL HILL",NC,27516,201,"","DAIRY GLEN","",RD,"","","CHAPEL HILL",NC,27516,38,MALE,CARRBORO,"50TH HOUSE","HOGAN FARMS","CHAPEL HILL",REPUBLICAN,WHITE,ACTIVE,"11/07/2006 GENERAL",11/7/2006
ODONNELL,"ODONNELL, MARYJO KERNAN","215 WILD OAK LN",CARRBORO,NC,27510,215,"","WILD OAK","",LN,"","",CARRBORO,NC,27510,46,FEMALE,CARRBORO,"56TH HOUSE","NORTH CARRBORO","CHAPEL HILL",REPUBLICAN,WHITE,ACTIVE,"11/07/2006 GENERAL",11/7/2006
OKANE,"OKANE, JILL CATHALINE","202 MANOR RIDGE DR",CARRBORO,NC,27510,202,"","MANOR RIDGE","",DR,"","",CARRBORO,NC,27510,44,FEMALE,CARRBORO,"54TH HOUSE",DAMASCUS,"CHAPEL HILL",REPUBLICAN,WHITE,ACTIVE,"11/07/2006 GENERAL",11/7/2006
OKANE,"OKANE, SAMUEL J","202 MANOR RIDGE DR",CARRBORO,NC,27510,202,"","MANOR RIDGE","",DR,"","",CARRBORO,NC,27510,45,MALE,CARRBORO,"54TH HOUSE",DAMASCUS,"CHAPEL HILL",REPUBLICAN,WHITE,ACTIVE,"11/07/2006 GENERAL",11/7/2006
OLIVIER,"OLIVIER, STEPHEN LECLER","200 NC HWY 54 BYP   #G206",CARRBORO,NC,27510,200,"","NC HWY 54","",BYP,"",G206,CARRBORO,NC,27510,24,MALE,CARRBORO,"56TH HOUSE","LIONS CLUB","CHAPEL HILL",REPUBLICAN,WHITE,ACTIVE,"11/07/2006 GENERAL",11/7/2006
PAGE,"PAGE, CLARICE MERRITT","400 LINDSAY ST",CARRBORO,NC,27510,400,"",LINDSAY,"",ST,"","",CARRBORO,NC,27510,70,FEMALE,CARRBORO,"56TH HOUSE",CARRBORO,"CHAPEL HILL",REPUBLICAN,WHITE,ACTIVE,"11/07/2006 GENERAL",11/7/2006
PAGE,"PAGE, MICHAEL CRAIG","109 CATHY RD",CARRBORO,NC,27510,109,"",CATHY,"",RD,"","",CARRBORO,NC,27510,41,MALE,CARRBORO,"56TH HOUSE","LIONS CLUB","CHAPEL HILL",REPUBLICAN,OTHER,ACTIVE,"11/07/2006 GENERAL",11/7/2006
PAGE,"PAGE, WILLIAM B","400 LINDSAY ST",CARRBORO,NC,27510,400,"",LINDSAY,"",ST,"","",CARRBORO,NC,27510,70,MALE,CARRBORO,"56TH HOUSE",CARRBORO,"CHAPEL HILL",REPUBLICAN,WHITE,ACTIVE,"11/07/2006 GENERAL",11/7/2006
PALMER,"PALMER, JENNIFER BRINSON","207 WILD OAK LN",CARRBORO,NC,27510,207,"","WILD OAK","",LN,"","",CARRBORO,NC,27510,56,FEMALE,CARRBORO,"56TH HOUSE","NORTH CARRBORO","CHAPEL HILL",REPUBLICAN,WHITE,ACTIVE,"11/07/2006 GENERAL",11/7/2006
PANNONE,"PANNONE, BERNARD VINCENT","104 SOUTH FIELDS CIR","CHAPEL HILL",NC,27516,104,"","SOUTH FIELDS","",CIR,"","","CHAPEL HILL",NC,27516,78,MALE,CARRBORO,"50TH HOUSE","HOGAN FARMS","CHAPEL HILL",REPUBLICAN,WHITE,ACTIVE,"11/07/2006 GENERAL",11/7/2006
PANNONE,"PANNONE, MERCEDES ANNE","104 SOUTH FIELDS CIR","CHAPEL HILL",NC,27516,104,"","SOUTH FIELDS","",CIR,"","","CHAPEL HILL",NC,27516,74,FEMALE,CARRBORO,"50TH HOUSE","HOGAN FARMS","CHAPEL HILL",REPUBLICAN,WHITE,ACTIVE,"11/07/2006 GENERAL",11/7/2006
PATEL,"PATEL, ANISHKUMAR A","100 RANDOLPH CT","CHAPEL HILL",NC,27516,100,"",RANDOLPH,"",CT,"","","CHAPEL HILL",NC,27516,41,MALE,CARRBORO,"50TH HOUSE","HOGAN FARMS","CHAPEL HILL",REPUBLICAN,ASIAN,ACTIVE,"11/07/2006 GENERAL",11/7/2006
PAXTON,"PAXTON, PAMELA BALLOG","401 HOGAN WOODS CIR","CHAPEL HILL",NC,27516,401,"","HOGAN WOODS","",CIR,"","","CHAPEL HILL",NC,27516,39,FEMALE,CARRBORO,"50TH HOUSE","HOGAN FARMS","CHAPEL HILL",REPUBLICAN,WHITE,ACTIVE,"11/07/2006 GENERAL",11/7/2006
PEARMAN,"PEARMAN, KRISTY LYNN SEWELL","107 HOGAN RIDGE CT","CHAPEL HILL",NC,27516,107,"","HOGAN RIDGE","",CT,"","","CHAPEL HILL",NC,27516,36,FEMALE,CARRBORO,"50TH HOUSE","HOGAN FARMS","CHAPEL HILL",REPUBLICAN,WHITE,ACTIVE,"11/07/2006 GENERAL",11/7/2006
PENDLETON,"PENDLETON, BOBBI DANIEL","2000 STAFFIELD LN","CHAPEL HILL",NC,27516,2000,"",STAFFIELD,"",LN,"","","CHAPEL HILL",NC,27516,47,FEMALE,CARRBORO,"50TH HOUSE","HOGAN FARMS","CHAPEL HILL",REPUBLICAN,WHITE,ACTIVE,"11/07/2006 GENERAL",11/7/2006
PEREZ,"PEREZ, CHARLES EDWARD","403 BOLIN CREEK DR",CARRBORO,NC,27510,403,"","BOLIN CREEK","",DR,"","",CARRBORO,NC,27510,49,MALE,CARRBORO,"56TH HOUSE","NORTH CARRBORO","CHAPEL HILL",REPUBLICAN,WHITE,ACTIVE,"11/07/2006 GENERAL",11/7/2006
PERRINO,"PERRINO, TOBIAS JAMES","100 HANNA ST   #A",CARRBORO,NC,27510,100,"",HANNA,"",ST,"",A,CARRBORO,NC,27510,25,MALE,CARRBORO,"56TH HOUSE","TOWN HALL","CHAPEL HILL",REPUBLICAN,WHITE,ACTIVE,"11/07/2006 GENERAL",11/7/2006
PHILLIPS,"PHILLIPS, OLINE S","104 PINE ST",CARRBORO,NC,27510,104,"",PINE,"",ST,"","",CARRBORO,NC,27510,88,FEMALE,CARRBORO,"56TH HOUSE",CARRBORO,"CHAPEL HILL",REPUBLICAN,WHITE,ACTIVE,"11/07/2006 GENERAL",11/7/2006
PILLSBURY,"PILLSBURY, CAROL HIGGINS","509 ROCKGARDEN DR","CHAPEL HILL",NC,27516,509,"",ROCKGARDEN,"",DR,"","","CHAPEL HILL",NC,27516,43,FEMALE,CARRBORO,"56TH HOUSE","NORTH CARRBORO","CHAPEL HILL",REPUBLICAN,WHITE,ACTIVE,"11/07/2006 GENERAL",11/7/2006
PISKO,"PISKO, RANDI LYNN","203 HOGAN WOODS CIR","CHAPEL HILL",NC,27516,203,"","HOGAN WOODS","",CIR,"","","CHAPEL HILL",NC,27516,51,FEMALE,CARRBORO,"50TH HOUSE","HOGAN FARMS","CHAPEL HILL",REPUBLICAN,WHITE,ACTIVE,"11/07/2006 GENERAL",11/7/2006
PITCHFORD,"PITCHFORD, DIANA GAYTHA","107 ROCK SPRING CT",CARRBORO,NC,27510,107,"","ROCK SPRING","",CT,"","",CARRBORO,NC,27510,56,FEMALE,CARRBORO,"56TH HOUSE","NORTH CARRBORO","CHAPEL HILL",REPUBLICAN,WHITE,ACTIVE,"11/07/2006 GENERAL",11/7/2006
PLATZ,"PLATZ, PETER S","302 SIMPSON ST",CARRBORO,NC,27510,302,"",SIMPSON,"",ST,"","",CARRBORO,NC,27510,38,MALE,CARRBORO,"56TH HOUSE",CARRBORO,"CHAPEL HILL",REPUBLICAN,WHITE,ACTIVE,"11/07/2006 GENERAL",11/7/2006
PLUNKETT,"PLUNKETT, WALTER CARROLL","1005 CAMDEN LN","CHAPEL HILL",NC,27516,1005,"",CAMDEN,"",LN,"","","CHAPEL HILL",NC,27516,54,MALE,CARRBORO,"50TH HOUSE","HOGAN FARMS","CHAPEL HILL",REPUBLICAN,WHITE,ACTIVE,"11/07/2006 GENERAL",11/7/2006
POPE,"POPE, LAWRENCE HUBERT","201 HANFORD RD","CHAPEL HILL",NC,27516,201,"",HANFORD,"",RD,"","","CHAPEL HILL",NC,27516,61,MALE,CARRBORO,"56TH HOUSE","NORTH CARRBORO","CHAPEL HILL",REPUBLICAN,WHITE,ACTIVE,"11/07/2006 GENERAL",11/7/2006
PORTERFIELD,"PORTERFIELD, LISA ANN","305 HOGAN WOODS CIR","CHAPEL HILL",NC,27516,305,"","HOGAN WOODS","",CIR,"","","CHAPEL HILL",NC,27516,34,FEMALE,CARRBORO,"50TH HOUSE","HOGAN FARMS","CHAPEL HILL",REPUBLICAN,WHITE,ACTIVE,"11/07/2006 GENERAL",11/7/2006
POTTER,"POTTER, CLARENCE WILLIAM","2002 PATHWAY DR","CHAPEL HILL",NC,27516,2002,"",PATHWAY,"",DR,"","","CHAPEL HILL",NC,27516,51,MALE,CARRBORO,"56TH HOUSE","NORTH CARRBORO","CHAPEL HILL",REPUBLICAN,WHITE,ACTIVE,"11/07/2006 GENERAL",11/7/2006
POTTER,"POTTER, CLARENCE WILLIAM JR","2002 PATHWAY DR","CHAPEL HILL",NC,27516,2002,"",PATHWAY,"",DR,"","","CHAPEL HILL",NC,27516,18,MALE,CARRBORO,"56TH HOUSE","NORTH CARRBORO","CHAPEL HILL",REPUBLICAN,WHITE,ACTIVE,"11/07/2006 GENERAL",11/7/2006
POTTER,"POTTER, VALERIE SMITH","2002 PATHWAY DR","CHAPEL HILL",NC,27516,2002,"",PATHWAY,"",DR,"","","CHAPEL HILL",NC,27516,43,FEMALE,CARRBORO,"56TH HOUSE","NORTH CARRBORO","CHAPEL HILL",REPUBLICAN,WHITE,ACTIVE,"11/07/2006 GENERAL",11/7/2006
PRICE,"PRICE, JANELLE NEWMAN","601 ROBERT HUNT DR",CARRBORO,NC,27510,601,"","ROBERT HUNT","",DR,"","",CARRBORO,NC,27510,52,FEMALE,CARRBORO,"56TH HOUSE","NORTH CARRBORO","CHAPEL HILL",REPUBLICAN,WHITE,ACTIVE,"11/07/2006 GENERAL",11/7/2006
PRICE,"PRICE, ROSE LEE","103 CULBRETH RD","CHAPEL HILL",NC,27516,103,"",CULBRETH,"",RD,"","","CHAPEL HILL",NC,27516,71,FEMALE,CARRBORO,"54TH HOUSE",DAMASCUS,"CHAPEL HILL",REPUBLICAN,WHITE,ACTIVE,"11/07/2006 GENERAL",11/7/2006
PRICE,"PRICE, STEPHEN ELMORE","601 ROBERT HUNT DR",CARRBORO,NC,27510,601,"","ROBERT HUNT","",DR,"","",CARRBORO,NC,27510,55,MALE,CARRBORO,"56TH HOUSE","NORTH CARRBORO","CHAPEL HILL",REPUBLICAN,WHITE,ACTIVE,"11/07/2006 GENERAL",11/7/2006
RAGAN,"RAGAN, BILLIE W","808 OLD FAYETTEVILLE RD","CHAPEL HILL",NC,27516,808,"","OLD FAYETTEVILLE","",RD,"","","CHAPEL HILL",NC,27516,64,FEMALE,CARRBORO,"56TH HOUSE",CARRBORO,"CHAPEL HILL",REPUBLICAN,WHITE,ACTIVE,"11/07/2006 GENERAL",11/7/2006
RAJAPPAN,"RAJAPPAN, MELISSA BARNES","222 OLD FAYETTEVILLE RD   #J202",CARRBORO,NC,27510,222,"","OLD FAYETTEVILLE","",RD,"",J202,CARRBORO,NC,27510,32,FEMALE,CARRBORO,"56TH HOUSE","LIONS CLUB","CHAPEL HILL",REPUBLICAN,WHITE,ACTIVE,"11/07/2006 GENERAL",11/7/2006
RANDALL,"RANDALL, GARY EDWARD","8412 INVERNESS WAY","CHAPEL HILL",NC,27516,8412,"",INVERNESS,"",WAY,"","","CHAPEL HILL",NC,27516,50,MALE,CARRBORO,"50TH HOUSE","HOGAN FARMS","CHAPEL HILL",REPUBLICAN,WHITE,ACTIVE,"11/07/2006 GENERAL",11/7/2006
RANDALL,"RANDALL, TERRY WITHERS","8412 INVERNESS WAY","CHAPEL HILL",NC,27516,8412,"",INVERNESS,"",WAY,"","","CHAPEL HILL",NC,27516,47,FEMALE,CARRBORO,"50TH HOUSE","HOGAN FARMS","CHAPEL HILL",REPUBLICAN,WHITE,ACTIVE,"11/07/2006 GENERAL",11/7/2006
RAY,"RAY, SHIRLEY BEVELHEIMER","104 WALDEN DR",CARRBORO,NC,27510,104,"",WALDEN,"",DR,"","",CARRBORO,NC,27510,76,FEMALE,CARRBORO,"56TH HOUSE",OWASA,"CHAPEL HILL",REPUBLICAN,WHITE,ACTIVE,"11/07/2006 GENERAL",11/7/2006
REINHART,"REINHART, ANDREW JOSEPH","121 WESTVIEW DR   #41",CARRBORO,NC,27510,121,"",WESTVIEW,"",DR,"",41,CARRBORO,NC,27510,29,MALE,CARRBORO,"56TH HOUSE","LIONS CLUB","CHAPEL HILL",REPUBLICAN,WHITE,ACTIVE,"11/07/2006 GENERAL",11/7/2006
RENEGAR,"RENEGAR, EDWIN JACKSON JR","401 HILLSBOROUGH RD   #A",CARRBORO,NC,27510,401,"",HILLSBOROUGH,"",RD,"",A,CARRBORO,NC,27510,36,MALE,CARRBORO,"56TH HOUSE",CARRBORO,"CHAPEL HILL",REPUBLICAN,WHITE,ACTIVE,"11/07/2006 GENERAL",11/7/2006
REUER,"REUER, JEFFREY JON","135 NORTH FIELDS CIR","CHAPEL HILL",NC,27516,135,"","NORTH FIELDS","",CIR,"","","CHAPEL HILL",NC,27516,38,MALE,CARRBORO,"50TH HOUSE","HOGAN FARMS","CHAPEL HILL",REPUBLICAN,WHITE,ACTIVE,"11/07/2006 GENERAL",11/7/2006
REUER,"REUER, LARISSA NIKOLAYEVNA","135 NORTH FIELDS CIR","CHAPEL HILL",NC,27516,135,"","NORTH FIELDS","",CIR,"","","CHAPEL HILL",NC,27516,37,FEMALE,CARRBORO,"50TH HOUSE","HOGAN FARMS","CHAPEL HILL",REPUBLICAN,WHITE,ACTIVE,"11/07/2006 GENERAL",11/7/2006
REYNOLDS,"REYNOLDS, KELLY ANDRES","180 BPW CLUB RD   #D6",CARRBORO,NC,27510,180,"","BPW CLUB","",RD,"",D6,CARRBORO,NC,27510,33,FEMALE,CARRBORO,"54TH HOUSE",DAMASCUS,"CHAPEL HILL",REPUBLICAN,WHITE,ACTIVE,"11/07/2006 GENERAL",11/7/2006
REYNOLDS,"REYNOLDS, MARCUS TOWNSEND","180 BPW CLUB RD   #D6",CARRBORO,NC,27510,180,"","BPW CLUB","",RD,"",D6,CARRBORO,NC,27510,35,MALE,CARRBORO,"54TH HOUSE",DAMASCUS,"CHAPEL HILL",REPUBLICAN,WHITE,ACTIVE,"11/07/2006 GENERAL",11/7/2006
RICH,"RICH, MELISSA","8319 BURNS PL","CHAPEL HILL",NC,27516,8319,"",BURNS,"",PL,"","","CHAPEL HILL",NC,27516,42,FEMALE,CARRBORO,"50TH HOUSE","HOGAN FARMS","CHAPEL HILL",REPUBLICAN,WHITE,ACTIVE,"11/07/2006 GENERAL",11/7/2006
RICH,"RICH, PRESTON BERKELEY","8319 BURNS PL","CHAPEL HILL",NC,27516,8319,"",BURNS,"",PL,"","","CHAPEL HILL",NC,27516,39,MALE,CARRBORO,"50TH HOUSE","HOGAN FARMS","CHAPEL HILL",REPUBLICAN,WHITE,ACTIVE,"11/07/2006 GENERAL",11/7/2006
RIGGSBEE,"RIGGSBEE, CHARLES LEE","108 LILAC DR",CARRBORO,NC,27510,108,"",LILAC,"",DR,"","",CARRBORO,NC,27510,62,MALE,CARRBORO,"56TH HOUSE","LIONS CLUB","CHAPEL HILL",REPUBLICAN,WHITE,ACTIVE,"11/07/2006 GENERAL",11/7/2006
RIGGSBEE,"RIGGSBEE, DORIS K","108 LILAC DR",CARRBORO,NC,27510,108,"",LILAC,"",DR,"","",CARRBORO,NC,27510,58,FEMALE,CARRBORO,"56TH HOUSE","LIONS CLUB","CHAPEL HILL",REPUBLICAN,WHITE,ACTIVE,"11/07/2006 GENERAL",11/7/2006
RIGGSBEE,"RIGGSBEE, REBECCA","304 LINDSAY ST",CARRBORO,NC,27510,304,"",LINDSAY,"",ST,"","",CARRBORO,NC,27510,55,FEMALE,CARRBORO,"56TH HOUSE",CARRBORO,"CHAPEL HILL",REPUBLICAN,WHITE,ACTIVE,"11/07/2006 GENERAL",11/7/2006
RING,"RING, JOHN IRVIN","8223 HUNTSMAN CT","CHAPEL HILL",NC,27516,8223,"",HUNTSMAN,"",CT,"","","CHAPEL HILL",NC,27516,38,MALE,CARRBORO,"50TH HOUSE","HOGAN FARMS","CHAPEL HILL",REPUBLICAN,WHITE,ACTIVE,"11/07/2006 GENERAL",11/7/2006
RINGGENBERG,"RINGGENBERG, MATTHEW CHRISTOPHER","222 OLD FAYETTEVILLE RD   #B202",CARRBORO,NC,27510,222,"","OLD FAYETTEVILLE","",RD,"",B202,CARRBORO,NC,27510,26,MALE,CARRBORO,"56TH HOUSE","LIONS CLUB","CHAPEL HILL",REPUBLICAN,WHITE,ACTIVE,"11/07/2006 GENERAL",11/7/2006
RIO,"RIO, CHRISTOPHER","101 GARDEN GATE DR","CHAPEL HILL",NC,27516,101,"","GARDEN GATE","",DR,"","","CHAPEL HILL",NC,27516,50,MALE,CARRBORO,"56TH HOUSE","NORTH CARRBORO","CHAPEL HILL",REPUBLICAN,WHITE,ACTIVE,"11/07/2006 GENERAL",11/7/2006
RIO,"RIO, HOLLY","101 GARDEN GATE DR","CHAPEL HILL",NC,27516,101,"","GARDEN GATE","",DR,"","","CHAPEL HILL",NC,27516,47,FEMALE,CARRBORO,"56TH HOUSE","NORTH CARRBORO","CHAPEL HILL",REPUBLICAN,WHITE,ACTIVE,"11/07/2006 GENERAL",11/7/2006
ROBERTSON,"ROBERTSON, ADAM BRIAN","180 BPW CLUB RD   #L-7",CARRBORO,NC,27510,180,"","BPW CLUB","",RD,"",L-7,CARRBORO,NC,27510,29,MALE,CARRBORO,"54TH HOUSE",DAMASCUS,"CHAPEL HILL",REPUBLICAN,WHITE,ACTIVE,"11/07/2006 GENERAL",11/7/2006
ROCKAWAY,"ROCKAWAY, DANIEL LEE","202 HOGAN WOODS CIR","CHAPEL HILL",NC,27516,202,"","HOGAN WOODS","",CIR,"","","CHAPEL HILL",NC,27516,36,MALE,CARRBORO,"50TH HOUSE","HOGAN FARMS","CHAPEL HILL",REPUBLICAN,WHITE,ACTIVE,"11/07/2006 GENERAL",11/7/2006
ROEBER,"ROEBER, PATRICK ALLEN","109 ROBERT HUNT DR",CARRBORO,NC,27510,109,"","ROBERT HUNT","",DR,"","",CARRBORO,NC,27510,39,MALE,CARRBORO,"56TH HOUSE","NORTH CARRBORO","CHAPEL HILL",REPUBLICAN,WHITE,ACTIVE,"11/07/2006 GENERAL",11/7/2006
ROSS,"ROSS, DEBORAH MARSHALL","702 BOLIN CREEK DR",CARRBORO,NC,27510,702,"","BOLIN CREEK","",DR,"","",CARRBORO,NC,27510,54,FEMALE,CARRBORO,"56TH HOUSE","NORTH CARRBORO","CHAPEL HILL",REPUBLICAN,WHITE,ACTIVE,"11/07/2006 GENERAL",11/7/2006
ROSS,"ROSS, GEORGE W","509 BOLIN CREEK DR",CARRBORO,NC,27510,509,"","BOLIN CREEK","",DR,"","",CARRBORO,NC,27510,91,MALE,CARRBORO,"56TH HOUSE","NORTH CARRBORO","CHAPEL HILL",REPUBLICAN,WHITE,ACTIVE,"11/07/2006 GENERAL",11/7/2006
ROSS,"ROSS, ROBERT F","702 BOLIN CREEK DR",CARRBORO,NC,27510,702,"","BOLIN CREEK","",DR,"","",CARRBORO,NC,27510,58,MALE,CARRBORO,"56TH HOUSE","NORTH CARRBORO","CHAPEL HILL",REPUBLICAN,WHITE,ACTIVE,"11/07/2006 GENERAL",11/7/2006
ROUSH,"ROUSH, MELINDA JANE","999 CAMDEN LN","CHAPEL HILL",NC,27516,999,"",CAMDEN,"",LN,"","","CHAPEL HILL",NC,27516,42,FEMALE,CARRBORO,"50TH HOUSE","HOGAN FARMS","CHAPEL HILL",REPUBLICAN,WHITE,ACTIVE,"11/07/2006 GENERAL",11/7/2006
RUBINSTEIN,"RUBINSTEIN, HELEN","114 GARDEN GATE DR","CHAPEL HILL",NC,27516,114,"","GARDEN GATE","",DR,"","","CHAPEL HILL",NC,27516,52,FEMALE,CARRBORO,"56TH HOUSE","NORTH CARRBORO","CHAPEL HILL",REPUBLICAN,WHITE,ACTIVE,"11/07/2006 GENERAL",11/7/2006
RUBINSTEIN,"RUBINSTEIN, MICHAEL","114 GARDEN GATE DR","CHAPEL HILL",NC,27516,114,"","GARDEN GATE","",DR,"","","CHAPEL HILL",NC,27516,50,MALE,CARRBORO,"56TH HOUSE","NORTH CARRBORO","CHAPEL HILL",REPUBLICAN,WHITE,ACTIVE,"11/07/2006 GENERAL",11/7/2006
RUECKEL,"RUECKEL, HEIDI GRETA","111 DAIRY CT","CHAPEL HILL",NC,27516,111,"",DAIRY,"",CT,"","","CHAPEL HILL",NC,27516,47,FEMALE,CARRBORO,"50TH HOUSE","HOGAN FARMS","CHAPEL HILL",REPUBLICAN,WHITE,ACTIVE,"11/07/2006 GENERAL",11/7/2006
SALAZAR,"SALAZAR, EDUARDO ENRIQUE","112 NC HWY 54 BYP   #I-7",CARRBORO,NC,27510,112,"","NC HWY 54","",BYP,"",I-7,CARRBORO,NC,27510,49,MALE,CARRBORO,"56TH HOUSE","LIONS CLUB","CHAPEL HILL",REPUBLICAN,OTHER,ACTIVE,"11/07/2006 GENERAL",11/7/2006
SALMON,"SALMON, MARY LU HONSE","103 BARINGTON HILLS RD","CHAPEL HILL",NC,27516,103,"","BARINGTON HILLS","",RD,"","","CHAPEL HILL",NC,27516,60,FEMALE,CARRBORO,"56TH HOUSE","NORTH CARRBORO","CHAPEL HILL",REPUBLICAN,WHITE,ACTIVE,"11/07/2006 GENERAL",11/7/2006
SAMUELS,"SAMUELS, AMY ELLEN","302 ROSSBURN WAY","CHAPEL HILL",NC,27516,302,"",ROSSBURN,"",WAY,"","","CHAPEL HILL",NC,27516,43,FEMALE,CARRBORO,"54TH HOUSE",DAMASCUS,"CHAPEL HILL",REPUBLICAN,WHITE,ACTIVE,"11/07/2006 GENERAL",11/7/2006
SAMUELS,"SAMUELS, CRAIG STEVEN","302 ROSSBURN WAY","CHAPEL HILL",NC,27516,302,"",ROSSBURN,"",WAY,"","","CHAPEL HILL",NC,27516,43,MALE,CARRBORO,"54TH HOUSE",DAMASCUS,"CHAPEL HILL",REPUBLICAN,WHITE,ACTIVE,"11/07/2006 GENERAL",11/7/2006
SAPP,"SAPP, BAXTER BOONE III","205 MAPLE AVE",CARRBORO,NC,27510,205,"",MAPLE,"",AVE,"","",CARRBORO,NC,27510,47,MALE,CARRBORO,"56TH HOUSE","TOWN HALL","CHAPEL HILL",REPUBLICAN,WHITE,ACTIVE,"11/07/2006 GENERAL",11/7/2006
SAWTELLE,"SAWTELLE, GLENN DOUGLAS","422 WATERSIDE DR",CARRBORO,NC,27510,422,"",WATERSIDE,"",DR,"","",CARRBORO,NC,27510,51,MALE,CARRBORO,"56TH HOUSE","NORTH CARRBORO","CHAPEL HILL",REPUBLICAN,WHITE,ACTIVE,"11/07/2006 GENERAL",11/7/2006
SCANLON,"SCANLON, PATRICK SEAN","605 JONES FERRY RD   #GG15",CARRBORO,NC,27510,605,"","JONES FERRY","",RD,"",GG15,CARRBORO,NC,27510,29,MALE,CARRBORO,"56TH HOUSE",OWASA,"CHAPEL HILL",REPUBLICAN,WHITE,ACTIVE,"11/07/2006 GENERAL",11/7/2006
SCARBROUGH,"SCARBROUGH, HEATHER ANN","140 BPW CLUB RD   #A23",CARRBORO,NC,27510,140,"","BPW CLUB","",RD,"",A23,CARRBORO,NC,27510,22,FEMALE,CARRBORO,"54TH HOUSE",DAMASCUS,"CHAPEL HILL",REPUBLICAN,WHITE,ACTIVE,"11/07/2006 GENERAL",11/7/2006
SCHORR,"SCHORR, JACQUELINE CATHERINE","122 NORTH FIELDS CIR","CHAPEL HILL",NC,27516,122,"","NORTH FIELDS","",CIR,"","","CHAPEL HILL",NC,27516,62,FEMALE,CARRBORO,"50TH HOUSE","HOGAN FARMS","CHAPEL HILL",REPUBLICAN,WHITE,ACTIVE,"11/07/2006 GENERAL",11/7/2006
SECHREST,"SECHREST, EDWARD WADE","222 OLD FAYETTEVILLE RD   #A105",CARRBORO,NC,27510,222,"","OLD FAYETTEVILLE","",RD,"",A105,CARRBORO,NC,27510,39,MALE,CARRBORO,"56TH HOUSE","LIONS CLUB","CHAPEL HILL",REPUBLICAN,WHITE,ACTIVE,"11/07/2006 GENERAL",11/7/2006
SENG,"SENG, DAVID JEROME","200 LYNN DR",CARRBORO,NC,27510,200,"",LYNN,"",DR,"","",CARRBORO,NC,27510,55,MALE,CARRBORO,"56TH HOUSE","LIONS CLUB","CHAPEL HILL",REPUBLICAN,WHITE,ACTIVE,"11/07/2006 GENERAL",11/7/2006
SHAFIEI,"SHAFIEI, HAMID R","113 DAIRY CT","CHAPEL HILL",NC,27516,113,"",DAIRY,"",CT,"","","CHAPEL HILL",NC,27516,49,MALE,CARRBORO,"50TH HOUSE","HOGAN FARMS","CHAPEL HILL",REPUBLICAN,WHITE,ACTIVE,"11/07/2006 GENERAL",11/7/2006
SHEEHAN,"SHEEHAN, JAMES DENIS","215 TURTLEBACK CROSSING DR","CHAPEL HILL",NC,27516,215,"","TURTLEBACK CROSSING","",DR,"","","CHAPEL HILL",NC,27516,35,MALE,CARRBORO,"50TH HOUSE","HOGAN FARMS","CHAPEL HILL",REPUBLICAN,WHITE,ACTIVE,"11/07/2006 GENERAL",11/7/2006
SHELTON,"SHELTON, EDWARD EUGENE","200 DAIRY GLEN RD","CHAPEL HILL",NC,27516,200,"","DAIRY GLEN","",RD,"","","CHAPEL HILL",NC,27516,57,MALE,CARRBORO,"50TH HOUSE","HOGAN FARMS","CHAPEL HILL",REPUBLICAN,WHITE,ACTIVE,"11/07/2006 GENERAL",11/7/2006
SHORTINO,"SHORTINO, DAVID FRANCIS","103 LAKE RIDGE PL","CHAPEL HILL",NC,27516,103,"","LAKE RIDGE","",PL,"","","CHAPEL HILL",NC,27516,43,MALE,CARRBORO,"50TH HOUSE","HOGAN FARMS","CHAPEL HILL",REPUBLICAN,WHITE,ACTIVE,"11/07/2006 GENERAL",11/7/2006
SHORTINO,"SHORTINO, DENISE DIANE","103 LAKE RIDGE PL","CHAPEL HILL",NC,27516,103,"","LAKE RIDGE","",PL,"","","CHAPEL HILL",NC,27516,42,FEMALE,CARRBORO,"50TH HOUSE","HOGAN FARMS","CHAPEL HILL",REPUBLICAN,WHITE,ACTIVE,"11/07/2006 GENERAL",11/7/2006
SHOUP,"SHOUP, DAVID LINN","605 LAKE HOGAN FARM RD","CHAPEL HILL",NC,27516,605,"","LAKE HOGAN FARM","",RD,"","","CHAPEL HILL",NC,27516,47,MALE,CARRBORO,"50TH HOUSE","HOGAN FARMS","CHAPEL HILL",REPUBLICAN,WHITE,ACTIVE,"11/07/2006 GENERAL",11/7/2006
SILVERS,"SILVERS, ROBERT","404 MANOR RIDGE DR",CARRBORO,NC,27510,404,"","MANOR RIDGE","",DR,"","",CARRBORO,NC,27510,54,MALE,CARRBORO,"54TH HOUSE",DAMASCUS,"CHAPEL HILL",REPUBLICAN,WHITE,ACTIVE,"11/07/2006 GENERAL",11/7/2006
SMITH,"SMITH, CHRISTIAN TODD","112 DAIRY CT","CHAPEL HILL",NC,27516,112,"",DAIRY,"",CT,"","","CHAPEL HILL",NC,27516,36,MALE,CARRBORO,"50TH HOUSE","HOGAN FARMS","CHAPEL HILL",REPUBLICAN,WHITE,ACTIVE,"11/07/2006 GENERAL",11/7/2006
SMITH,"SMITH, ERLE A","103 SUNSET CREEK CIR","CHAPEL HILL",NC,27516,103,"","SUNSET CREEK","",CIR,"","","CHAPEL HILL",NC,27516,50,MALE,CARRBORO,"56TH HOUSE","NORTH CARRBORO","CHAPEL HILL",REPUBLICAN,WHITE,ACTIVE,"11/07/2006 GENERAL",11/7/2006
SMITH,"SMITH, GAIL SALINSKY","101 THOMAS LN   #D2",CARRBORO,NC,27510,101,"",THOMAS,"",LN,"",D2,CARRBORO,NC,27510,52,FEMALE,CARRBORO,"56TH HOUSE","TOWN HALL","CHAPEL HILL",REPUBLICAN,WHITE,ACTIVE,"11/07/2006 GENERAL",11/7/2006
SMITH,"SMITH, LORI LUCAS","112 DAIRY CT","CHAPEL HILL",NC,27516,112,"",DAIRY,"",CT,"","","CHAPEL HILL",NC,27516,39,FEMALE,CARRBORO,"50TH HOUSE","HOGAN FARMS","CHAPEL HILL",REPUBLICAN,WHITE,ACTIVE,"11/07/2006 GENERAL",11/7/2006
SMITH,"SMITH, SCOTT CHARLES","117 W POPLAR AVE",CARRBORO,NC,27510,117,W,POPLAR,"",AVE,"","",CARRBORO,NC,27510,41,MALE,CARRBORO,"56TH HOUSE","LIONS CLUB","CHAPEL HILL",REPUBLICAN,WHITE,ACTIVE,"11/07/2006 GENERAL",11/7/2006
SOHER,"SOHER, BRIAN JOSEPH","106 JONES CREEK PL","CHAPEL HILL",NC,27516,106,"","JONES CREEK","",PL,"","","CHAPEL HILL",NC,27516,40,MALE,CARRBORO,"50TH HOUSE","HOGAN FARMS","CHAPEL HILL",REPUBLICAN,WHITE,ACTIVE,"11/07/2006 GENERAL",11/7/2006
SPINKS,"SPINKS, LOUISE BREWER","112 NC HWY 54 BYP   #W2",CARRBORO,NC,27510,112,"","NC HWY 54","",BYP,"",W2,CARRBORO,NC,27510,57,FEMALE,CARRBORO,"56TH HOUSE","LIONS CLUB","CHAPEL HILL",REPUBLICAN,"BLACK or AFRICAN AMERICAN",ACTIVE,"11/07/2006 GENERAL",11/7/2006
SPIVEY,"SPIVEY, MARGARET ALSTON COE","103 CULBRETH RD   #302","CHAPEL HILL",NC,27516,103,"",CULBRETH,"",RD,"",302,"CHAPEL HILL",NC,27516,78,FEMALE,CARRBORO,"54TH HOUSE",DAMASCUS,"CHAPEL HILL",REPUBLICAN,WHITE,ACTIVE,"11/07/2006 GENERAL",11/7/2006
SPRINGFIELD,"SPRINGFIELD, MARICA AUCOIN","107 GARDEN GATE DR","CHAPEL HILL",NC,27516,107,"","GARDEN GATE","",DR,"","","CHAPEL HILL",NC,27516,49,FEMALE,CARRBORO,"56TH HOUSE","NORTH CARRBORO","CHAPEL HILL",REPUBLICAN,WHITE,ACTIVE,"11/07/2006 GENERAL",11/7/2006
SPRINGFIELD,"SPRINGFIELD, RANDALL SCOTT","107 GARDEN GATE DR","CHAPEL HILL",NC,27516,107,"","GARDEN GATE","",DR,"","","CHAPEL HILL",NC,27516,51,MALE,CARRBORO,"56TH HOUSE","NORTH CARRBORO","CHAPEL HILL",REPUBLICAN,WHITE,ACTIVE,"11/07/2006 GENERAL",11/7/2006
"ST CLAIRE III","ST CLAIRE III, ROBERT LEE","204 WYNDHAM DR","CHAPEL HILL",NC,27516,204,"",WYNDHAM,"",DR,"","","CHAPEL HILL",NC,27516,52,MALE,CARRBORO,"56TH HOUSE","NORTH CARRBORO","CHAPEL HILL",REPUBLICAN,WHITE,ACTIVE,"11/07/2006 GENERAL",11/7/2006
"ST CLAIRE","ST CLAIRE, KAREN SUE KLAGER","204 WYNDHAM DR","CHAPEL HILL",NC,27516,204,"",WYNDHAM,"",DR,"","","CHAPEL HILL",NC,27516,55,FEMALE,CARRBORO,"56TH HOUSE","NORTH CARRBORO","CHAPEL HILL",REPUBLICAN,WHITE,ACTIVE,"11/07/2006 GENERAL",11/7/2006
STEELE,"STEELE, JULIA ANNE","100 ROCK HAVEN RD   #B105",CARRBORO,NC,27510,100,"","ROCK HAVEN","",RD,"",B105,CARRBORO,NC,27510,25,FEMALE,CARRBORO,"54TH HOUSE",DAMASCUS,"CHAPEL HILL",REPUBLICAN,WHITE,ACTIVE,"11/07/2006 GENERAL",11/7/2006
STEWART,"STEWART, AMANDA LYNN","1000 SMITH LEVEL RD   #F-1",CARRBORO,NC,27510,1000,"","SMITH LEVEL","",RD,"",F-1,CARRBORO,NC,27510,26,FEMALE,CARRBORO,"54TH HOUSE",DAMASCUS,"CHAPEL HILL",REPUBLICAN,WHITE,ACTIVE,"11/07/2006 GENERAL",11/7/2006
STODDARD,"STODDARD, JAN A","903 TALLYHO TRL","CHAPEL HILL",NC,27516,903,"",TALLYHO,"",TRL,"","","CHAPEL HILL",NC,27516,47,FEMALE,CARRBORO,"50TH HOUSE","HOGAN FARMS","CHAPEL HILL",REPUBLICAN,WHITE,ACTIVE,"11/07/2006 GENERAL",11/7/2006
STODDARD,"STODDARD, JEFFERY BRYAN","903 TALLYHO TRL","CHAPEL HILL",NC,27516,903,"",TALLYHO,"",TRL,"","","CHAPEL HILL",NC,27516,49,MALE,CARRBORO,"50TH HOUSE","HOGAN FARMS","CHAPEL HILL",REPUBLICAN,WHITE,ACTIVE,"11/07/2006 GENERAL",11/7/2006
STOFFEL,"STOFFEL, THOMAS JAMES","602 LONG MEADOWS RD","CHAPEL HILL",NC,27516,602,"","LONG MEADOWS","",RD,"","","CHAPEL HILL",NC,27516,50,MALE,CARRBORO,"50TH HOUSE","HOGAN FARMS","CHAPEL HILL",REPUBLICAN,WHITE,ACTIVE,"11/07/2006 GENERAL",11/7/2006
STOIANOVITCH,"STOIANOVITCH, CARMEN HILDA","600 W POPLAR AVE   #121",CARRBORO,NC,27510,600,W,POPLAR,"",AVE,"",121,CARRBORO,NC,27510,76,FEMALE,CARRBORO,"56TH HOUSE","LIONS CLUB","CHAPEL HILL",REPUBLICAN,WHITE,ACTIVE,"11/07/2006 GENERAL",11/7/2006
STONE,"STONE, STEPHEN WAYNE","100 PAINTED TURTLE LN","CHAPEL HILL",NC,27516,100,"","PAINTED TURTLE","",LN,"","","CHAPEL HILL",NC,27516,47,MALE,CARRBORO,"50TH HOUSE","HOGAN FARMS","CHAPEL HILL",REPUBLICAN,WHITE,ACTIVE,"11/07/2006 GENERAL",11/7/2006
STOUT,"STOUT, MELISSA JOYCE","204 WESTVIEW DR",CARRBORO,NC,27510,204,"",WESTVIEW,"",DR,"","",CARRBORO,NC,27510,58,FEMALE,CARRBORO,"56TH HOUSE","LIONS CLUB","CHAPEL HILL",REPUBLICAN,WHITE,ACTIVE,"11/07/2006 GENERAL",11/7/2006
STURGEON,"STURGEON, MARY ELLEN","313 WESTBROOK DR",CARRBORO,NC,27510,313,"",WESTBROOK,"",DR,"","",CARRBORO,NC,27510,45,FEMALE,CARRBORO,"56TH HOUSE",OWASA,"CHAPEL HILL",REPUBLICAN,WHITE,ACTIVE,"11/07/2006 GENERAL",11/7/2006
SULLIVAN,"SULLIVAN, CARL JOSEPH","211 LAKE MANOR RD","CHAPEL HILL",NC,27516,211,"","LAKE MANOR","",RD,"","","CHAPEL HILL",NC,27516,48,MALE,CARRBORO,"50TH HOUSE","HOGAN FARMS","CHAPEL HILL",REPUBLICAN,WHITE,ACTIVE,"11/07/2006 GENERAL",11/7/2006
SULLIVAN,"SULLIVAN, JOANN","211 LAKE MANOR RD","CHAPEL HILL",NC,27516,211,"","LAKE MANOR","",RD,"","","CHAPEL HILL",NC,27516,47,FEMALE,CARRBORO,"50TH HOUSE","HOGAN FARMS","CHAPEL HILL",REPUBLICAN,WHITE,ACTIVE,"11/07/2006 GENERAL",11/7/2006
SWARTZBURG,"SWARTZBURG, MARK E","601 JONES FERRY RD   #E-5",CARRBORO,NC,27510,601,"","JONES FERRY","",RD,"",E-5,CARRBORO,NC,27510,38,MALE,CARRBORO,"56TH HOUSE",OWASA,"CHAPEL HILL",REPUBLICAN,WHITE,ACTIVE,"11/07/2006 GENERAL",11/7/2006
TAPLEY,"TAPLEY, JASON ALLEN","180 BPW CLUB RD   #K6",CARRBORO,NC,27510,180,"","BPW CLUB","",RD,"",K6,CARRBORO,NC,27510,23,MALE,CARRBORO,"54TH HOUSE",DAMASCUS,"CHAPEL HILL",REPUBLICAN,WHITE,ACTIVE,"11/07/2006 GENERAL",11/7/2006
TAYLOR,"TAYLOR, SAMUEL BRINTON","513 CATES FARM RD","CHAPEL HILL",NC,27516,513,"","CATES FARM","",RD,"","","CHAPEL HILL",NC,27516,48,MALE,CARRBORO,"56TH HOUSE","NORTH CARRBORO","CHAPEL HILL",REPUBLICAN,WHITE,ACTIVE,"11/07/2006 GENERAL",11/7/2006
TERRY,"TERRY, BARBARA H","313 TRIPP FARM RD","CHAPEL HILL",NC,27516,313,"","TRIPP FARM","",RD,"","","CHAPEL HILL",NC,27516,58,FEMALE,CARRBORO,"56TH HOUSE","NORTH CARRBORO","CHAPEL HILL",REPUBLICAN,WHITE,ACTIVE,"11/07/2006 GENERAL",11/7/2006
THOMAS,"THOMAS, DOROTHY TASH","600 W POPLAR AVE #347",CARRBORO,NC,27510,600,W,POPLAR,"",AVE,"",347,CARRBORO,NC,27510,80,FEMALE,CARRBORO,"56TH HOUSE","LIONS CLUB","CHAPEL HILL",REPUBLICAN,WHITE,ACTIVE,"11/07/2006 GENERAL",11/7/2006
THOMAS,"THOMAS, STEVEN MICHAEL","2007 WHITMORE CIR","CHAPEL HILL",NC,27516,2007,"",WHITMORE,"",CIR,"","","CHAPEL HILL",NC,27516,57,MALE,CARRBORO,"50TH HOUSE","HOGAN FARMS","CHAPEL HILL",REPUBLICAN,WHITE,ACTIVE,"11/07/2006 GENERAL",11/7/2006
THOMASON,"THOMASON, LINDA J","211 CATES FARM RD","CHAPEL HILL",NC,27516,211,"","CATES FARM","",RD,"","","CHAPEL HILL",NC,27516,47,FEMALE,CARRBORO,"56TH HOUSE","NORTH CARRBORO","CHAPEL HILL",REPUBLICAN,WHITE,ACTIVE,"11/07/2006 GENERAL",11/7/2006
THOMPSON,"THOMPSON, GREGORY DAVID","203 FARM HOUSE DR","CHAPEL HILL",NC,27516,203,"","FARM HOUSE","",DR,"","","CHAPEL HILL",NC,27516,43,MALE,CARRBORO,"56TH HOUSE","NORTH CARRBORO","CHAPEL HILL",REPUBLICAN,UNDESIGNATED,ACTIVE,"11/07/2006 GENERAL",11/7/2006
THOMPSON,"THOMPSON, WENDOLYN J","203 FARM HOUSE DR","CHAPEL HILL",NC,27516,203,"","FARM HOUSE","",DR,"","","CHAPEL HILL",NC,27516,43,FEMALE,CARRBORO,"56TH HOUSE","NORTH CARRBORO","CHAPEL HILL",REPUBLICAN,WHITE,ACTIVE,"11/07/2006 GENERAL",11/7/2006
THROOP,"THROOP, SHARON MASSEY","112 STRATFORD DR","CHAPEL HILL",NC,27516,112,"",STRATFORD,"",DR,"","","CHAPEL HILL",NC,27516,52,FEMALE,CARRBORO,"56TH HOUSE","NORTH CARRBORO","CHAPEL HILL",REPUBLICAN,WHITE,ACTIVE,"11/07/2006 GENERAL",11/7/2006
TODD,"TODD, ABBY JO","400 DAVIE RD   #40",CARRBORO,NC,27510,400,"",DAVIE,"",RD,"",40,CARRBORO,NC,27510,30,FEMALE,CARRBORO,"56TH HOUSE","LIONS CLUB","CHAPEL HILL",REPUBLICAN,WHITE,ACTIVE,"11/07/2006 GENERAL",11/7/2006
TOWNSEND,"TOWNSEND, KATHERINE CAMPBELL","115 N MERRITT MILL RD   #306","CHAPEL HILL",NC,27516,115,N,"MERRITT MILL","",RD,"",306,"CHAPEL HILL",NC,27516,29,FEMALE,CARRBORO,"56TH HOUSE","TOWN HALL","CHAPEL HILL",REPUBLICAN,WHITE,ACTIVE,"11/07/2006 GENERAL",11/7/2006
TURPIN,"TURPIN, CHARLES BRAXTON JR","404 JONES FERRY RD   #15",CARRBORO,NC,27510,404,"","JONES FERRY","",RD,"",15,CARRBORO,NC,27510,56,MALE,CARRBORO,"56TH HOUSE","LIONS CLUB","CHAPEL HILL",REPUBLICAN,WHITE,ACTIVE,"11/07/2006 GENERAL",11/7/2006
TUSKEY,"TUSKEY, ELIZABETH","600 W POPLAR AVE   #341",CARRBORO,NC,27510,600,W,POPLAR,"",AVE,"",341,CARRBORO,NC,27510,81,FEMALE,CARRBORO,"56TH HOUSE","LIONS CLUB","CHAPEL HILL",REPUBLICAN,WHITE,ACTIVE,"11/07/2006 GENERAL",11/7/2006
VALAS,"VALAS, JUSTIN COLIN","200 BARNES ST   #B14",CARRBORO,NC,27510,200,"",BARNES,"",ST,"",B14,CARRBORO,NC,27510,23,MALE,CARRBORO,"56TH HOUSE",OWASA,"CHAPEL HILL",REPUBLICAN,ASIAN,ACTIVE,"11/07/2006 GENERAL",11/7/2006
"VAN LIDTH DE JEUDE","VAN LIDTH DE JEUDE, CORNELIS PHILIP JUSTUS","105 BPW CLUB RD   #B",CARRBORO,NC,27510,105,"","BPW CLUB","",RD,"",B,CARRBORO,NC,27510,55,MALE,CARRBORO,"54TH HOUSE",DAMASCUS,"CHAPEL HILL",REPUBLICAN,OTHER,ACTIVE,"11/07/2006 GENERAL",11/7/2006
"VAN LIDTH DEJEUDE","VAN LIDTH DEJEUDE, PETER CORNELIS PHILIP","105 BPW CLUB RD   #B",CARRBORO,NC,27510,105,"","BPW CLUB","",RD,"",B,CARRBORO,NC,27510,26,MALE,CARRBORO,"54TH HOUSE",DAMASCUS,"CHAPEL HILL",REPUBLICAN,WHITE,ACTIVE,"11/07/2006 GENERAL",11/7/2006
VANFLEET-KELLEY,"VANFLEET-KELLEY, ALICE MARGUERITE","204 LORRAINE ST",CARRBORO,NC,27510,204,"",LORRAINE,"",ST,"","",CARRBORO,NC,27510,71,FEMALE,CARRBORO,"56TH HOUSE",CARRBORO,"CHAPEL HILL",REPUBLICAN,WHITE,ACTIVE,"11/07/2006 GENERAL",11/7/2006
VAVRUSKA,"VAVRUSKA, ZITA A","600 W POPLAR AVE   #253",CARRBORO,NC,27510,600,W,POPLAR,"",AVE,"",253,CARRBORO,NC,27510,84,FEMALE,CARRBORO,"56TH HOUSE","LIONS CLUB","CHAPEL HILL",REPUBLICAN,WHITE,ACTIVE,"11/07/2006 GENERAL",11/7/2006
VEASEY,"VEASEY, LARRY WAYNE","135 LANTERN WAY",CARRBORO,NC,27510,135,"",LANTERN,"",WAY,"","",CARRBORO,NC,27510,51,MALE,CARRBORO,"56TH HOUSE",OWASA,"CHAPEL HILL",REPUBLICAN,WHITE,ACTIVE,"11/07/2006 GENERAL",11/7/2006
VERNON,"VERNON, CAMERON DAVID","180 BPW CLUB RD   #V1",CARRBORO,NC,27510,180,"","BPW CLUB","",RD,"",V1,CARRBORO,NC,27510,24,MALE,CARRBORO,"54TH HOUSE",DAMASCUS,"CHAPEL HILL",REPUBLICAN,WHITE,ACTIVE,"11/07/2006 GENERAL",11/7/2006
VICKERS,"VICKERS, DAISY HATLEY","105 SPRING VALLEY RD",CARRBORO,NC,27510,105,"","SPRING VALLEY","",RD,"","",CARRBORO,NC,27510,63,FEMALE,CARRBORO,"56TH HOUSE","NORTH CARRBORO","CHAPEL HILL",REPUBLICAN,WHITE,ACTIVE,"11/07/2006 GENERAL",11/7/2006
VICKERS,"VICKERS, JAMES EDWARD","105 SPRING VALLEY RD",CARRBORO,NC,27510,105,"","SPRING VALLEY","",RD,"","",CARRBORO,NC,27510,69,MALE,CARRBORO,"56TH HOUSE","NORTH CARRBORO","CHAPEL HILL",REPUBLICAN,WHITE,ACTIVE,"11/07/2006 GENERAL",11/7/2006
VILLANI,"VILLANI, LOLITA RODIER","119 FIDELITY ST",CARRBORO,NC,27510,119,"",FIDELITY,"",ST,"",A3,CARRBORO,NC,27510,77,FEMALE,CARRBORO,"56TH HOUSE","LIONS CLUB","CHAPEL HILL",REPUBLICAN,WHITE,ACTIVE,"11/07/2006 GENERAL",11/7/2006
VOGT,"VOGT, KENNETH","107 LILAC DR",CARRBORO,NC,27510,107,"",LILAC,"",DR,"","",CARRBORO,NC,27510,56,MALE,CARRBORO,"56TH HOUSE","LIONS CLUB","CHAPEL HILL",REPUBLICAN,WHITE,ACTIVE,"11/07/2006 GENERAL",11/7/2006
VRNAK,"VRNAK, THOMAS F","106 YEARGEN PL","CHAPEL HILL",NC,27516,106,"",YEARGEN,"",PL,"","","CHAPEL HILL",NC,27516,57,MALE,CARRBORO,"56TH HOUSE","NORTH CARRBORO","CHAPEL HILL",REPUBLICAN,WHITE,ACTIVE,"11/07/2006 GENERAL",11/7/2006
WADDELL,"WADDELL, LENNORE ANN","201 NC HWY 54 BYP   #304",CARRBORO,NC,27510,201,"","NC HWY 54","",BYP,"",304,CARRBORO,NC,27510,63,FEMALE,CARRBORO,"56TH HOUSE","LIONS CLUB","CHAPEL HILL",REPUBLICAN,WHITE,ACTIVE,"11/07/2006 GENERAL",11/7/2006
WAHLIN,"WAHLIN, JEANNE O","600 W POPLAR AVE #207",CARRBORO,NC,27510,600,W,POPLAR,"",AVE,"",207,CARRBORO,NC,27510,85,FEMALE,CARRBORO,"56TH HOUSE","LIONS CLUB","CHAPEL HILL",REPUBLICAN,WHITE,ACTIVE,"11/07/2006 GENERAL",11/7/2006
WALDEN,"WALDEN, MICHAEL","106 DOWNING CT","CHAPEL HILL",NC,27516,106,"",DOWNING,"",CT,"","","CHAPEL HILL",NC,27516,47,MALE,CARRBORO,"56TH HOUSE","NORTH CARRBORO","CHAPEL HILL",REPUBLICAN,WHITE,ACTIVE,"11/07/2006 GENERAL",11/7/2006
WALDEN,"WALDEN, NANCY LILLARD","106 DOWNING CT","CHAPEL HILL",NC,27516,106,"",DOWNING,"",CT,"","","CHAPEL HILL",NC,27516,45,FEMALE,CARRBORO,"56TH HOUSE","NORTH CARRBORO","CHAPEL HILL",REPUBLICAN,WHITE,ACTIVE,"11/07/2006 GENERAL",11/7/2006
WALTERS,"WALTERS, ROBERT CLYDE","118 CHEEK ST   #A",CARRBORO,NC,27510,118,"",CHEEK,"",ST,"",A,CARRBORO,NC,27510,51,MALE,CARRBORO,"56TH HOUSE",CARRBORO,"CHAPEL HILL",REPUBLICAN,WHITE,ACTIVE,"11/07/2006 GENERAL",11/7/2006
WARD,"WARD, CAROLYN JEAN HACKNEY","111 CHEEK ST",CARRBORO,NC,27510,111,"",CHEEK,"",ST,"","",CARRBORO,NC,27510,68,FEMALE,CARRBORO,"56TH HOUSE",CARRBORO,"CHAPEL HILL",REPUBLICAN,WHITE,ACTIVE,"11/07/2006 GENERAL",11/7/2006
WARNER,"WARNER, KEITH M","PO BOX 1433",CARRBORO,NC,27510,200,"","NC HWY 54","",BYP,"",G106,CARRBORO,NC,27510,29,MALE,CARRBORO,"56TH HOUSE","LIONS CLUB","CHAPEL HILL",REPUBLICAN,WHITE,ACTIVE,"11/07/2006 GENERAL",11/7/2006
WARSHANY,"WARSHANY, ROBERT WILLIAM","207 STRATFORD DR","CHAPEL HILL",NC,27516,207,"",STRATFORD,"",DR,"","","CHAPEL HILL",NC,27516,52,MALE,CARRBORO,"56TH HOUSE","NORTH CARRBORO","CHAPEL HILL",REPUBLICAN,WHITE,ACTIVE,"11/07/2006 GENERAL",11/7/2006
WATKINS,"WATKINS, ANNA CARLTON","112 NC HWY 54 BYP   #R4",CARRBORO,NC,27510,112,"","NC HWY 54","",BYP,"",R4,CARRBORO,NC,27510,24,FEMALE,CARRBORO,"56TH HOUSE","LIONS CLUB","CHAPEL HILL",REPUBLICAN,WHITE,ACTIVE,"11/07/2006 GENERAL",11/7/2006
WATRAL,"WATRAL, MELODY ANN","101 THOMAS LN   #E1",CARRBORO,NC,27510,101,"",THOMAS,"",LN,"",E1,CARRBORO,NC,27510,52,FEMALE,CARRBORO,"56TH HOUSE","TOWN HALL","CHAPEL HILL",REPUBLICAN,WHITE,ACTIVE,"11/07/2006 GENERAL",11/7/2006
WAYNE,"WAYNE, GLEN ALAN","106 COMMONS WAY DR","CHAPEL HILL",NC,27516,106,"","COMMONS WAY","",DR,"","","CHAPEL HILL",NC,27516,40,MALE,CARRBORO,"50TH HOUSE","HOGAN FARMS","CHAPEL HILL",REPUBLICAN,WHITE,ACTIVE,"11/07/2006 GENERAL",11/7/2006
WEATHERLY,"WEATHERLY, NORMAN F","101 HUNTER PL",CARRBORO,NC,27510,101,"",HUNTER,"",PL,"","",CARRBORO,NC,27510,75,MALE,CARRBORO,"56TH HOUSE",CARRBORO,"CHAPEL HILL",REPUBLICAN,WHITE,ACTIVE,"11/07/2006 GENERAL",11/7/2006
WEAVER,"WEAVER, PAUL JOSEPH","113 GARDEN GATE DR","CHAPEL HILL",NC,27516,113,"","GARDEN GATE","",DR,"","","CHAPEL HILL",NC,27516,44,MALE,CARRBORO,"56TH HOUSE","NORTH CARRBORO","CHAPEL HILL",REPUBLICAN,WHITE,ACTIVE,"11/07/2006 GENERAL",11/7/2006
WEBB,"WEBB, GARY COLEMAN","301 RAINBOW DR",CARRBORO,NC,27510,301,"",RAINBOW,"",DR,"","",CARRBORO,NC,27510,50,MALE,CARRBORO,"56TH HOUSE",CARRBORO,"CHAPEL HILL",REPUBLICAN,WHITE,ACTIVE,"11/07/2006 GENERAL",11/7/2006
WEBB,"WEBB, JACQUELYN BROOKE","301 RAINBOW DR",CARRBORO,NC,27510,301,"",RAINBOW,"",DR,"","",CARRBORO,NC,27510,20,FEMALE,CARRBORO,"56TH HOUSE",CARRBORO,"CHAPEL HILL",REPUBLICAN,WHITE,ACTIVE,"11/07/2006 GENERAL",11/7/2006
WEBB,"WEBB, KATHIE M","301 RAINBOW DR",CARRBORO,NC,27510,301,"",RAINBOW,"",DR,"","",CARRBORO,NC,27510,48,FEMALE,CARRBORO,"56TH HOUSE",CARRBORO,"CHAPEL HILL",REPUBLICAN,WHITE,ACTIVE,"11/07/2006 GENERAL",11/7/2006
WECK,"WECK, HELENE B","605 JONES FERRY RD   #VV-10",CARRBORO,NC,27510,605,"","JONES FERRY","",RD,"",VV-10,CARRBORO,NC,27510,59,FEMALE,CARRBORO,"56TH HOUSE",OWASA,"CHAPEL HILL",REPUBLICAN,WHITE,ACTIVE,"11/07/2006 GENERAL",11/7/2006
WECK,"WECK, WILLIAM JOSEPH","605 JONES FERRY RD   #VV-10",CARRBORO,NC,27510,605,"","JONES FERRY","",RD,"",VV-10,CARRBORO,NC,27510,68,MALE,CARRBORO,"56TH HOUSE",OWASA,"CHAPEL HILL",REPUBLICAN,WHITE,ACTIVE,"11/07/2006 GENERAL",11/7/2006
WEIGMAN,"WEIGMAN, VICTOR JOHN JR","1000 SMITH LEVEL RD   #E6",CARRBORO,NC,27510,1000,"","SMITH LEVEL","",RD,"",E6,CARRBORO,NC,27510,26,MALE,CARRBORO,"54TH HOUSE",DAMASCUS,"CHAPEL HILL",REPUBLICAN,WHITE,ACTIVE,"11/07/2006 GENERAL",11/7/2006
WELCH,"WELCH, GREGORY FRANCIS","317 WESTBROOK DR",CARRBORO,NC,27510,317,"",WESTBROOK,"",DR,"","",CARRBORO,NC,27510,42,MALE,CARRBORO,"56TH HOUSE",OWASA,"CHAPEL HILL",REPUBLICAN,WHITE,ACTIVE,"11/07/2006 GENERAL",11/7/2006
WELCH,"WELCH, LINDA ANNE","317 WESTBROOK DR",CARRBORO,NC,27510,317,"",WESTBROOK,"",DR,"","",CARRBORO,NC,27510,41,FEMALE,CARRBORO,"56TH HOUSE",OWASA,"CHAPEL HILL",REPUBLICAN,WHITE,ACTIVE,"11/07/2006 GENERAL",11/7/2006
WELCH,"WELCH, RACHEL TAVARES","106 SUDBURY LN","CHAPEL HILL",NC,27516,106,"",SUDBURY,"",LN,"","","CHAPEL HILL",NC,27516,33,FEMALE,CARRBORO,"56TH HOUSE","NORTH CARRBORO","CHAPEL HILL",REPUBLICAN,WHITE,ACTIVE,"11/07/2006 GENERAL",11/7/2006
WELDEN,"WELDEN, FRANCES K","103 CULBRETH RD   #311","CHAPEL HILL",NC,27516,103,"",CULBRETH,"",RD,"",311,"CHAPEL HILL",NC,27516,86,FEMALE,CARRBORO,"54TH HOUSE",DAMASCUS,"CHAPEL HILL",REPUBLICAN,WHITE,ACTIVE,"11/07/2006 GENERAL",11/7/2006
WELLER,"WELLER, CORINNA LYNN","605 JONES FERRY RD   #VV8",CARRBORO,NC,27510,605,"","JONES FERRY","",RD,"",VV8,CARRBORO,NC,27510,20,FEMALE,CARRBORO,"56TH HOUSE",OWASA,"CHAPEL HILL",REPUBLICAN,WHITE,ACTIVE,"11/07/2006 GENERAL",11/7/2006
WENDEL,"WENDEL, DEAN C","100 SUDBURY LN","CHAPEL HILL",NC,27516,100,"",SUDBURY,"",LN,"","","CHAPEL HILL",NC,27516,46,MALE,CARRBORO,"56TH HOUSE","NORTH CARRBORO","CHAPEL HILL",REPUBLICAN,WHITE,ACTIVE,"11/07/2006 GENERAL",11/7/2006
WENTZ,"WENTZ, VICTORIA A","118 SUDBURY LN","CHAPEL HILL",NC,27516,118,"",SUDBURY,"",LN,"","","CHAPEL HILL",NC,27516,55,FEMALE,CARRBORO,"56TH HOUSE","NORTH CARRBORO","CHAPEL HILL",REPUBLICAN,WHITE,ACTIVE,"11/07/2006 GENERAL",11/7/2006
WIDMAYER,"WIDMAYER, JEFFREY SCOTT","1000 SMITH LEVEL RD   #E-10",CARRBORO,NC,27510,1000,"","SMITH LEVEL","",RD,"",E-10,CARRBORO,NC,27510,32,MALE,CARRBORO,"54TH HOUSE",DAMASCUS,"CHAPEL HILL",REPUBLICAN,WHITE,ACTIVE,"11/07/2006 GENERAL",11/7/2006
WILKE,"WILKE, LEE GRAVATT","201 COMMONS WAY DR","CHAPEL HILL",NC,27516,201,"","COMMONS WAY","",DR,"","","CHAPEL HILL",NC,27516,39,FEMALE,CARRBORO,"50TH HOUSE","HOGAN FARMS","CHAPEL HILL",REPUBLICAN,WHITE,ACTIVE,"11/07/2006 GENERAL",11/7/2006
WILKE,"WILKE, NATHAN P","201 COMMONS WAY DR","CHAPEL HILL",NC,27516,201,"","COMMONS WAY","",DR,"","","CHAPEL HILL",NC,27516,45,MALE,CARRBORO,"50TH HOUSE","HOGAN FARMS","CHAPEL HILL",REPUBLICAN,WHITE,ACTIVE,"11/07/2006 GENERAL",11/7/2006
WILKINS,"WILKINS, CARL LEON","124 NORTH FIELDS CIR","CHAPEL HILL",NC,27516,124,"","NORTH FIELDS","",CIR,"","","CHAPEL HILL",NC,27516,62,MALE,CARRBORO,"50TH HOUSE","HOGAN FARMS","CHAPEL HILL",REPUBLICAN,WHITE,ACTIVE,"11/07/2006 GENERAL",11/7/2006
WILKINS,"WILKINS, CHARLOTTE ZEIGLER","124 NORTH FIELDS CIR","CHAPEL HILL",NC,27516,124,"","NORTH FIELDS","",CIR,"","","CHAPEL HILL",NC,27516,62,FEMALE,CARRBORO,"50TH HOUSE","HOGAN FARMS","CHAPEL HILL",REPUBLICAN,WHITE,ACTIVE,"11/07/2006 GENERAL",11/7/2006
WILLIAMS,"WILLIAMS, ARDEN","109 ELLSWORTH PL","CHAPEL HILL",NC,27516,109,"",ELLSWORTH,"",PL,"","","CHAPEL HILL",NC,27516,20,FEMALE,CARRBORO,"56TH HOUSE","NORTH CARRBORO","CHAPEL HILL",REPUBLICAN,WHITE,ACTIVE,"11/07/2006 GENERAL",11/7/2006
WILLIAMS,"WILLIAMS, GEORGE WAY II","109 ELLSWORTH PL","CHAPEL HILL",NC,27516,109,"",ELLSWORTH,"",PL,"","","CHAPEL HILL",NC,27516,52,MALE,CARRBORO,"56TH HOUSE","NORTH CARRBORO","CHAPEL HILL",REPUBLICAN,WHITE,ACTIVE,"11/07/2006 GENERAL",11/7/2006
WILLIAMS,"WILLIAMS, SHAWN D","109 ELLSWORTH PL","CHAPEL HILL",NC,27516,109,"",ELLSWORTH,"",PL,"","","CHAPEL HILL",NC,27516,53,FEMALE,CARRBORO,"56TH HOUSE","NORTH CARRBORO","CHAPEL HILL",REPUBLICAN,WHITE,ACTIVE,"11/07/2006 GENERAL",11/7/2006
WINSTON,"WINSTON, ROBERT LEE III","501 JONES FERRY RD   #AA4",CARRBORO,NC,27510,501,"","JONES FERRY","",RD,"",AA4,CARRBORO,NC,27510,44,MALE,CARRBORO,"56TH HOUSE",OWASA,"CHAPEL HILL",REPUBLICAN,WHITE,ACTIVE,"11/07/2006 GENERAL",11/7/2006
WITHAM,"WITHAM, GEORGE ARTHUR","206 PLEASANT DR",CARRBORO,NC,27510,206,"",PLEASANT,"",DR,"","",CARRBORO,NC,27510,60,MALE,CARRBORO,"56TH HOUSE","TOWN HALL","CHAPEL HILL",REPUBLICAN,WHITE,ACTIVE,"11/07/2006 GENERAL",11/7/2006
WOLFRAM,"WOLFRAM, ELIZABETH ROSE","1000 SMITH LEVEL RD   #E1",CARRBORO,NC,27510,1000,"","SMITH LEVEL","",RD,"",E1,CARRBORO,NC,27510,23,FEMALE,CARRBORO,"54TH HOUSE",DAMASCUS,"CHAPEL HILL",REPUBLICAN,WHITE,ACTIVE,"11/07/2006 GENERAL",11/7/2006
WOODGATES,"WOODGATES, SYLVIA LUCENA","200 AUTUMN DR","CHAPEL HILL",NC,27516,200,"",AUTUMN,"",DR,"","","CHAPEL HILL",NC,27516,91,FEMALE,CARRBORO,"56TH HOUSE","NORTH CARRBORO","CHAPEL HILL",REPUBLICAN,WHITE,ACTIVE,"11/07/2006 GENERAL",11/7/2006
WOODS,"WOODS, NADINE DEBALKO","PO BOX 17295","CHAPEL HILL",NC,27516,1309,"",HOMESTEAD,"",RD,"","","CHAPEL HILL",NC,27516,48,FEMALE,CARRBORO,"56TH HOUSE","NORTH CARRBORO","CHAPEL HILL",REPUBLICAN,WHITE,ACTIVE,"11/07/2006 GENERAL",11/7/2006
WOODS,"WOODS, ROBERT AUSTIN SR","PO BOX 17295","CHAPEL HILL",NC,27516,1309,"",HOMESTEAD,"",RD,"","","CHAPEL HILL",NC,27516,51,MALE,CARRBORO,"56TH HOUSE","NORTH CARRBORO","CHAPEL HILL",REPUBLICAN,WHITE,ACTIVE,"11/07/2006 GENERAL",11/7/2006
WOODWARD,"WOODWARD, JAMIE PAIGE","180 BPW CLUB RD   #T11",CARRBORO,NC,27510,180,"","BPW CLUB","",RD,"",T11,CARRBORO,NC,27510,22,FEMALE,CARRBORO,"54TH HOUSE",DAMASCUS,"CHAPEL HILL",REPUBLICAN,WHITE,ACTIVE,"11/07/2006 GENERAL",11/7/2006
WORTHINGTON,"WORTHINGTON, ERIN NICOLE","201 NC HWY 54 BYP   #112",CARRBORO,NC,27510,201,"","NC HWY 54","",BYP,"",112,CARRBORO,NC,27510,28,FEMALE,CARRBORO,"56TH HOUSE","LIONS CLUB","CHAPEL HILL",REPUBLICAN,WHITE,ACTIVE,"11/07/2006 GENERAL",11/7/2006
WRIGHT,"WRIGHT, DAVID LAMAR","107 HOGAN GLEN CT","CHAPEL HILL",NC,27516,107,"","HOGAN GLEN","",CT,"","","CHAPEL HILL",NC,27516,37,MALE,CARRBORO,"50TH HOUSE","HOGAN FARMS","CHAPEL HILL",REPUBLICAN,WHITE,ACTIVE,"11/07/2006 GENERAL",11/7/2006
YARBOROUGH,"YARBOROUGH, MICHAL ELLEN","601 JONES FERRY RD   #A20",CARRBORO,NC,27510,601,"","JONES FERRY","",RD,"",A20,CARRBORO,NC,27510,26,FEMALE,CARRBORO,"56TH HOUSE",OWASA,"CHAPEL HILL",REPUBLICAN,WHITE,ACTIVE,"11/07/2006 GENERAL",11/7/2006
YOUNG,"YOUNG, MARY JANE","8221 HUNTSMAN CT","CHAPEL HILL",NC,27516,8221,"",HUNTSMAN,"",CT,"","","CHAPEL HILL",NC,27516,79,FEMALE,CARRBORO,"50TH HOUSE","HOGAN FARMS","CHAPEL HILL",REPUBLICAN,WHITE,ACTIVE,"11/07/2006 GENERAL",11/7/2006
YOUNG,"YOUNG, MICHAEL ALAN","8402 STERLING BRIDGE RD","CHAPEL HILL",NC,27516,8402,"","STERLING BRIDGE","",RD,"","","CHAPEL HILL",NC,27516,50,MALE,CARRBORO,"50TH HOUSE","HOGAN FARMS","CHAPEL HILL",REPUBLICAN,WHITE,ACTIVE,"11/07/2006 GENERAL",11/7/2006
YOUNG,"YOUNG, PATRICIA GEIER","8402 STERLING BRIDGE RD","CHAPEL HILL",NC,27516,8402,"","STERLING BRIDGE","",RD,"","","CHAPEL HILL",NC,27516,48,FEMALE,CARRBORO,"50TH HOUSE","HOGAN FARMS","CHAPEL HILL",REPUBLICAN,WHITE,ACTIVE,"11/07/2006 GENERAL",11/7/2006
YUSIEWICZ,"YUSIEWICZ, JEFFREY J","101 SHADOW RIDGE PL","CHAPEL HILL",NC,27516,101,"","SHADOW RIDGE","",PL,"","","CHAPEL HILL",NC,27516,47,MALE,CARRBORO,"50TH HOUSE","HOGAN FARMS","CHAPEL HILL",REPUBLICAN,WHITE,ACTIVE,"11/07/2006 GENERAL",11/7/2006
ZIMMER,"ZIMMER, DOLORES B","127 WEATHERHILL PT",CARRBORO,NC,27510,127,"",WEATHERHILL,"",PT,"","",CARRBORO,NC,27510,77,FEMALE,CARRBORO,"56TH HOUSE",OWASA,"CHAPEL HILL",REPUBLICAN,WHITE,ACTIVE,"11/07/2006 GENERAL",11/7/2006
ZIMMER,"ZIMMER, JOANNE MARY","103 TANGLEWOOD LN",CARRBORO,NC,27510,103,"",TANGLEWOOD,"",LN,"","",CARRBORO,NC,27510,50,FEMALE,CARRBORO,"56TH HOUSE",OWASA,"CHAPEL HILL",REPUBLICAN,WHITE,ACTIVE,"11/07/2006 GENERAL",11/7/2006
ZIMMERMAN,"ZIMMERMAN, ERIC IREDELL","601 JONES FERRY RD   #F11",CARRBORO,NC,27510,601,"","JONES FERRY","",RD,"",F11,CARRBORO,NC,27510,24,MALE,CARRBORO,"56TH HOUSE",OWASA,"CHAPEL HILL",REPUBLICAN,WHITE,ACTIVE,"11/07/2006 GENERAL",11/7/2006
ZIMMERMAN,"ZIMMERMAN, SCOTT DAVID","302 WYNDHAM DR","CHAPEL HILL",NC,27516,302,"",WYNDHAM,"",DR,"","","CHAPEL HILL",NC,27516,44,MALE,CARRBORO,"56TH HOUSE","NORTH CARRBORO","CHAPEL HILL",REPUBLICAN,WHITE,ACTIVE,"11/07/2006 GENERAL",11/7/2006
ZORNICK,"ZORNICK, JOHN LAWRENCE","101 WILLIAM WHITE CT",CARRBORO,NC,27510,101,"","WILLIAM WHITE","",CT,"","",CARRBORO,NC,27510,44,MALE,CARRBORO,"56TH HOUSE","NORTH CARRBORO","CHAPEL HILL",REPUBLICAN,WHITE,ACTIVE,"11/07/2006 GENERAL",11/7/2006
